domain,method,n_groups,mean_reward,std,early_reward,late_reward,memory_count,positive_rate,harmful_rate,contamination,memory_efficiency,mean_tau
solo,agemem,9,0.0,0.816496580927726,-0.6666666666666666,0.0,3.0,0.2222222222222222,0.3333333333333333,0.1111111111111111,0.0,-0.1111111111111111
solo,full_memory,9,0.0,1.247219128924647,-1.0,0.0,4.555555555555555,0.3333333333333333,0.4444444444444444,0.0975609756097561,0.0,-0.1111111111111111
solo,heuristic,9,0.0,0.816496580927726,-0.6666666666666666,0.0,3.0,0.2222222222222222,0.3333333333333333,0.1111111111111111,0.0,-0.1111111111111111
solo,no_memory,9,0.1111111111111111,0.31426968052735443,0.3333333333333333,0.0,0.0,0.0,0.0,0.0,11.11111111111111,0.0
solo,reflexion,9,0.0,0.816496580927726,-0.6666666666666666,0.0,3.0,0.2222222222222222,0.3333333333333333,0.1111111111111111,0.0,-0.1111111111111111
solo,retrieval,9,0.0,0.816496580927726,-0.6666666666666666,0.0,3.0,0.2222222222222222,0.3333333333333333,0.1111111111111111,0.0,-0.1111111111111111
solo,smtr_tci,9,0.4444444444444444,0.6849348892187752,0.3333333333333333,0.0,0.3333333333333333,0.3333333333333333,0.0,0.0,1.3333333333333333,0.3333333333333333
small,agemem,23,0.391304347826087,0.7064381221422575,0.0,0.5555555555555556,2.652173913043478,0.08695652173913043,0.17391304347826086,0.06557377049180328,0.1475409836065574,-0.08695652173913043
small,full_memory,23,0.4782608695652174,1.1747179205309826,-0.2857142857142857,0.6666666666666666,4.086956521739131,0.30434782608695654,0.30434782608695654,0.07446808510638298,0.11702127659574467,0.0
small,heuristic,23,0.5652173913043478,0.7117698062497783,0.14285714285714285,0.6666666666666666,2.652173913043478,0.21739130434782608,0.13043478260869565,0.04918032786885246,0.21311475409836067,0.08695652173913043
small,no_memory,23,0.4782608695652174,0.4995271866554807,0.5714285714285714,0.4444444444444444,0.0,0.0,0.0,0.0,47.82608695652174,0.0
small,reflexion,23,0.5652173913043478,0.7117698062497783,0.14285714285714285,0.6666666666666666,2.652173913043478,0.21739130434782608,0.13043478260869565,0.04918032786885246,0.21311475409836067,0.08695652173913043
small,retrieval,23,0.43478260869565216,0.770436745507363,0.0,0.5555555555555556,2.652173913043478,0.13043478260869565,0.17391304347826086,0.06557377049180328,0.1639344262295082,-0.043478260869565216
small,smtr_tci,23,0.782608695652174,0.6565073421974564,0.5714285714285714,0.6666666666666666,0.30434782608695654,0.30434782608695654,0.0,0.0,2.571428571428571,0.30434782608695654
medium,agemem,38,0.3157894736842105,0.5183609369366371,0.23076923076923078,0.3333333333333333,2.8947368421052633,0.18421052631578946,0.18421052631578946,0.06363636363636363,0.10909090909090909,0.0
medium,full_memory,38,0.21052631578947367,1.0799097120359575,-0.07692307692307693,0.08333333333333333,4.815789473684211,0.2894736842105263,0.39473684210526316,0.08196721311475409,0.04371584699453552,-0.10526315789473684
medium,heuristic,38,0.2631578947368421,0.6359497880839249,0.07692307692307693,0.25,2.8947368421052633,0.18421052631578946,0.23684210526315788,0.08181818181818182,0.0909090909090909,-0.05263157894736842
medium,no_memory,38,0.3157894736842105,0.464829519280413,0.38461538461538464,0.3333333333333333,0.0,0.0,0.0,0.0,31.57894736842105,0.0
medium,reflexion,38,0.2631578947368421,0.6359497880839249,0.07692307692307693,0.25,2.8947368421052633,0.18421052631578946,0.23684210526315788,0.08181818181818182,0.0909090909090909,-0.05263157894736842
medium,retrieval,38,0.2894736842105263,0.7576936867835773,0.07692307692307693,0.25,2.8947368421052633,0.23684210526315788,0.2631578947368421,0.09090909090909091,0.1,-0.02631578947368421
medium,smtr_tci,38,0.5789473684210527,0.711986803077299,0.46153846153846156,0.6666666666666666,0.2631578947368421,0.2631578947368421,0.0,0.0,2.2,0.2631578947368421
large,agemem,28,0.6071428571428571,0.8999716548824395,0.6,0.75,2.892857142857143,0.25,0.21428571428571427,0.07407407407407407,0.20987654320987653,0.03571428571428571
large,full_memory,28,0.42857142857142855,1.5681784571500106,0.3,0.875,4.607142857142857,0.32142857142857145,0.4642857142857143,0.10077519379844961,0.09302325581395349,-0.14285714285714285
large,heuristic,28,0.6071428571428571,0.8167569018592338,0.7,0.625,2.892857142857143,0.21428571428571427,0.17857142857142858,0.06172839506172839,0.20987654320987653,0.03571428571428571
large,no_memory,28,0.5714285714285714,0.49487165930539356,0.6,0.5,0.0,0.0,0.0,0.0,57.14285714285714,0.0
large,reflexion,28,0.6071428571428571,0.8167569018592338,0.7,0.625,2.892857142857143,0.21428571428571427,0.17857142857142858,0.06172839506172839,0.20987654320987653,0.03571428571428571
large,retrieval,28,0.4642857142857143,1.0170736332784387,0.4,0.75,2.892857142857143,0.17857142857142858,0.2857142857142857,0.09876543209876543,0.16049382716049385,-0.10714285714285714
large,smtr_tci,28,0.8214285714285714,0.7584557350569751,0.9,0.875,0.25,0.25,0.0,0.0,3.2857142857142856,0.25
complex,agemem,20,0.45,0.5894913061275798,0.5,0.5,2.85,0.25,0.0,0.0,0.15789473684210525,0.25
complex,full_memory,20,0.55,0.7399324293474372,0.8333333333333334,0.625,4.5,0.4,0.05,0.011111111111111112,0.12222222222222223,0.35
complex,heuristic,20,0.45,0.5894913061275798,0.5,0.5,2.85,0.25,0.0,0.0,0.15789473684210525,0.25
complex,no_memory,20,0.2,0.4000000000000001,0.16666666666666666,0.25,0.0,0.0,0.0,0.0,20.0,0.0
complex,reflexion,20,0.45,0.5894913061275798,0.5,0.5,2.85,0.25,0.0,0.0,0.15789473684210525,0.25
complex,retrieval,20,0.5,0.5916079783099616,0.6666666666666666,0.5,2.85,0.3,0.0,0.0,0.17543859649122806,0.3
complex,smtr_tci,20,0.6,0.7348469228349533,0.8333333333333334,0.625,0.4,0.4,0.0,0.0,1.4999999999999998,0.4
