domain,task_id,seed,episode_id,team_reward,team_success,receiver_rewards,success,real_engine_executed,engine_duration_seconds,wall_seconds,exit_code,score
bargaining,82,0,9852984e0834302f8f1589f6,1.0,True,"{""agent1"": 1.0, ""agent2"": 1.0, ""agent3"": 1.0}",True,True,503.73,503.81,0,1.0
bargaining,82,1,696e5aa91db8794ada1d5e7e,1.0,True,"{""agent1"": 1.0, ""agent2"": 1.0, ""agent3"": 1.0}",True,True,268.9,268.98,0,1.0
bargaining,15,0,32405225b354bb1a1dfc0a35,1.0,True,"{""agent1"": 1.0, ""agent2"": 1.0, ""agent3"": 1.0}",True,True,106.58,106.64,0,1.0
bargaining,15,1,821bc8979719b2e3e18b273b,1.0,True,"{""agent1"": 1.0, ""agent2"": 1.0, ""agent3"": 1.0}",True,True,105.49,105.57,0,1.0
bargaining,4,0,c16b428b937469b8ef7deedb,1.0,True,"{""agent1"": 1.0, ""agent2"": 1.0, ""agent3"": 1.0}",True,True,630.37,630.47,0,1.0
bargaining,4,1,986350fd3a6aa5fb34a1cff7,1.0,True,"{""agent1"": 1.0, ""agent2"": 1.0, ""agent3"": 1.0}",True,True,629.14,629.24,0,1.0
bargaining,95,0,90ae11352e62631d2f92407d,1.0,True,"{""agent1"": 1.0, ""agent2"": 1.0, ""agent3"": 1.0}",True,True,106.97,107.03,0,1.0
bargaining,95,1,9324422d2e3eaa0d99040b41,1.0,True,"{""agent1"": 1.0, ""agent2"": 1.0, ""agent3"": 1.0}",True,True,304.44,304.51,0,1.0
bargaining,36,0,3c46e934e3f6f81765e0233b,1.0,True,"{""agent1"": 1.0, ""agent2"": 1.0, ""agent3"": 1.0}",True,True,169.11,169.18,0,1.0
bargaining,36,1,c2c9c6a8029259e1338ab5c3,1.0,True,"{""agent1"": 1.0, ""agent2"": 1.0, ""agent3"": 1.0}",True,True,170.06,170.14,0,1.0
bargaining,32,0,cf5475410529b7f603d8e6af,1.0,True,"{""agent1"": 1.0, ""agent2"": 1.0, ""agent3"": 1.0}",True,True,169.93,170.01,0,1.0
bargaining,32,1,5a86f1e08585f77dff6125e3,1.0,True,"{""agent1"": 1.0, ""agent2"": 1.0, ""agent3"": 1.0}",True,True,108.7,108.77,0,1.0
bargaining,29,0,8a0b8bfe9a1a41c74ced4c09,1.0,True,"{""agent1"": 1.0, ""agent2"": 1.0, ""agent3"": 1.0}",True,True,107.31,107.37,0,1.0
bargaining,29,1,c916e27fb4ee36dfafdc9de5,1.0,True,"{""agent1"": 1.0, ""agent2"": 1.0, ""agent3"": 1.0}",True,True,107.94,108.0,0,1.0
bargaining,18,0,baa84e8357c2f5a31e4601d3,1.0,True,"{""agent1"": 1.0, ""agent2"": 1.0, ""agent3"": 1.0}",True,True,106.0,106.07,0,1.0
bargaining,18,1,360d1cca3e0c3de524379516,1.0,True,"{""agent1"": 1.0, ""agent2"": 1.0, ""agent3"": 1.0}",True,True,106.67,106.73,0,1.0
bargaining,14,0,d4fdd0da8e97a1fd717e48f3,1.0,True,"{""agent1"": 1.0, ""agent2"": 1.0, ""agent3"": 1.0}",True,True,106.31,106.38,0,1.0
bargaining,14,1,50d6e760118b78af4346579b,1.0,True,"{""agent1"": 1.0, ""agent2"": 1.0, ""agent3"": 1.0}",True,True,106.56,106.63,0,1.0
bargaining,87,0,cf4e64da9c05c33b4caad553,1.0,True,"{""agent1"": 1.0, ""agent2"": 1.0, ""agent3"": 1.0}",True,True,502.52,502.61,0,1.0
bargaining,87,1,01ee1ae94dbca8f9ffdeee6d,1.0,True,"{""agent1"": 1.0, ""agent2"": 1.0, ""agent3"": 1.0}",True,True,567.29,567.39,0,1.0
bargaining,70,0,474790b23c39e1ba1a269122,1.0,True,"{""agent1"": 1.0, ""agent2"": 1.0, ""agent3"": 1.0}",True,True,499.75,499.84,0,1.0
bargaining,70,1,ec302424e85cea9fae43aed3,1.0,True,"{""agent1"": 1.0, ""agent2"": 1.0, ""agent3"": 1.0}",True,True,502.21,502.29,0,1.0
bargaining,12,0,9d6e32df6125af5d899cd66f,1.0,True,"{""agent1"": 1.0, ""agent2"": 1.0, ""agent3"": 1.0}",True,True,206.48,206.55,0,1.0
bargaining,12,1,b64202e3abb3bdca8fdcf32c,1.0,True,"{""agent1"": 1.0, ""agent2"": 1.0, ""agent3"": 1.0}",True,True,695.0,695.13,0,1.0
bargaining,76,0,60e0509a6dd24672a2ebe507,1.0,True,"{""agent1"": 1.0, ""agent2"": 1.0, ""agent3"": 1.0}",True,True,106.43,106.51,0,1.0
bargaining,76,1,5b6e89e80b3c540af39b3b8c,1.0,True,"{""agent1"": 1.0, ""agent2"": 1.0, ""agent3"": 1.0}",True,True,107.2,107.27,0,1.0
bargaining,55,0,df59c6a80ed946869fe263c1,1.0,True,"{""agent1"": 1.0, ""agent2"": 1.0, ""agent3"": 1.0}",True,True,269.52,269.6,0,1.0
bargaining,55,1,67ef051e8a0869f706e4d926,1.0,True,"{""agent1"": 1.0, ""agent2"": 1.0, ""agent3"": 1.0}",True,True,106.22,106.29,0,1.0
bargaining,5,0,19fecde0db8f05bebcab70bd,1.0,True,"{""agent1"": 1.0, ""agent2"": 1.0, ""agent3"": 1.0}",True,True,106.52,106.59,0,1.0
bargaining,5,1,007b2c1bad157cf05a31ca26,1.0,True,"{""agent1"": 1.0, ""agent2"": 1.0, ""agent3"": 1.0}",True,True,106.43,106.49,0,1.0
bargaining,28,0,e9a867db7ce680a7fa2868c1,1.0,True,"{""agent1"": 1.0, ""agent2"": 1.0, ""agent3"": 1.0}",True,True,307.17,307.24,0,1.0
bargaining,28,1,036692e93170ab829c8a259f,1.0,True,"{""agent1"": 1.0, ""agent2"": 1.0, ""agent3"": 1.0}",True,True,207.5,207.57,0,1.0
bargaining,30,0,14292ce74c5ac2f6b3da0522,1.0,True,"{""agent1"": 1.0, ""agent2"": 1.0, ""agent3"": 1.0}",True,True,107.05,107.11,0,1.0
bargaining,30,1,04a4dd394474267a2c4d0188,1.0,True,"{""agent1"": 1.0, ""agent2"": 1.0, ""agent3"": 1.0}",True,True,207.53,207.6,0,1.0
bargaining,65,0,239405982be3c93f4ee5c924,1.0,True,"{""agent1"": 1.0, ""agent2"": 1.0, ""agent3"": 1.0}",True,True,330.7,330.79,0,1.0
bargaining,65,1,03ac37fe7bd2ee8b12ce325f,1.0,True,"{""agent1"": 1.0, ""agent2"": 1.0, ""agent3"": 1.0}",True,True,591.61,591.71,0,1.0
bargaining,78,0,bfaa8c9477c446afc6db2463,1.0,True,"{""agent1"": 1.0, ""agent2"": 1.0, ""agent3"": 1.0}",True,True,271.91,271.98,0,1.0
bargaining,78,1,c709ac0ae389a5808393f1de,1.0,True,"{""agent1"": 1.0, ""agent2"": 1.0, ""agent3"": 1.0}",True,True,367.45,367.55,0,1.0
bargaining,72,0,250316e16871b3a940b85a08,1.0,True,"{""agent1"": 1.0, ""agent2"": 1.0, ""agent3"": 1.0}",True,True,696.22,696.32,0,1.0
bargaining,72,1,0873799cc753fc1b0a1157f1,1.0,True,"{""agent1"": 1.0, ""agent2"": 1.0, ""agent3"": 1.0}",True,True,759.8,759.93,0,1.0
coding,26,0,a68f5faacf1e42508f70a4fa,1.0,True,"{""agent1"": 1.0, ""agent2"": 1.0, ""agent3"": 1.0}",True,True,189.18,189.25,0,1.0
coding,26,1,532404ea8b60915585f23dbd,1.0,True,"{""agent1"": 1.0, ""agent2"": 1.0, ""agent3"": 1.0}",True,True,181.84,181.9,0,1.0
coding,92,0,af7f13ba4b1d63146cf0f9c5,1.0,True,"{""agent1"": 1.0, ""agent2"": 1.0, ""agent3"": 1.0}",True,True,201.81,201.89,0,1.0
coding,92,1,469a65414807e02c56fad317,1.0,True,"{""agent1"": 1.0, ""agent2"": 1.0, ""agent3"": 1.0}",True,True,193.44,193.52,0,1.0
coding,84,0,d3830ffa0235fe40f1168511,1.0,True,"{""agent1"": 1.0, ""agent2"": 1.0, ""agent3"": 1.0}",True,True,233.1,233.17,0,1.0
coding,84,1,04ef17840bda7884dca80852,1.0,True,"{""agent1"": 1.0, ""agent2"": 1.0, ""agent3"": 1.0}",True,True,207.01,207.08,0,1.0
coding,90,0,58b167b3128a730663cd63c8,1.0,True,"{""agent1"": 1.0, ""agent2"": 1.0, ""agent3"": 1.0}",True,True,179.72,179.8,0,1.0
coding,90,1,22c63dda3380f86edff3e711,1.0,True,"{""agent1"": 1.0, ""agent2"": 1.0, ""agent3"": 1.0}",True,True,188.51,188.58,0,1.0
coding,70,0,116cc7cf37c243434c165a01,1.0,True,"{""agent1"": 1.0, ""agent2"": 1.0, ""agent3"": 1.0}",True,True,229.38,229.45,0,1.0
coding,70,1,fe8288a913c8b7ed4e1ec55b,1.0,True,"{""agent1"": 1.0, ""agent2"": 1.0, ""agent3"": 1.0}",True,True,226.48,226.56,0,1.0
coding,54,0,1dd22513685e9973a4bc8c08,1.0,True,"{""agent1"": 1.0, ""agent2"": 1.0, ""agent3"": 1.0}",True,True,185.83,185.89,0,1.0
coding,54,1,89b9a2750af8e3ff6238ea12,1.0,True,"{""agent1"": 1.0, ""agent2"": 1.0, ""agent3"": 1.0}",True,True,198.0,198.07,0,1.0
coding,29,0,ecfc89d9d3723d98f0383a4d,1.0,True,"{""agent1"": 1.0, ""agent2"": 1.0, ""agent3"": 1.0}",True,True,197.93,197.99,0,1.0
coding,29,1,77e4e95f0e4777c9ea418f6d,1.0,True,"{""agent1"": 1.0, ""agent2"": 1.0, ""agent3"": 1.0}",True,True,182.33,182.4,0,1.0
coding,58,0,adbcbda6644b60099615b1f9,1.0,True,"{""agent1"": 1.0, ""agent2"": 1.0, ""agent3"": 1.0}",True,True,213.53,213.6,0,1.0
coding,58,1,95d76aa83533671500edc27c,1.0,True,"{""agent1"": 1.0, ""agent2"": 1.0, ""agent3"": 1.0}",True,True,203.8,203.87,0,1.0
coding,76,0,fe76d630fea2e398de4709a3,1.0,True,"{""agent1"": 1.0, ""agent2"": 1.0, ""agent3"": 1.0}",True,True,242.11,242.18,0,1.0
coding,76,1,83c0a5525fb005f91eddb5aa,1.0,True,"{""agent1"": 1.0, ""agent2"": 1.0, ""agent3"": 1.0}",True,True,238.25,238.32,0,1.0
coding,36,0,726588b7a976fdc1055c173f,1.0,True,"{""agent1"": 1.0, ""agent2"": 1.0, ""agent3"": 1.0}",True,True,202.91,202.97,0,1.0
coding,36,1,961610f700fec3cdd1804920,1.0,True,"{""agent1"": 1.0, ""agent2"": 1.0, ""agent3"": 1.0}",True,True,202.8,202.87,0,1.0
coding,1,0,b282d0bbcdf5c92807903cab,1.0,True,"{""agent1"": 1.0, ""agent2"": 1.0, ""agent3"": 1.0}",True,True,216.54,216.61,0,1.0
coding,1,1,2e34d93a32c357a320d9cffe,1.0,True,"{""agent1"": 1.0, ""agent2"": 1.0, ""agent3"": 1.0}",True,True,235.09,235.16,0,1.0
coding,98,0,8023cd5deedafb3d214412d5,1.0,True,"{""agent1"": 1.0, ""agent2"": 1.0, ""agent3"": 1.0}",True,True,195.86,195.94,0,1.0
coding,98,1,0a680b5bb6fed2fc6b4ee11f,1.0,True,"{""agent1"": 1.0, ""agent2"": 1.0, ""agent3"": 1.0}",True,True,173.75,173.81,0,1.0
coding,21,0,790017803c0e9f94dcb854ae,1.0,True,"{""agent1"": 1.0, ""agent2"": 1.0, ""agent3"": 1.0}",True,True,210.45,210.52,0,1.0
coding,21,1,63b4082e3144625f7a6c14c7,1.0,True,"{""agent1"": 1.0, ""agent2"": 1.0, ""agent3"": 1.0}",True,True,218.28,218.34,0,1.0
coding,55,0,4d59fb1d8e064e9fa0bbfcbd,1.0,True,"{""agent1"": 1.0, ""agent2"": 1.0, ""agent3"": 1.0}",True,True,220.4,220.48,0,1.0
coding,55,1,211f48a1e855c8ae4cc88371,1.0,True,"{""agent1"": 1.0, ""agent2"": 1.0, ""agent3"": 1.0}",True,True,187.37,187.45,0,1.0
coding,44,0,c0e620b99bb35834bf15641a,1.0,True,"{""agent1"": 1.0, ""agent2"": 1.0, ""agent3"": 1.0}",True,True,215.31,215.38,0,1.0
coding,44,1,21b00c0bb80dcf85559970d1,1.0,True,"{""agent1"": 1.0, ""agent2"": 1.0, ""agent3"": 1.0}",True,True,216.34,216.41,0,1.0
coding,20,0,20d026aa7a951614a235b90a,1.0,True,"{""agent1"": 1.0, ""agent2"": 1.0, ""agent3"": 1.0}",True,True,196.32,196.38,0,1.0
coding,20,1,0736cebe13bbe994ba79a11a,1.0,True,"{""agent1"": 1.0, ""agent2"": 1.0, ""agent3"": 1.0}",True,True,194.53,194.6,0,1.0
coding,28,0,40f63c70eb557331a4d3c900,1.0,True,"{""agent1"": 1.0, ""agent2"": 1.0, ""agent3"": 1.0}",True,True,242.88,242.96,0,1.0
coding,28,1,75e11d5b95d3849145607ee6,1.0,True,"{""agent1"": 1.0, ""agent2"": 1.0, ""agent3"": 1.0}",True,True,237.41,237.49,0,1.0
coding,14,0,26683519844bd7bb9d3c759d,1.0,True,"{""agent1"": 1.0, ""agent2"": 1.0, ""agent3"": 1.0}",True,True,209.81,209.88,0,1.0
coding,14,1,3bd0de6a8aa2f8919c6dc962,1.0,True,"{""agent1"": 1.0, ""agent2"": 1.0, ""agent3"": 1.0}",True,True,213.57,213.64,0,1.0
coding,12,0,b583a02da8c940b004d2ade7,1.0,True,"{""agent1"": 1.0, ""agent2"": 1.0, ""agent3"": 1.0}",True,True,203.29,203.36,0,1.0
coding,12,1,00277b540950d5189eb1534b,1.0,True,"{""agent1"": 1.0, ""agent2"": 1.0, ""agent3"": 1.0}",True,True,196.43,196.5,0,1.0
coding,49,0,0deb6567dc1d6b7a143cc308,1.0,True,"{""agent1"": 1.0, ""agent2"": 1.0, ""agent3"": 1.0}",True,True,226.56,226.63,0,1.0
coding,49,1,08f507ac3e82f402c4167528,1.0,True,"{""agent1"": 1.0, ""agent2"": 1.0, ""agent3"": 1.0}",True,True,173.74,173.81,0,1.0
database,13,0,70b02e2436b7ed36b715dd12,1.0,True,"{""agent1"": 1.0, ""agent2"": 1.0, ""agent3"": 1.0}",True,True,196.95,197.03,0,1.0
database,13,1,56cec34c6e255da0ff688659,1.0,True,"{""agent1"": 1.0, ""agent2"": 1.0, ""agent3"": 1.0}",True,True,200.76,200.84,0,1.0
database,46,0,95828ab1496f0336d027d253,1.0,True,"{""agent1"": 1.0, ""agent2"": 1.0, ""agent3"": 1.0}",True,True,194.15,194.22,0,1.0
database,46,1,6d594780c7fd0a5bcf4de471,1.0,True,"{""agent1"": 1.0, ""agent2"": 1.0, ""agent3"": 1.0}",True,True,195.14,195.22,0,1.0
database,45,0,522eb61619386805654bf351,1.0,True,"{""agent1"": 1.0, ""agent2"": 1.0, ""agent3"": 1.0}",True,True,202.27,202.35,0,1.0
database,45,1,1e1c6b0e4b4616e0b9c18179,1.0,True,"{""agent1"": 1.0, ""agent2"": 1.0, ""agent3"": 1.0}",True,True,203.34,203.42,0,1.0
database,78,0,1a8f283c34e88bef9ddf0954,1.0,True,"{""agent1"": 1.0, ""agent2"": 1.0, ""agent3"": 1.0}",True,True,206.46,206.54,0,1.0
database,78,1,76a7a975772f82e5c33c17f6,1.0,True,"{""agent1"": 1.0, ""agent2"": 1.0, ""agent3"": 1.0}",True,True,203.56,203.63,0,1.0
database,34,0,d675fd00d94dff97503db9b9,1.0,True,"{""agent1"": 1.0, ""agent2"": 1.0, ""agent3"": 1.0}",True,True,202.95,203.03,0,1.0
database,34,1,fab21402f98b36b53e8b9a71,1.0,True,"{""agent1"": 1.0, ""agent2"": 1.0, ""agent3"": 1.0}",True,True,204.29,204.36,0,1.0
database,6,0,d0dd0f25af5d761b628f60ce,1.0,True,"{""agent1"": 1.0, ""agent2"": 1.0, ""agent3"": 1.0}",True,True,199.89,199.96,0,1.0
database,6,1,28ff3c5768ccb643e465bb0d,1.0,True,"{""agent1"": 1.0, ""agent2"": 1.0, ""agent3"": 1.0}",True,True,199.14,199.22,0,1.0
database,94,0,c472b453579dbc80078d3f27,1.0,True,"{""agent1"": 1.0, ""agent2"": 1.0, ""agent3"": 1.0}",True,True,199.26,199.35,0,1.0
database,94,1,985d7dc958386b5030766af7,1.0,True,"{""agent1"": 1.0, ""agent2"": 1.0, ""agent3"": 1.0}",True,True,206.68,206.75,0,1.0
database,59,0,30f97726f90ed40cf350b5dd,1.0,True,"{""agent1"": 1.0, ""agent2"": 1.0, ""agent3"": 1.0}",True,True,208.15,208.23,0,1.0
database,59,1,ac16ea87d2daad0b988b09f2,1.0,True,"{""agent1"": 1.0, ""agent2"": 1.0, ""agent3"": 1.0}",True,True,202.65,202.72,0,1.0
database,69,0,8358077572d1723753d0f1f4,1.0,True,"{""agent1"": 1.0, ""agent2"": 1.0, ""agent3"": 1.0}",True,True,202.65,202.73,0,1.0
database,69,1,9aa2e34c4d8bf4e041fd597e,1.0,True,"{""agent1"": 1.0, ""agent2"": 1.0, ""agent3"": 1.0}",True,True,204.37,204.45,0,1.0
database,16,0,f590bb26c2274bbffacb6c91,1.0,True,"{""agent1"": 1.0, ""agent2"": 1.0, ""agent3"": 1.0}",True,True,202.72,202.82,0,1.0
database,16,1,0bf05745760c9f7ddd338244,1.0,True,"{""agent1"": 1.0, ""agent2"": 1.0, ""agent3"": 1.0}",True,True,199.03,199.13,0,1.0
database,49,0,8c85a1265f1bb85147214f10,1.0,True,"{""agent1"": 1.0, ""agent2"": 1.0, ""agent3"": 1.0}",True,True,202.82,202.9,0,1.0
database,49,1,b976d250fe9aeb81e6c27ba6,1.0,True,"{""agent1"": 1.0, ""agent2"": 1.0, ""agent3"": 1.0}",True,True,200.2,200.28,0,1.0
database,11,0,9b5ef5394158f52d95ce6638,1.0,True,"{""agent1"": 1.0, ""agent2"": 1.0, ""agent3"": 1.0}",True,True,217.81,217.89,0,1.0
database,11,1,c5326361a1dce03bd9e84546,1.0,True,"{""agent1"": 1.0, ""agent2"": 1.0, ""agent3"": 1.0}",True,True,197.55,197.63,0,1.0
database,71,0,1dcafbd1f75d52e50f48ad2f,1.0,True,"{""agent1"": 1.0, ""agent2"": 1.0, ""agent3"": 1.0}",True,True,201.91,201.99,0,1.0
database,71,1,92ab2f62870c3c1e40d8ccb0,1.0,True,"{""agent1"": 1.0, ""agent2"": 1.0, ""agent3"": 1.0}",True,True,214.66,214.74,0,1.0
database,38,0,cc90e8e2de8fbed2362f0c28,1.0,True,"{""agent1"": 1.0, ""agent2"": 1.0, ""agent3"": 1.0}",True,True,196.78,196.86,0,1.0
database,38,1,35913a4c29a88feff35e72aa,1.0,True,"{""agent1"": 1.0, ""agent2"": 1.0, ""agent3"": 1.0}",True,True,196.6,196.67,0,1.0
database,81,0,325270253d0cbc5287effc9c,1.0,True,"{""agent1"": 1.0, ""agent2"": 1.0, ""agent3"": 1.0}",True,True,204.23,204.3,0,1.0
database,81,1,deab31a95a6b2dfe0c64b963,1.0,True,"{""agent1"": 1.0, ""agent2"": 1.0, ""agent3"": 1.0}",True,True,196.47,196.55,0,1.0
database,80,0,d883dd8450dfae604aed0fe2,1.0,True,"{""agent1"": 1.0, ""agent2"": 1.0, ""agent3"": 1.0}",True,True,199.99,200.07,0,1.0
database,80,1,11cf0a1d2ee2113046ef3aec,1.0,True,"{""agent1"": 1.0, ""agent2"": 1.0, ""agent3"": 1.0}",True,True,203.94,204.01,0,1.0
database,47,0,79ea115cbc67cdce6de96ec6,1.0,True,"{""agent1"": 1.0, ""agent2"": 1.0, ""agent3"": 1.0}",True,True,198.49,198.57,0,1.0
database,47,1,7c6687d77a57c85b0a30e1a6,1.0,True,"{""agent1"": 1.0, ""agent2"": 1.0, ""agent3"": 1.0}",True,True,198.91,199.01,0,1.0
database,74,0,5c3a510bf09803f46ab4f2b5,1.0,True,"{""agent1"": 1.0, ""agent2"": 1.0, ""agent3"": 1.0}",True,True,198.89,198.97,0,1.0
database,74,1,641f87a31225a4416e6c2b88,1.0,True,"{""agent1"": 1.0, ""agent2"": 1.0, ""agent3"": 1.0}",True,True,202.94,203.02,0,1.0
database,25,0,5c089f90071a9abb4a9b2c5e,1.0,True,"{""agent1"": 1.0, ""agent2"": 1.0, ""agent3"": 1.0}",True,True,197.26,197.35,0,1.0
database,25,1,2d38afb274bd30c8c71256e8,1.0,True,"{""agent1"": 1.0, ""agent2"": 1.0, ""agent3"": 1.0}",True,True,203.47,203.56,0,1.0
database,91,0,d7012c98331a4ccd63a4ba0e,1.0,True,"{""agent1"": 1.0, ""agent2"": 1.0, ""agent3"": 1.0}",True,True,213.6,213.69,0,1.0
database,91,1,ce8df6e7de358c7e6c3a00c8,1.0,True,"{""agent1"": 1.0, ""agent2"": 1.0, ""agent3"": 1.0}",True,True,196.97,197.05,0,1.0
minecraft,9,0,e08c02f586f2d1d33933564c,1.0,True,"{""agent1"": 1.0, ""agent2"": 1.0, ""agent3"": 1.0}",True,True,353.81,353.98,0,1.0
minecraft,9,1,b8cc47018d6364bd9e96ce62,1.0,True,"{""agent1"": 1.0, ""agent2"": 1.0, ""agent3"": 1.0}",True,True,409.52,409.71,0,1.0
minecraft,6,0,1475fc461ac43d9aedc66b93,1.0,True,"{""agent1"": 1.0, ""agent2"": 1.0, ""agent3"": 1.0}",True,True,366.13,366.3,0,1.0
minecraft,6,1,cf598a319c8a3686406f46d0,1.0,True,"{""agent1"": 1.0, ""agent2"": 1.0, ""agent3"": 1.0}",True,True,365.18,365.36,0,1.0
minecraft,85,0,0ec05bac96af40a0f80601ce,1.0,True,"{""agent1"": 1.0, ""agent2"": 1.0, ""agent3"": 1.0}",True,True,416.25,416.44,0,1.0
minecraft,85,1,b6cf3c324134278d697dc829,1.0,True,"{""agent1"": 1.0, ""agent2"": 1.0, ""agent3"": 1.0}",True,True,363.89,364.1,0,1.0
minecraft,30,0,7e00f7005deffb31b1dc2493,1.0,True,"{""agent1"": 1.0, ""agent2"": 1.0, ""agent3"": 1.0}",True,True,346.4,346.58,0,1.0
minecraft,30,1,4792cffc087ea8e8903320f6,1.0,True,"{""agent1"": 1.0, ""agent2"": 1.0, ""agent3"": 1.0}",True,True,387.32,387.5,0,1.0
minecraft,99,0,024cddc7a81b1dc016ff4b81,1.0,True,"{""agent1"": 1.0, ""agent2"": 1.0, ""agent3"": 1.0}",True,True,410.48,410.69,0,1.0
minecraft,99,1,851a57c11afad7af179d4409,1.0,True,"{""agent1"": 1.0, ""agent2"": 1.0, ""agent3"": 1.0}",True,True,345.83,346.02,0,1.0
minecraft,38,0,9fdd0242f9f8806dcaa5feed,1.0,True,"{""agent1"": 1.0, ""agent2"": 1.0, ""agent3"": 1.0}",True,True,405.21,405.44,0,1.0
minecraft,38,1,4edee52bf3c7649700f63e0e,1.0,True,"{""agent1"": 1.0, ""agent2"": 1.0, ""agent3"": 1.0}",True,True,387.54,387.71,0,1.0
minecraft,11,0,719f5a51e6387df7da267f62,1.0,True,"{""agent1"": 1.0, ""agent2"": 1.0, ""agent3"": 1.0}",True,True,367.63,367.85,0,1.0
minecraft,11,1,1ca75705ec221fdcd3a07573,1.0,True,"{""agent1"": 1.0, ""agent2"": 1.0, ""agent3"": 1.0}",True,True,419.07,419.26,0,1.0
minecraft,13,0,c9da1357a0b7a787f061ceaf,1.0,True,"{""agent1"": 1.0, ""agent2"": 1.0, ""agent3"": 1.0}",True,True,426.89,427.12,0,1.0
minecraft,13,1,e38f48a62dbb77100bdbbdb5,1.0,True,"{""agent1"": 1.0, ""agent2"": 1.0, ""agent3"": 1.0}",True,True,573.0,573.31,0,1.0
minecraft,49,0,57e583d9aca2680052367110,1.0,True,"{""agent1"": 1.0, ""agent2"": 1.0, ""agent3"": 1.0}",True,True,341.31,341.47,0,1.0
minecraft,49,1,2b59b947d6784367d79afced,1.0,True,"{""agent1"": 1.0, ""agent2"": 1.0, ""agent3"": 1.0}",True,True,443.35,443.55,0,1.0
minecraft,36,0,582ed74ce126382e164908ea,1.0,True,"{""agent1"": 1.0, ""agent2"": 1.0, ""agent3"": 1.0}",True,True,418.14,418.33,0,1.0
minecraft,36,1,372e2509e5c601ea59d1c6c9,1.0,True,"{""agent1"": 1.0, ""agent2"": 1.0, ""agent3"": 1.0}",True,True,320.57,320.73,0,1.0
minecraft,59,0,08d00fe003fba511688173e3,1.0,True,"{""agent1"": 1.0, ""agent2"": 1.0, ""agent3"": 1.0}",True,True,310.52,310.7,0,1.0
minecraft,59,1,a4cc51b85eeb14f59736fec1,1.0,True,"{""agent1"": 1.0, ""agent2"": 1.0, ""agent3"": 1.0}",True,True,426.49,426.69,0,1.0
minecraft,82,0,aa21c143a54ef17fa38291e8,1.0,True,"{""agent1"": 1.0, ""agent2"": 1.0, ""agent3"": 1.0}",True,True,346.27,346.44,0,1.0
minecraft,82,1,a8357b6b0f6749b80e5d4e55,1.0,True,"{""agent1"": 1.0, ""agent2"": 1.0, ""agent3"": 1.0}",True,True,412.66,412.86,0,1.0
minecraft,47,0,6ac580744fe89fea02817a7c,1.0,True,"{""agent1"": 1.0, ""agent2"": 1.0, ""agent3"": 1.0}",True,True,350.87,351.02,0,1.0
minecraft,47,1,3a6bca75de27e49153a819c9,1.0,True,"{""agent1"": 1.0, ""agent2"": 1.0, ""agent3"": 1.0}",True,True,380.76,380.92,0,1.0
minecraft,21,0,2ca7b67fc9cf1cdabfa8a7e5,1.0,True,"{""agent1"": 1.0, ""agent2"": 1.0, ""agent3"": 1.0}",True,True,325.62,325.78,0,1.0
minecraft,21,1,ec4909a10788336676938848,1.0,True,"{""agent1"": 1.0, ""agent2"": 1.0, ""agent3"": 1.0}",True,True,380.92,381.09,0,1.0
minecraft,48,0,10749f62e7a7dc3f0eff3d11,1.0,True,"{""agent1"": 1.0, ""agent2"": 1.0, ""agent3"": 1.0}",True,True,290.39,290.52,0,1.0
minecraft,48,1,e8f39823ea46e59d95e01c0b,1.0,True,"{""agent1"": 1.0, ""agent2"": 1.0, ""agent3"": 1.0}",True,True,389.42,389.61,0,1.0
minecraft,46,0,0d68782474e6b0353a458796,1.0,True,"{""agent1"": 1.0, ""agent2"": 1.0, ""agent3"": 1.0}",True,True,451.1,451.32,0,1.0
minecraft,46,1,3b5c30d9b65a45b6862f5a65,1.0,True,"{""agent1"": 1.0, ""agent2"": 1.0, ""agent3"": 1.0}",True,True,452.23,452.52,0,1.0
minecraft,27,0,e7333e86b433f0691f15d8f8,1.0,True,"{""agent1"": 1.0, ""agent2"": 1.0, ""agent3"": 1.0}",True,True,581.73,582.03,0,1.0
minecraft,27,1,1bf870b993b68eac70cd754f,1.0,True,"{""agent1"": 1.0, ""agent2"": 1.0, ""agent3"": 1.0}",True,True,394.61,394.79,0,1.0
minecraft,86,0,e89707aaf88eaf7b2b26bda3,1.0,True,"{""agent1"": 1.0, ""agent2"": 1.0, ""agent3"": 1.0}",True,True,437.17,437.37,0,1.0
minecraft,86,1,3434e44eface86b92144c066,1.0,True,"{""agent1"": 1.0, ""agent2"": 1.0, ""agent3"": 1.0}",True,True,440.94,441.13,0,1.0
minecraft,35,0,460f9ffac01eec5ea8068371,1.0,True,"{""agent1"": 1.0, ""agent2"": 1.0, ""agent3"": 1.0}",True,True,360.58,360.74,0,1.0
minecraft,35,1,ed9a352031b010629b365df5,1.0,True,"{""agent1"": 1.0, ""agent2"": 1.0, ""agent3"": 1.0}",True,True,362.0,362.18,0,1.0
minecraft,90,0,ec1f1c085050e56f5d80f60e,1.0,True,"{""agent1"": 1.0, ""agent2"": 1.0, ""agent3"": 1.0}",True,True,381.26,381.44,0,1.0
minecraft,90,1,78798997dc913fe9f5b391bd,1.0,True,"{""agent1"": 1.0, ""agent2"": 1.0, ""agent3"": 1.0}",True,True,534.79,535.06,0,1.0
research,88,0,df633fa5e37919b286662526,1.0,True,"{""agent1"": 1.0, ""agent2"": 1.0, ""agent3"": 1.0}",True,True,284.94,285.08,0,1.0
research,88,1,da0d1b38a11ee0f3bbda4f19,1.0,True,"{""agent1"": 1.0, ""agent2"": 1.0, ""agent3"": 1.0}",True,True,265.39,265.5,0,1.0
research,83,0,e40dd839756ba516289e69eb,0.0,False,"{""agent1"": 0.0, ""agent2"": 0.0, ""agent3"": 0.0}",False,True,38.77,38.83,1,0.0
research,83,1,95cdcb831f198458e03322c0,0.0,False,"{""agent1"": 0.0, ""agent2"": 0.0, ""agent3"": 0.0}",False,True,38.78,38.84,1,0.0
research,10,0,7b40516f03ae8a9af017299f,1.0,True,"{""agent1"": 1.0, ""agent2"": 1.0, ""agent3"": 1.0}",True,True,402.58,402.77,0,1.0
research,10,1,65388620132550ec7e566049,1.0,True,"{""agent1"": 1.0, ""agent2"": 1.0, ""agent3"": 1.0}",True,True,284.61,284.75,0,1.0
research,78,0,51260f38996fa01da6db04e1,1.0,True,"{""agent1"": 1.0, ""agent2"": 1.0, ""agent3"": 1.0}",True,True,87.2,87.29,0,1.0
research,78,1,d41d83ba2a9007b97626b66a,1.0,True,"{""agent1"": 1.0, ""agent2"": 1.0, ""agent3"": 1.0}",True,True,85.3,85.39,0,1.0
research,82,0,8384760dcb87f979dc5ec562,1.0,True,"{""agent1"": 1.0, ""agent2"": 1.0, ""agent3"": 1.0}",True,True,298.78,298.91,0,1.0
research,82,1,12fb91ac46302b1b81a0478a,1.0,True,"{""agent1"": 1.0, ""agent2"": 1.0, ""agent3"": 1.0}",True,True,338.58,338.74,0,1.0
research,22,0,6efa98583f32924cc6ec046b,1.0,True,"{""agent1"": 1.0, ""agent2"": 1.0, ""agent3"": 1.0}",True,True,257.46,257.56,0,1.0
research,22,1,06c25ec3f6438a1b4a5f7516,1.0,True,"{""agent1"": 1.0, ""agent2"": 1.0, ""agent3"": 1.0}",True,True,268.87,268.98,0,1.0
research,69,0,a8ec6bd1edf524834f7e6a6e,1.0,True,"{""agent1"": 1.0, ""agent2"": 1.0, ""agent3"": 1.0}",True,True,169.72,169.83,0,1.0
research,69,1,75c5a711e2cddc19c8692521,1.0,True,"{""agent1"": 1.0, ""agent2"": 1.0, ""agent3"": 1.0}",True,True,353.81,353.97,0,1.0
research,94,0,5a2d7546e8b8083446374071,1.0,True,"{""agent1"": 1.0, ""agent2"": 1.0, ""agent3"": 1.0}",True,True,348.42,348.59,0,1.0
research,94,1,38120411a5f3c8d5c47fb035,1.0,True,"{""agent1"": 1.0, ""agent2"": 1.0, ""agent3"": 1.0}",True,True,304.09,304.23,0,1.0
research,32,0,8b8419305f69673ab7148e59,1.0,True,"{""agent1"": 1.0, ""agent2"": 1.0, ""agent3"": 1.0}",True,True,212.06,212.13,0,1.0
research,32,1,b68d472f07babbb3f0b764d4,1.0,True,"{""agent1"": 1.0, ""agent2"": 1.0, ""agent3"": 1.0}",True,True,212.09,212.16,0,1.0
research,21,0,87ab67445780a21a59cac1ef,1.0,True,"{""agent1"": 1.0, ""agent2"": 1.0, ""agent3"": 1.0}",True,True,313.27,313.4,0,1.0
research,21,1,45db24e652273714bcd30826,1.0,True,"{""agent1"": 1.0, ""agent2"": 1.0, ""agent3"": 1.0}",True,True,280.52,280.64,0,1.0
research,60,0,0aa15cc6fa551599b09e5183,1.0,True,"{""agent1"": 1.0, ""agent2"": 1.0, ""agent3"": 1.0}",True,True,278.62,278.74,0,1.0
research,60,1,fb5e128b7b5bafeb26f020e1,1.0,True,"{""agent1"": 1.0, ""agent2"": 1.0, ""agent3"": 1.0}",True,True,319.45,319.59,0,1.0
research,49,0,2ac3da3e7bf312e305c29379,1.0,True,"{""agent1"": 1.0, ""agent2"": 1.0, ""agent3"": 1.0}",True,True,233.7,233.79,0,1.0
research,49,1,af135ed63ae92a31097d86c0,1.0,True,"{""agent1"": 1.0, ""agent2"": 1.0, ""agent3"": 1.0}",True,True,230.97,231.05,0,1.0
research,35,0,d4896fc43302237a1e1cb49e,1.0,True,"{""agent1"": 1.0, ""agent2"": 1.0, ""agent3"": 1.0}",True,True,250.25,250.36,0,1.0
research,35,1,5ec385047a18511793513c28,1.0,True,"{""agent1"": 1.0, ""agent2"": 1.0, ""agent3"": 1.0}",True,True,240.62,240.72,0,1.0
research,89,0,44ffcbcd1079526a3757fc53,1.0,True,"{""agent1"": 1.0, ""agent2"": 1.0, ""agent3"": 1.0}",True,True,282.26,282.38,0,1.0
research,89,1,949e412c94cfb21ec85237e0,1.0,True,"{""agent1"": 1.0, ""agent2"": 1.0, ""agent3"": 1.0}",True,True,292.17,292.29,0,1.0
research,72,0,1fa70733ef16c17883729eed,1.0,True,"{""agent1"": 1.0, ""agent2"": 1.0, ""agent3"": 1.0}",True,True,235.11,235.19,0,1.0
research,72,1,9bd58d38dceb3908a099227e,1.0,True,"{""agent1"": 1.0, ""agent2"": 1.0, ""agent3"": 1.0}",True,True,237.76,237.88,0,1.0
research,29,0,002790a79a7102066a0eb537,1.0,True,"{""agent1"": 1.0, ""agent2"": 1.0, ""agent3"": 1.0}",True,True,213.57,213.7,0,1.0
research,29,1,c3b6ae568eaf0836419dc780,1.0,True,"{""agent1"": 1.0, ""agent2"": 1.0, ""agent3"": 1.0}",True,True,342.48,342.68,0,1.0
research,42,0,9aa59741b73f849113a863aa,1.0,True,"{""agent1"": 1.0, ""agent2"": 1.0, ""agent3"": 1.0}",True,True,251.31,251.42,0,1.0
research,42,1,b67dc01d88a61a1575c7f898,1.0,True,"{""agent1"": 1.0, ""agent2"": 1.0, ""agent3"": 1.0}",True,True,271.44,271.54,0,1.0
research,99,0,4ee086fd9c8cad1707bd2b74,1.0,True,"{""agent1"": 1.0, ""agent2"": 1.0, ""agent3"": 1.0}",True,True,250.27,250.38,0,1.0
research,99,1,f62e7d271133f7110726d97f,1.0,True,"{""agent1"": 1.0, ""agent2"": 1.0, ""agent3"": 1.0}",True,True,270.22,270.32,0,1.0
research,100,0,6c1a9c489b2f62afbe1e6127,1.0,True,"{""agent1"": 1.0, ""agent2"": 1.0, ""agent3"": 1.0}",True,True,287.94,288.12,0,1.0
research,100,1,2faeb0efc16f2c9c84ff4567,1.0,True,"{""agent1"": 1.0, ""agent2"": 1.0, ""agent3"": 1.0}",True,True,587.87,588.24,0,1.0
research,8,0,dfb494ddc00f85d5dca2f0d6,1.0,True,"{""agent1"": 1.0, ""agent2"": 1.0, ""agent3"": 1.0}",True,True,239.99,240.1,0,1.0
research,8,1,a7e13062346b975a579d7e2c,1.0,True,"{""agent1"": 1.0, ""agent2"": 1.0, ""agent3"": 1.0}",True,True,303.6,303.73,0,1.0
