scenario,task_id,seed,metric_name,metric_error,evaluator_status,engine_status
bargaining,1,0,avg_negotiation_quality,task_evaluation_not_available,failure,ok
bargaining,1,1,avg_negotiation_quality,task_evaluation_not_available,failure,ok
bargaining,2,0,avg_negotiation_quality,task_evaluation_not_available,failure,ok
bargaining,2,1,avg_negotiation_quality,task_evaluation_not_available,failure,ok
bargaining,3,0,avg_negotiation_quality,task_evaluation_not_available,failure,ok
bargaining,3,1,avg_negotiation_quality,task_evaluation_not_available,failure,ok
bargaining,4,0,avg_negotiation_quality,task_evaluation_not_available,failure,ok
bargaining,4,1,avg_negotiation_quality,task_evaluation_not_available,failure,ok
bargaining,5,0,avg_negotiation_quality,task_evaluation_not_available,failure,ok
bargaining,5,1,avg_negotiation_quality,task_evaluation_not_available,failure,ok
bargaining,6,0,avg_negotiation_quality,task_evaluation_not_available,failure,ok
bargaining,6,1,avg_negotiation_quality,task_evaluation_not_available,failure,ok
bargaining,7,0,avg_negotiation_quality,task_evaluation_not_available,failure,ok
bargaining,7,1,avg_negotiation_quality,task_evaluation_not_available,failure,ok
bargaining,8,0,avg_negotiation_quality,task_evaluation_not_available,failure,ok
bargaining,8,1,avg_negotiation_quality,task_evaluation_not_available,failure,ok
bargaining,9,0,avg_negotiation_quality,task_evaluation_not_available,failure,ok
bargaining,9,1,avg_negotiation_quality,task_evaluation_not_available,failure,ok
bargaining,10,0,avg_negotiation_quality,task_evaluation_not_available,failure,ok
bargaining,10,1,avg_negotiation_quality,task_evaluation_not_available,failure,ok
bargaining,11,0,avg_negotiation_quality,task_evaluation_not_available,failure,ok
bargaining,11,1,avg_negotiation_quality,task_evaluation_not_available,failure,ok
bargaining,12,0,avg_negotiation_quality,task_evaluation_not_available,failure,ok
bargaining,12,1,avg_negotiation_quality,task_evaluation_not_available,failure,ok
bargaining,13,0,avg_negotiation_quality,task_evaluation_not_available,failure,ok
bargaining,13,1,avg_negotiation_quality,task_evaluation_not_available,failure,ok
bargaining,14,0,avg_negotiation_quality,task_evaluation_not_available,failure,ok
bargaining,14,1,avg_negotiation_quality,task_evaluation_not_available,failure,ok
bargaining,15,0,avg_negotiation_quality,task_evaluation_not_available,failure,ok
bargaining,15,1,avg_negotiation_quality,task_evaluation_not_available,failure,ok
bargaining,16,0,avg_negotiation_quality,task_evaluation_not_available,failure,ok
bargaining,16,1,avg_negotiation_quality,task_evaluation_not_available,failure,ok
bargaining,17,0,avg_negotiation_quality,task_evaluation_not_available,failure,ok
bargaining,17,1,avg_negotiation_quality,task_evaluation_not_available,failure,ok
bargaining,18,0,avg_negotiation_quality,task_evaluation_not_available,failure,ok
bargaining,18,1,avg_negotiation_quality,task_evaluation_not_available,failure,ok
bargaining,19,0,avg_negotiation_quality,task_evaluation_not_available,failure,ok
bargaining,19,1,avg_negotiation_quality,task_evaluation_not_available,failure,ok
bargaining,20,0,avg_negotiation_quality,task_evaluation_not_available,failure,ok
bargaining,20,1,avg_negotiation_quality,task_evaluation_not_available,failure,ok
coding,1,0,avg_code_quality,task_evaluation_not_available,failure,ok
coding,1,1,avg_code_quality,task_evaluation_not_available,failure,ok
coding,2,0,avg_code_quality,task_evaluation_not_available,failure,ok
coding,2,1,avg_code_quality,task_evaluation_not_available,failure,ok
coding,3,0,avg_code_quality,task_evaluation_not_available,failure,ok
coding,3,1,avg_code_quality,task_evaluation_not_available,failure,ok
coding,4,0,avg_code_quality,task_evaluation_not_available,failure,ok
coding,4,1,avg_code_quality,task_evaluation_not_available,failure,ok
coding,5,0,avg_code_quality,task_evaluation_not_available,failure,ok
coding,5,1,avg_code_quality,task_evaluation_not_available,failure,ok
coding,6,0,avg_code_quality,task_evaluation_not_available,failure,ok
coding,6,1,avg_code_quality,task_evaluation_not_available,failure,ok
coding,7,0,avg_code_quality,task_evaluation_not_available,failure,ok
coding,7,1,avg_code_quality,task_evaluation_not_available,failure,ok
coding,8,0,avg_code_quality,task_evaluation_not_available,failure,ok
coding,8,1,avg_code_quality,task_evaluation_not_available,failure,ok
coding,9,0,avg_code_quality,task_evaluation_not_available,failure,ok
coding,9,1,avg_code_quality,task_evaluation_not_available,failure,ok
coding,10,0,avg_code_quality,task_evaluation_not_available,failure,ok
coding,10,1,avg_code_quality,task_evaluation_not_available,failure,ok
coding,11,0,avg_code_quality,task_evaluation_not_available,failure,ok
coding,11,1,avg_code_quality,task_evaluation_not_available,failure,ok
coding,12,0,avg_code_quality,task_evaluation_not_available,failure,ok
coding,12,1,avg_code_quality,task_evaluation_not_available,failure,ok
coding,13,0,avg_code_quality,task_evaluation_not_available,failure,ok
coding,13,1,avg_code_quality,task_evaluation_not_available,failure,ok
coding,14,0,avg_code_quality,task_evaluation_not_available,failure,ok
coding,14,1,avg_code_quality,task_evaluation_not_available,failure,ok
coding,15,0,avg_code_quality,task_evaluation_not_available,failure,ok
coding,15,1,avg_code_quality,task_evaluation_not_available,failure,ok
coding,16,0,avg_code_quality,task_evaluation_not_available,failure,ok
coding,16,1,avg_code_quality,task_evaluation_not_available,failure,ok
coding,17,0,avg_code_quality,task_evaluation_not_available,failure,ok
coding,17,1,avg_code_quality,task_evaluation_not_available,failure,ok
coding,18,0,avg_code_quality,task_evaluation_not_available,failure,ok
coding,18,1,avg_code_quality,task_evaluation_not_available,failure,ok
coding,19,0,avg_code_quality,task_evaluation_not_available,failure,ok
coding,19,1,avg_code_quality,task_evaluation_not_available,failure,ok
coding,20,0,avg_code_quality,task_evaluation_not_available,failure,ok
coding,20,1,avg_code_quality,task_evaluation_not_available,failure,ok
database,1,0,root_cause_recall,task_evaluation_not_available,failure,ok
database,1,1,root_cause_recall,task_evaluation_not_available,failure,ok
database,2,0,root_cause_recall,task_evaluation_not_available,failure,ok
database,2,1,root_cause_recall,task_evaluation_not_available,failure,ok
database,3,0,root_cause_recall,task_evaluation_not_available,failure,ok
database,3,1,root_cause_recall,task_evaluation_not_available,failure,ok
database,4,0,root_cause_recall,task_evaluation_not_available,failure,ok
database,4,1,root_cause_recall,task_evaluation_not_available,failure,ok
database,5,0,root_cause_recall,task_evaluation_not_available,failure,ok
database,5,1,root_cause_recall,task_evaluation_not_available,failure,ok
database,6,0,root_cause_recall,task_evaluation_not_available,failure,ok
database,6,1,root_cause_recall,task_evaluation_not_available,failure,ok
database,7,0,root_cause_recall,task_evaluation_not_available,failure,ok
database,7,1,root_cause_recall,task_evaluation_not_available,failure,ok
database,8,0,root_cause_recall,task_evaluation_not_available,failure,ok
database,8,1,root_cause_recall,task_evaluation_not_available,failure,ok
database,9,0,root_cause_recall,task_evaluation_not_available,failure,ok
database,9,1,root_cause_recall,task_evaluation_not_available,failure,ok
database,10,0,root_cause_recall,task_evaluation_not_available,failure,ok
database,10,1,root_cause_recall,task_evaluation_not_available,failure,ok
database,11,0,root_cause_recall,task_evaluation_not_available,failure,ok
database,11,1,root_cause_recall,task_evaluation_not_available,failure,ok
database,12,0,root_cause_recall,task_evaluation_not_available,failure,ok
database,12,1,root_cause_recall,task_evaluation_not_available,failure,ok
database,13,0,root_cause_recall,task_evaluation_not_available,failure,ok
database,13,1,root_cause_recall,task_evaluation_not_available,failure,ok
database,14,0,root_cause_recall,task_evaluation_not_available,failure,ok
database,14,1,root_cause_recall,task_evaluation_not_available,failure,ok
database,15,0,root_cause_recall,task_evaluation_not_available,failure,ok
database,15,1,root_cause_recall,task_evaluation_not_available,failure,ok
database,16,0,root_cause_recall,task_evaluation_not_available,failure,ok
database,16,1,root_cause_recall,task_evaluation_not_available,failure,ok
database,17,0,root_cause_recall,task_evaluation_not_available,failure,ok
database,17,1,root_cause_recall,task_evaluation_not_available,failure,ok
database,18,0,root_cause_recall,task_evaluation_not_available,failure,ok
database,18,1,root_cause_recall,task_evaluation_not_available,failure,ok
database,19,0,root_cause_recall,task_evaluation_not_available,failure,ok
database,19,1,root_cause_recall,task_evaluation_not_available,failure,ok
database,20,0,root_cause_recall,task_evaluation_not_available,failure,ok
database,20,1,root_cause_recall,task_evaluation_not_available,failure,ok
minecraft,1,0,block_hit_rate,task_evaluation_not_available,failure,ok
minecraft,1,1,block_hit_rate,task_evaluation_not_available,failure,ok
minecraft,2,0,block_hit_rate,task_evaluation_not_available,failure,ok
minecraft,2,1,block_hit_rate,task_evaluation_not_available,failure,ok
minecraft,3,0,block_hit_rate,task_evaluation_not_available,failure,ok
minecraft,3,1,block_hit_rate,task_evaluation_not_available,failure,ok
minecraft,4,0,block_hit_rate,task_evaluation_not_available,failure,ok
minecraft,4,1,block_hit_rate,task_evaluation_not_available,failure,ok
minecraft,5,0,block_hit_rate,task_evaluation_not_available,failure,ok
minecraft,5,1,block_hit_rate,task_evaluation_not_available,failure,ok
minecraft,6,0,block_hit_rate,task_evaluation_not_available,failure,ok
minecraft,6,1,block_hit_rate,task_evaluation_not_available,failure,ok
minecraft,7,0,block_hit_rate,task_evaluation_not_available,failure,ok
minecraft,7,1,block_hit_rate,task_evaluation_not_available,failure,ok
minecraft,8,0,block_hit_rate,task_evaluation_not_available,failure,ok
minecraft,8,1,block_hit_rate,task_evaluation_not_available,failure,ok
minecraft,9,0,block_hit_rate,task_evaluation_not_available,failure,ok
minecraft,9,1,block_hit_rate,task_evaluation_not_available,failure,ok
minecraft,10,0,block_hit_rate,task_evaluation_not_available,failure,ok
minecraft,10,1,block_hit_rate,task_evaluation_not_available,failure,ok
minecraft,11,0,block_hit_rate,task_evaluation_not_available,failure,ok
minecraft,11,1,block_hit_rate,task_evaluation_not_available,failure,ok
minecraft,12,0,block_hit_rate,task_evaluation_not_available,failure,ok
minecraft,12,1,block_hit_rate,task_evaluation_not_available,failure,ok
minecraft,13,0,block_hit_rate,task_evaluation_not_available,failure,ok
minecraft,13,1,block_hit_rate,task_evaluation_not_available,failure,ok
minecraft,14,0,block_hit_rate,task_evaluation_not_available,failure,ok
minecraft,14,1,block_hit_rate,task_evaluation_not_available,failure,ok
minecraft,15,0,block_hit_rate,task_evaluation_not_available,failure,ok
minecraft,15,1,block_hit_rate,task_evaluation_not_available,failure,ok
minecraft,16,0,block_hit_rate,task_evaluation_not_available,failure,ok
minecraft,16,1,block_hit_rate,task_evaluation_not_available,failure,ok
minecraft,17,0,block_hit_rate,task_evaluation_not_available,failure,ok
minecraft,17,1,block_hit_rate,task_evaluation_not_available,failure,ok
minecraft,18,0,block_hit_rate,task_evaluation_not_available,failure,ok
minecraft,18,1,block_hit_rate,task_evaluation_not_available,failure,ok
minecraft,19,0,block_hit_rate,task_evaluation_not_available,failure,ok
minecraft,19,1,block_hit_rate,task_evaluation_not_available,failure,ok
minecraft,20,0,block_hit_rate,task_evaluation_not_available,failure,ok
minecraft,20,1,block_hit_rate,task_evaluation_not_available,failure,ok
research,1,0,avg_innovation_safety_feasibility,task_evaluation_not_available,failure,ok
research,1,1,avg_innovation_safety_feasibility,task_evaluation_not_available,failure,ok
research,2,0,avg_innovation_safety_feasibility,task_evaluation_not_available,failure,ok
research,2,1,avg_innovation_safety_feasibility,task_evaluation_not_available,failure,ok
research,3,0,avg_innovation_safety_feasibility,task_evaluation_not_available,failure,ok
research,3,1,avg_innovation_safety_feasibility,task_evaluation_not_available,failure,ok
research,4,0,avg_innovation_safety_feasibility,task_evaluation_not_available,failure,ok
research,4,1,avg_innovation_safety_feasibility,task_evaluation_not_available,failure,ok
research,5,0,avg_innovation_safety_feasibility,task_evaluation_not_available,failure,ok
research,5,1,avg_innovation_safety_feasibility,task_evaluation_not_available,failure,ok
research,6,0,avg_innovation_safety_feasibility,task_evaluation_not_available,failure,ok
research,6,1,avg_innovation_safety_feasibility,task_evaluation_not_available,failure,ok
research,7,0,avg_innovation_safety_feasibility,task_evaluation_not_available,failure,ok
research,7,1,avg_innovation_safety_feasibility,task_evaluation_not_available,failure,ok
research,8,0,avg_innovation_safety_feasibility,task_evaluation_not_available,failure,ok
research,8,1,avg_innovation_safety_feasibility,task_evaluation_not_available,failure,ok
research,9,0,avg_innovation_safety_feasibility,task_evaluation_not_available,failure,ok
research,9,1,avg_innovation_safety_feasibility,task_evaluation_not_available,failure,ok
research,10,0,avg_innovation_safety_feasibility,task_evaluation_not_available,failure,ok
research,10,1,avg_innovation_safety_feasibility,task_evaluation_not_available,failure,ok
research,11,0,avg_innovation_safety_feasibility,task_evaluation_not_available,failure,ok
research,11,1,avg_innovation_safety_feasibility,task_evaluation_not_available,failure,ok
research,12,0,avg_innovation_safety_feasibility,task_evaluation_not_available,failure,ok
research,12,1,avg_innovation_safety_feasibility,task_evaluation_not_available,failure,ok
research,13,0,avg_innovation_safety_feasibility,task_evaluation_not_available,failure,ok
research,13,1,avg_innovation_safety_feasibility,task_evaluation_not_available,failure,ok
research,14,0,avg_innovation_safety_feasibility,task_evaluation_not_available,failure,ok
research,14,1,avg_innovation_safety_feasibility,task_evaluation_not_available,failure,ok
research,15,0,avg_innovation_safety_feasibility,task_evaluation_not_available,failure,ok
research,15,1,avg_innovation_safety_feasibility,task_evaluation_not_available,failure,ok
research,16,0,avg_innovation_safety_feasibility,task_evaluation_not_available,failure,ok
research,16,1,avg_innovation_safety_feasibility,task_evaluation_not_available,failure,ok
research,17,0,avg_innovation_safety_feasibility,task_evaluation_not_available,failure,ok
research,17,1,avg_innovation_safety_feasibility,task_evaluation_not_available,failure,ok
research,18,0,avg_innovation_safety_feasibility,task_evaluation_not_available,failure,ok
research,18,1,avg_innovation_safety_feasibility,task_evaluation_not_available,failure,ok
research,19,0,avg_innovation_safety_feasibility,task_evaluation_not_available,failure,ok
research,19,1,avg_innovation_safety_feasibility,task_evaluation_not_available,failure,ok
research,20,0,avg_innovation_safety_feasibility,task_evaluation_not_available,failure,ok
research,20,1,avg_innovation_safety_feasibility,task_evaluation_not_available,failure,ok
