task_id,agent,seed,edge_id,real_engine,start_time,end_time,duration_seconds,n_agents_audited
10,agent1,2,edge_f98ced5f2b15f446,True,2026-08-14T14:31:34Z,2026-08-14T14:31:41Z,7.0,7
10,agent1,2,edge_1ee829f19aa39a81,False,,,,0
10,agent1,2,edge_3a765b8c2c74dd77,False,,,,0
10,agent1,2,edge_363f8ee521783824,True,2026-08-14T14:32:23Z,2026-08-14T14:32:28Z,5.0,7
10,agent1,2,edge_9ecf8e5a9767eb78,False,,,,0
10,agent1,2,edge_83a076f0e677fe62,False,,,,0
10,agent1,1,edge_f98ced5f2b15f446,True,2026-08-14T14:31:33Z,2026-08-14T14:31:40Z,7.0,7
10,agent1,1,edge_1ee829f19aa39a81,False,,,,0
10,agent1,1,edge_3a765b8c2c74dd77,False,,,,0
10,agent1,1,edge_363f8ee521783824,False,,,,0
10,agent1,1,edge_9ecf8e5a9767eb78,True,2026-08-14T14:33:56Z,2026-08-14T14:34:02Z,6.0,7
10,agent1,1,edge_83a076f0e677fe62,False,,,,0
10,agent1,0,edge_f98ced5f2b15f446,True,2026-08-14T14:32:32Z,2026-08-14T14:32:38Z,6.0,7
10,agent1,0,edge_1ee829f19aa39a81,True,2026-08-14T12:16:31Z,2026-08-14T12:16:40Z,9.0,7
10,agent1,0,edge_3a765b8c2c74dd77,False,,,,0
10,agent1,0,edge_363f8ee521783824,True,2026-08-14T14:33:37Z,2026-08-14T14:33:45Z,8.0,7
10,agent1,0,edge_9ecf8e5a9767eb78,True,2026-08-14T14:34:57Z,2026-08-14T14:35:04Z,7.0,7
10,agent1,0,edge_83a076f0e677fe62,False,,,,0
100,agent1,2,edge_a3b256415cf0be55,False,,,,0
100,agent1,2,edge_00b4f9984c35cd56,False,,,,0
100,agent1,2,edge_dde9aefcb973776a,True,2026-08-14T15:41:55Z,2026-08-14T15:42:01Z,6.0,7
100,agent1,2,edge_0283983030ae3098,True,2026-08-14T15:40:31Z,2026-08-14T15:40:37Z,6.0,7
100,agent1,2,edge_457c5e3c1c95afd6,True,2026-08-14T14:38:29Z,2026-08-14T14:38:36Z,7.0,7
100,agent1,2,edge_bfddde354a82faaa,False,,,,0
100,agent1,1,edge_a3b256415cf0be55,False,,,,0
100,agent1,1,edge_00b4f9984c35cd56,False,,,,0
100,agent1,1,edge_dde9aefcb973776a,True,2026-08-14T15:39:08Z,2026-08-14T15:39:15Z,7.0,7
100,agent1,1,edge_0283983030ae3098,False,,,,0
100,agent1,1,edge_457c5e3c1c95afd6,True,2026-08-14T14:37:42Z,2026-08-14T14:37:49Z,7.0,7
100,agent1,1,edge_bfddde354a82faaa,True,2026-08-14T14:35:53Z,2026-08-14T14:36:00Z,7.0,7
100,agent1,0,edge_a3b256415cf0be55,True,2026-08-14T14:34:36Z,2026-08-14T14:34:42Z,6.0,7
100,agent1,0,edge_00b4f9984c35cd56,True,2026-08-14T14:32:13Z,2026-08-14T14:32:20Z,7.0,7
100,agent1,0,edge_dde9aefcb973776a,True,2026-08-14T14:37:43Z,2026-08-14T14:37:49Z,6.0,7
100,agent1,0,edge_0283983030ae3098,True,2026-08-14T14:36:26Z,2026-08-14T14:36:33Z,7.0,7
100,agent1,0,edge_457c5e3c1c95afd6,False,,,,0
100,agent1,0,edge_bfddde354a82faaa,False,,,,0
11,agent1,2,edge_d4357dbc4b6bcca9,True,2026-08-14T15:42:08Z,2026-08-14T15:42:15Z,7.0,7
11,agent1,2,edge_29959705b1d83478,True,2026-08-14T15:44:06Z,2026-08-14T15:44:13Z,7.0,7
11,agent1,2,edge_ec6a81d0e71f29c5,True,2026-08-14T15:43:14Z,2026-08-14T15:43:20Z,6.0,7
11,agent1,2,edge_209dff9877034e14,True,2026-08-14T15:41:00Z,2026-08-14T15:41:06Z,6.0,7
11,agent1,2,edge_70d2a8dc235c51a5,False,,,,0
11,agent1,2,edge_91c9f50213c4aa24,True,2026-08-14T15:45:23Z,2026-08-14T15:45:29Z,6.0,7
11,agent1,1,edge_d4357dbc4b6bcca9,True,2026-08-14T14:39:02Z,2026-08-14T14:39:08Z,6.0,7
11,agent1,1,edge_29959705b1d83478,False,,,,0
11,agent1,1,edge_ec6a81d0e71f29c5,False,,,,0
11,agent1,1,edge_209dff9877034e14,False,,,,0
11,agent1,1,edge_70d2a8dc235c51a5,True,2026-08-14T15:40:26Z,2026-08-14T15:40:33Z,7.0,7
11,agent1,1,edge_91c9f50213c4aa24,True,2026-08-14T15:39:21Z,2026-08-14T15:39:27Z,6.0,7
11,agent1,0,edge_d4357dbc4b6bcca9,False,,,,0
11,agent1,0,edge_29959705b1d83478,False,,,,0
11,agent1,0,edge_ec6a81d0e71f29c5,True,2026-08-14T14:38:28Z,2026-08-14T14:38:35Z,7.0,7
11,agent1,0,edge_209dff9877034e14,False,,,,0
11,agent1,0,edge_70d2a8dc235c51a5,False,,,,0
11,agent1,0,edge_91c9f50213c4aa24,False,,,,0
12,agent1,2,edge_7b46dfaa6e452bb3,False,,,,0
12,agent1,2,edge_ef1b349cdcf5f17d,True,2026-08-14T15:45:23Z,2026-08-14T15:45:29Z,6.0,7
12,agent1,2,edge_64cb9be54d1122da,True,2026-08-14T15:48:33Z,2026-08-14T15:48:40Z,7.0,7
12,agent1,2,edge_85ee429873833326,True,2026-08-14T15:47:18Z,2026-08-14T15:47:24Z,6.0,7
12,agent1,2,edge_542586db040bca0f,True,2026-08-14T15:46:12Z,2026-08-14T15:46:17Z,5.0,7
12,agent1,2,edge_5a583806ec69e40d,True,2026-08-14T15:43:50Z,2026-08-14T15:43:56Z,6.0,7
12,agent1,1,edge_7b46dfaa6e452bb3,False,,,,0
12,agent1,1,edge_ef1b349cdcf5f17d,True,2026-08-14T15:44:43Z,2026-08-14T15:44:49Z,6.0,7
12,agent1,1,edge_64cb9be54d1122da,True,2026-08-14T15:49:46Z,2026-08-14T15:49:52Z,6.0,7
12,agent1,1,edge_85ee429873833326,True,2026-08-14T15:48:34Z,2026-08-14T15:48:39Z,5.0,7
12,agent1,1,edge_542586db040bca0f,True,2026-08-14T15:46:18Z,2026-08-14T15:46:25Z,7.0,7
12,agent1,1,edge_5a583806ec69e40d,True,2026-08-14T15:43:30Z,2026-08-14T15:43:36Z,6.0,7
12,agent1,0,edge_7b46dfaa6e452bb3,True,2026-08-14T15:48:34Z,2026-08-14T15:48:40Z,6.0,7
12,agent1,0,edge_ef1b349cdcf5f17d,True,2026-08-14T15:42:59Z,2026-08-14T15:43:05Z,6.0,7
12,agent1,0,edge_64cb9be54d1122da,True,2026-08-14T15:46:36Z,2026-08-14T15:46:42Z,6.0,7
12,agent1,0,edge_85ee429873833326,True,2026-08-14T15:45:43Z,2026-08-14T15:45:50Z,7.0,7
12,agent1,0,edge_542586db040bca0f,True,2026-08-14T15:44:20Z,2026-08-14T15:44:27Z,7.0,7
12,agent1,0,edge_5a583806ec69e40d,True,2026-08-14T15:41:14Z,2026-08-14T15:41:21Z,7.0,7
13,agent1,2,edge_62c0d8c86262a038,True,2026-08-14T17:30:12Z,2026-08-14T17:30:18Z,6.0,7
13,agent1,2,edge_3ed5fece42b28da9,False,,,,0
13,agent1,2,edge_d740fab166b1e065,False,,,,0
13,agent1,2,edge_4885c5031169effa,False,,,,0
13,agent1,2,edge_12552e5da6066261,False,,,,0
13,agent1,2,edge_863775ddd49e1cf0,False,,,,0
13,agent1,1,edge_62c0d8c86262a038,False,,,,0
13,agent1,1,edge_3ed5fece42b28da9,False,,,,0
13,agent1,1,edge_d740fab166b1e065,True,2026-08-14T15:50:30Z,2026-08-14T15:50:36Z,6.0,7
13,agent1,1,edge_4885c5031169effa,False,,,,0
13,agent1,1,edge_12552e5da6066261,True,2026-08-14T16:37:22Z,2026-08-14T16:37:28Z,6.0,7
13,agent1,1,edge_863775ddd49e1cf0,False,,,,0
13,agent1,0,edge_62c0d8c86262a038,False,,,,0
13,agent1,0,edge_3ed5fece42b28da9,True,2026-08-14T15:49:37Z,2026-08-14T15:49:43Z,6.0,7
13,agent1,0,edge_d740fab166b1e065,True,2026-08-14T15:47:42Z,2026-08-14T15:47:50Z,8.0,7
13,agent1,0,edge_4885c5031169effa,False,,,,0
13,agent1,0,edge_12552e5da6066261,False,,,,0
13,agent1,0,edge_863775ddd49e1cf0,False,,,,0
14,agent1,2,edge_02cca25b26886d5e,False,,,,0
14,agent1,2,edge_efe7c1b47c092356,True,2026-08-14T17:33:10Z,2026-08-14T17:33:16Z,6.0,7
14,agent1,2,edge_f860ae6bec8e8b89,True,2026-08-14T17:36:53Z,2026-08-14T17:37:01Z,8.0,7
14,agent1,2,edge_fe38cd7eafe61e45,True,2026-08-14T17:33:54Z,2026-08-14T17:34:00Z,6.0,7
14,agent1,2,edge_553f2dcd0bdb4a8a,True,2026-08-14T17:35:02Z,2026-08-14T17:35:08Z,6.0,7
14,agent1,2,edge_2fae9478326b008b,True,2026-08-14T17:37:58Z,2026-08-14T17:38:04Z,6.0,7
14,agent1,1,edge_02cca25b26886d5e,True,2026-08-14T17:31:08Z,2026-08-14T17:31:14Z,6.0,7
14,agent1,1,edge_efe7c1b47c092356,True,2026-08-14T17:32:16Z,2026-08-14T17:32:21Z,5.0,7
14,agent1,1,edge_f860ae6bec8e8b89,True,2026-08-14T17:35:17Z,2026-08-14T17:35:23Z,6.0,7
14,agent1,1,edge_fe38cd7eafe61e45,True,2026-08-14T17:33:24Z,2026-08-14T17:33:30Z,6.0,7
14,agent1,1,edge_553f2dcd0bdb4a8a,True,2026-08-14T17:34:10Z,2026-08-14T17:34:16Z,6.0,7
14,agent1,1,edge_2fae9478326b008b,True,2026-08-14T17:36:59Z,2026-08-14T17:37:04Z,5.0,7
14,agent1,0,edge_02cca25b26886d5e,False,,,,0
14,agent1,0,edge_efe7c1b47c092356,True,2026-08-14T16:38:00Z,2026-08-14T16:38:07Z,7.0,7
14,agent1,0,edge_f860ae6bec8e8b89,False,,,,0
14,agent1,0,edge_fe38cd7eafe61e45,False,,,,0
14,agent1,0,edge_553f2dcd0bdb4a8a,False,,,,0
14,agent1,0,edge_2fae9478326b008b,True,2026-08-14T17:31:02Z,2026-08-14T17:31:08Z,6.0,7
16,agent1,2,edge_25de2fd419cdd4bd,True,2026-08-14T17:44:56Z,2026-08-14T17:45:02Z,6.0,7
16,agent1,2,edge_6b52ab2a748fbac5,True,2026-08-14T17:46:07Z,2026-08-14T17:46:13Z,6.0,7
16,agent1,2,edge_556c194697c66f51,True,2026-08-14T17:40:16Z,2026-08-14T17:40:21Z,5.0,7
16,agent1,2,edge_a4983deaf8be5727,True,2026-08-14T17:41:15Z,2026-08-14T17:41:22Z,7.0,7
16,agent1,2,edge_22cb5a8ab06fe21f,True,2026-08-14T17:43:38Z,2026-08-14T17:43:44Z,6.0,7
16,agent1,2,edge_9cefbc7ec8900664,True,2026-08-14T17:38:41Z,2026-08-14T17:38:47Z,6.0,7
16,agent1,1,edge_25de2fd419cdd4bd,True,2026-08-14T17:40:32Z,2026-08-14T17:40:37Z,5.0,7
16,agent1,1,edge_6b52ab2a748fbac5,True,2026-08-14T17:42:33Z,2026-08-14T17:42:41Z,8.0,7
16,agent1,1,edge_556c194697c66f51,True,2026-08-14T17:35:59Z,2026-08-14T17:36:06Z,7.0,7
16,agent1,1,edge_a4983deaf8be5727,True,2026-08-14T17:37:25Z,2026-08-14T17:37:32Z,7.0,7
16,agent1,1,edge_22cb5a8ab06fe21f,True,2026-08-14T17:39:00Z,2026-08-14T17:39:06Z,6.0,7
16,agent1,1,edge_9cefbc7ec8900664,True,2026-08-14T17:34:36Z,2026-08-14T17:34:43Z,7.0,7
16,agent1,0,edge_25de2fd419cdd4bd,False,,,,0
16,agent1,0,edge_6b52ab2a748fbac5,True,2026-08-14T17:41:16Z,2026-08-14T17:41:24Z,8.0,7
16,agent1,0,edge_556c194697c66f51,True,2026-08-14T17:35:12Z,2026-08-14T17:35:19Z,7.0,7
16,agent1,0,edge_a4983deaf8be5727,True,2026-08-14T17:37:19Z,2026-08-14T17:37:24Z,5.0,7
16,agent1,0,edge_22cb5a8ab06fe21f,True,2026-08-14T17:38:44Z,2026-08-14T17:38:52Z,8.0,7
16,agent1,0,edge_9cefbc7ec8900664,True,2026-08-14T17:34:13Z,2026-08-14T17:34:19Z,6.0,7
17,agent1,2,edge_f5bc841ab34631bc,True,2026-08-14T17:48:05Z,2026-08-14T17:48:12Z,7.0,7
17,agent1,2,edge_0447b120a0666b13,False,,,,0
17,agent1,2,edge_13a8223e94875fd8,True,2026-08-14T17:45:48Z,2026-08-14T17:45:54Z,6.0,7
17,agent1,2,edge_6acc8366e328969e,True,2026-08-14T17:44:32Z,2026-08-14T17:44:38Z,6.0,7
17,agent1,2,edge_a376e394ecfb8d35,True,2026-08-14T17:47:00Z,2026-08-14T17:47:06Z,6.0,7
17,agent1,2,edge_49998350c92b5199,True,2026-08-14T17:49:26Z,2026-08-14T17:49:32Z,6.0,7
17,agent1,1,edge_f5bc841ab34631bc,True,2026-08-14T17:47:04Z,2026-08-14T17:47:11Z,7.0,7
17,agent1,1,edge_0447b120a0666b13,True,2026-08-14T17:42:39Z,2026-08-14T17:42:45Z,6.0,7
17,agent1,1,edge_13a8223e94875fd8,False,,,,0
17,agent1,1,edge_6acc8366e328969e,True,2026-08-14T17:44:05Z,2026-08-14T17:44:12Z,7.0,7
17,agent1,1,edge_a376e394ecfb8d35,True,2026-08-14T17:45:34Z,2026-08-14T17:45:40Z,6.0,7
17,agent1,1,edge_49998350c92b5199,False,,,,0
17,agent1,0,edge_f5bc841ab34631bc,False,,,,0
17,agent1,0,edge_0447b120a0666b13,True,2026-08-14T17:40:31Z,2026-08-14T17:40:38Z,7.0,7
17,agent1,0,edge_13a8223e94875fd8,True,2026-08-14T17:44:06Z,2026-08-14T17:44:12Z,6.0,7
17,agent1,0,edge_6acc8366e328969e,True,2026-08-14T17:42:24Z,2026-08-14T17:42:30Z,6.0,7
17,agent1,0,edge_a376e394ecfb8d35,True,2026-08-14T17:44:55Z,2026-08-14T17:45:01Z,6.0,7
17,agent1,0,edge_49998350c92b5199,False,,,,0
19,agent1,2,edge_3517ea875eba4270,False,,,,0
19,agent1,2,edge_baed06173236f16c,False,,,,0
19,agent1,2,edge_569cb4b7645d7bb5,False,,,,0
19,agent1,2,edge_f8e52dc0c53418fd,False,,,,0
19,agent1,2,edge_3b78b4ba85a335cc,True,2026-08-14T17:52:46Z,2026-08-14T17:52:53Z,7.0,7
19,agent1,2,edge_610b98dc48783b3a,True,2026-08-14T17:51:24Z,2026-08-14T17:51:31Z,7.0,7
19,agent1,1,edge_3517ea875eba4270,True,2026-08-14T17:51:45Z,2026-08-14T17:51:52Z,7.0,7
19,agent1,1,edge_baed06173236f16c,False,,,,0
19,agent1,1,edge_569cb4b7645d7bb5,True,2026-08-14T17:48:35Z,2026-08-14T17:48:41Z,6.0,7
19,agent1,1,edge_f8e52dc0c53418fd,True,2026-08-14T17:49:23Z,2026-08-14T17:49:29Z,6.0,7
19,agent1,1,edge_3b78b4ba85a335cc,False,,,,0
19,agent1,1,edge_610b98dc48783b3a,True,2026-08-14T17:50:14Z,2026-08-14T17:50:20Z,6.0,7
19,agent1,0,edge_3517ea875eba4270,True,2026-08-14T17:51:41Z,2026-08-14T17:51:49Z,8.0,7
19,agent1,0,edge_baed06173236f16c,True,2026-08-14T17:52:40Z,2026-08-14T17:52:47Z,7.0,7
19,agent1,0,edge_569cb4b7645d7bb5,True,2026-08-14T17:47:30Z,2026-08-14T17:47:37Z,7.0,7
19,agent1,0,edge_f8e52dc0c53418fd,True,2026-08-14T17:48:50Z,2026-08-14T17:48:57Z,7.0,7
19,agent1,0,edge_3b78b4ba85a335cc,False,,,,0
19,agent1,0,edge_610b98dc48783b3a,True,2026-08-14T17:50:13Z,2026-08-14T17:50:20Z,7.0,7
2,agent1,2,edge_7a00f6432f202bfc,True,2026-08-14T20:06:35Z,2026-08-14T20:06:41Z,6.0,7
2,agent1,2,edge_0c44636cf677029c,True,2026-08-14T20:07:37Z,2026-08-14T20:07:45Z,8.0,7
2,agent1,2,edge_8e6a034df30a1e30,True,2026-08-14T20:09:09Z,2026-08-14T20:09:17Z,8.0,7
2,agent1,2,edge_13bb2f8d5097a821,True,2026-08-14T20:04:59Z,2026-08-14T20:05:07Z,8.0,7
2,agent1,2,edge_672f4b6a075f535a,True,2026-08-14T20:11:07Z,2026-08-14T20:11:14Z,7.0,7
2,agent1,2,edge_9882122665f29432,True,2026-08-14T20:04:10Z,2026-08-14T20:04:16Z,6.0,7
2,agent1,1,edge_7a00f6432f202bfc,False,,,,0
2,agent1,1,edge_0c44636cf677029c,False,,,,0
2,agent1,1,edge_8e6a034df30a1e30,True,2026-08-14T20:05:17Z,2026-08-14T20:05:23Z,6.0,7
2,agent1,1,edge_13bb2f8d5097a821,False,,,,0
2,agent1,1,edge_672f4b6a075f535a,True,2026-08-14T20:06:37Z,2026-08-14T20:06:43Z,6.0,7
2,agent1,1,edge_9882122665f29432,True,2026-08-14T17:53:35Z,2026-08-14T17:53:43Z,8.0,7
2,agent1,0,edge_7a00f6432f202bfc,True,2026-08-14T17:52:58Z,2026-08-14T17:53:04Z,6.0,7
2,agent1,0,edge_0c44636cf677029c,False,,,,0
2,agent1,0,edge_8e6a034df30a1e30,False,,,,0
2,agent1,0,edge_13bb2f8d5097a821,True,2026-08-14T17:52:02Z,2026-08-14T17:52:08Z,6.0,7
2,agent1,0,edge_672f4b6a075f535a,False,,,,0
2,agent1,0,edge_9882122665f29432,True,2026-08-14T17:51:09Z,2026-08-14T17:51:15Z,6.0,7
21,agent1,2,edge_b47d7aab492f6341,True,2026-08-14T20:14:58Z,2026-08-14T20:15:03Z,5.0,7
21,agent1,2,edge_9ff2c4d81ac9056f,True,2026-08-14T20:10:29Z,2026-08-14T20:10:39Z,10.0,7
21,agent1,2,edge_a4ad4e2912173bff,False,,,,0
21,agent1,2,edge_c0a65b844e130f8a,True,2026-08-14T20:12:55Z,2026-08-14T20:13:00Z,5.0,7
21,agent1,2,edge_1b45390a44c06d41,True,2026-08-14T20:11:41Z,2026-08-14T20:11:48Z,7.0,7
21,agent1,2,edge_96472ccfda220632,True,2026-08-14T20:13:48Z,2026-08-14T20:13:55Z,7.0,7
21,agent1,1,edge_b47d7aab492f6341,False,,,,0
21,agent1,1,edge_9ff2c4d81ac9056f,True,2026-08-14T20:07:13Z,2026-08-14T20:07:20Z,7.0,7
21,agent1,1,edge_a4ad4e2912173bff,False,,,,0
21,agent1,1,edge_c0a65b844e130f8a,True,2026-08-14T20:09:21Z,2026-08-14T20:09:27Z,6.0,7
21,agent1,1,edge_1b45390a44c06d41,True,2026-08-14T20:08:18Z,2026-08-14T20:08:25Z,7.0,7
21,agent1,1,edge_96472ccfda220632,True,2026-08-14T20:10:30Z,2026-08-14T20:10:38Z,8.0,7
21,agent1,0,edge_b47d7aab492f6341,False,,,,0
21,agent1,0,edge_9ff2c4d81ac9056f,False,,,,0
21,agent1,0,edge_a4ad4e2912173bff,False,,,,0
21,agent1,0,edge_c0a65b844e130f8a,True,2026-08-14T20:08:24Z,2026-08-14T20:08:30Z,6.0,7
21,agent1,0,edge_1b45390a44c06d41,False,,,,0
21,agent1,0,edge_96472ccfda220632,False,,,,0
22,agent1,2,edge_fedb561a34b0527d,True,2026-08-14T20:13:23Z,2026-08-14T20:13:29Z,6.0,7
22,agent1,2,edge_aeac670f2bc60fa9,True,2026-08-14T20:14:15Z,2026-08-14T20:14:23Z,8.0,7
22,agent1,2,edge_9eebf15eb9151bd3,True,2026-08-14T20:16:35Z,2026-08-14T20:16:40Z,5.0,7
22,agent1,2,edge_42c77c88588899df,True,2026-08-14T20:15:38Z,2026-08-14T20:15:44Z,6.0,7
22,agent1,2,edge_7ccb74f1d4387553,True,2026-08-14T20:17:58Z,2026-08-14T20:18:03Z,5.0,7
22,agent1,2,edge_562fb44a879a3829,True,2026-08-14T20:19:22Z,2026-08-14T20:19:27Z,5.0,7
22,agent1,1,edge_fedb561a34b0527d,False,,,,0
22,agent1,1,edge_aeac670f2bc60fa9,True,2026-08-14T20:14:56Z,2026-08-14T20:15:03Z,7.0,7
22,agent1,1,edge_9eebf15eb9151bd3,True,2026-08-14T20:17:06Z,2026-08-14T20:17:11Z,5.0,7
22,agent1,1,edge_42c77c88588899df,True,2026-08-14T20:15:52Z,2026-08-14T20:15:58Z,6.0,7
22,agent1,1,edge_7ccb74f1d4387553,True,2026-08-14T20:18:21Z,2026-08-14T20:18:27Z,6.0,7
22,agent1,1,edge_562fb44a879a3829,True,2026-08-14T20:19:48Z,2026-08-14T20:19:54Z,6.0,7
22,agent1,0,edge_fedb561a34b0527d,True,2026-08-14T20:12:54Z,2026-08-14T20:12:59Z,5.0,7
22,agent1,0,edge_aeac670f2bc60fa9,False,,,,0
22,agent1,0,edge_9eebf15eb9151bd3,True,2026-08-14T20:14:54Z,2026-08-14T20:15:01Z,7.0,7
22,agent1,0,edge_42c77c88588899df,False,,,,0
22,agent1,0,edge_7ccb74f1d4387553,True,2026-08-14T20:16:06Z,2026-08-14T20:16:14Z,8.0,7
22,agent1,0,edge_562fb44a879a3829,True,2026-08-14T20:17:28Z,2026-08-14T20:17:35Z,7.0,7
23,agent1,2,edge_485cb557f3edbc4f,True,2026-08-14T20:24:06Z,2026-08-14T20:24:12Z,6.0,7
23,agent1,2,edge_f02af301d0133a0f,True,2026-08-14T20:25:25Z,2026-08-14T20:25:31Z,6.0,7
23,agent1,2,edge_23fc3c4d4376dd09,True,2026-08-14T20:23:12Z,2026-08-14T20:23:21Z,9.0,7
23,agent1,2,edge_a6acea7e0e25abc0,False,,,,0
23,agent1,2,edge_96d214fc8e755347,True,2026-08-14T20:22:08Z,2026-08-14T20:22:14Z,6.0,7
23,agent1,2,edge_3622cb29969cb9b1,True,2026-08-14T20:26:59Z,2026-08-14T20:27:05Z,6.0,7
23,agent1,1,edge_485cb557f3edbc4f,True,2026-08-14T20:20:09Z,2026-08-14T20:20:17Z,8.0,7
23,agent1,1,edge_f02af301d0133a0f,True,2026-08-14T20:21:26Z,2026-08-14T20:21:32Z,6.0,7
23,agent1,1,edge_23fc3c4d4376dd09,True,2026-08-14T20:19:18Z,2026-08-14T20:19:25Z,7.0,7
23,agent1,1,edge_a6acea7e0e25abc0,True,2026-08-14T20:22:26Z,2026-08-14T20:22:32Z,6.0,7
23,agent1,1,edge_96d214fc8e755347,True,2026-08-14T20:18:26Z,2026-08-14T20:18:32Z,6.0,7
23,agent1,1,edge_3622cb29969cb9b1,True,2026-08-14T20:23:28Z,2026-08-14T20:23:35Z,7.0,7
23,agent1,0,edge_485cb557f3edbc4f,False,,,,0
23,agent1,0,edge_f02af301d0133a0f,False,,,,0
23,agent1,0,edge_23fc3c4d4376dd09,True,2026-08-14T20:19:18Z,2026-08-14T20:19:23Z,5.0,7
23,agent1,0,edge_a6acea7e0e25abc0,True,2026-08-14T20:21:44Z,2026-08-14T20:21:51Z,7.0,7
23,agent1,0,edge_96d214fc8e755347,True,2026-08-14T20:17:47Z,2026-08-14T20:17:54Z,7.0,7
23,agent1,0,edge_3622cb29969cb9b1,True,2026-08-14T20:22:58Z,2026-08-14T20:23:04Z,6.0,7
24,agent1,2,edge_a1dd61d82bf0dd22,True,2026-08-14T20:30:02Z,2026-08-14T20:30:07Z,5.0,7
24,agent1,2,edge_457ef029668b9cf7,True,2026-08-14T20:30:59Z,2026-08-14T20:31:05Z,6.0,7
24,agent1,2,edge_1d057eba37c3fbf6,True,2026-08-14T20:28:48Z,2026-08-14T20:28:54Z,6.0,7
24,agent1,2,edge_aae099ea7c177738,True,2026-08-14T20:27:41Z,2026-08-14T20:27:47Z,6.0,7
24,agent1,2,edge_5be0d3d8a977db98,True,2026-08-14T20:31:59Z,2026-08-14T20:32:05Z,6.0,7
24,agent1,2,edge_c6a68db7da3294e8,True,2026-08-14T20:26:20Z,2026-08-14T20:26:27Z,7.0,7
24,agent1,1,edge_a1dd61d82bf0dd22,True,2026-08-14T20:26:58Z,2026-08-14T20:27:05Z,7.0,7
24,agent1,1,edge_457ef029668b9cf7,False,,,,0
24,agent1,1,edge_1d057eba37c3fbf6,True,2026-08-14T20:25:56Z,2026-08-14T20:26:02Z,6.0,7
24,agent1,1,edge_aae099ea7c177738,True,2026-08-14T20:25:03Z,2026-08-14T20:25:10Z,7.0,7
24,agent1,1,edge_5be0d3d8a977db98,True,2026-08-14T20:28:32Z,2026-08-14T20:28:37Z,5.0,7
24,agent1,1,edge_c6a68db7da3294e8,True,2026-08-14T20:23:52Z,2026-08-14T20:24:00Z,8.0,7
24,agent1,0,edge_a1dd61d82bf0dd22,True,2026-08-14T20:24:31Z,2026-08-14T20:24:37Z,6.0,7
24,agent1,0,edge_457ef029668b9cf7,True,2026-08-14T20:25:24Z,2026-08-14T20:25:31Z,7.0,7
24,agent1,0,edge_1d057eba37c3fbf6,True,2026-08-14T20:23:34Z,2026-08-14T20:23:40Z,6.0,7
24,agent1,0,edge_aae099ea7c177738,True,2026-08-14T20:22:44Z,2026-08-14T20:22:50Z,6.0,7
24,agent1,0,edge_5be0d3d8a977db98,True,2026-08-14T20:26:18Z,2026-08-14T20:26:25Z,7.0,7
24,agent1,0,edge_c6a68db7da3294e8,True,2026-08-14T20:21:51Z,2026-08-14T20:21:56Z,5.0,7
25,agent1,2,edge_0755d7fa2b70d18a,True,2026-08-14T20:32:26Z,2026-08-14T20:32:34Z,8.0,7
25,agent1,2,edge_312c982d607ca94e,False,,,,0
25,agent1,2,edge_647f21dc89e9311b,True,2026-08-14T20:35:54Z,2026-08-14T20:36:01Z,7.0,7
25,agent1,2,edge_8f3ffd6257556a60,True,2026-08-14T20:34:48Z,2026-08-14T20:34:54Z,6.0,7
25,agent1,2,edge_73bb20dbe06b714d,True,2026-08-14T20:33:31Z,2026-08-14T20:33:37Z,6.0,7
25,agent1,2,edge_a4ed7717ddcf4c29,True,2026-08-14T20:31:08Z,2026-08-14T20:31:14Z,6.0,7
25,agent1,1,edge_0755d7fa2b70d18a,True,2026-08-14T20:30:11Z,2026-08-14T20:30:17Z,6.0,7
25,agent1,1,edge_312c982d607ca94e,True,2026-08-14T20:34:17Z,2026-08-14T20:34:25Z,8.0,7
25,agent1,1,edge_647f21dc89e9311b,True,2026-08-14T20:33:29Z,2026-08-14T20:33:36Z,7.0,7
25,agent1,1,edge_8f3ffd6257556a60,True,2026-08-14T20:32:31Z,2026-08-14T20:32:37Z,6.0,7
25,agent1,1,edge_73bb20dbe06b714d,True,2026-08-14T20:31:16Z,2026-08-14T20:31:23Z,7.0,7
25,agent1,1,edge_a4ed7717ddcf4c29,True,2026-08-14T20:28:57Z,2026-08-14T20:29:03Z,6.0,7
25,agent1,0,edge_0755d7fa2b70d18a,True,2026-08-14T20:29:04Z,2026-08-14T20:29:10Z,6.0,7
25,agent1,0,edge_312c982d607ca94e,True,2026-08-14T20:32:55Z,2026-08-14T20:33:02Z,7.0,7
25,agent1,0,edge_647f21dc89e9311b,True,2026-08-14T20:32:04Z,2026-08-14T20:32:11Z,7.0,7
25,agent1,0,edge_8f3ffd6257556a60,False,,,,0
25,agent1,0,edge_73bb20dbe06b714d,True,2026-08-14T20:30:14Z,2026-08-14T20:30:20Z,6.0,7
25,agent1,0,edge_a4ed7717ddcf4c29,True,2026-08-14T20:28:14Z,2026-08-14T20:28:20Z,6.0,7
26,agent1,2,edge_3d54e53473727ec4,True,2026-08-14T20:36:24Z,2026-08-14T20:36:30Z,6.0,7
26,agent1,2,edge_c697e4c2a045ca52,True,2026-08-14T20:37:46Z,2026-08-14T20:37:52Z,6.0,7
26,agent1,2,edge_79c38bb63272bf19,True,2026-08-14T20:40:06Z,2026-08-14T20:40:12Z,6.0,7
26,agent1,2,edge_12a3f23eda78c951,True,2026-08-14T20:38:42Z,2026-08-14T20:38:49Z,7.0,7
26,agent1,2,edge_7a5e2d35a51f4c87,True,2026-08-14T20:41:15Z,2026-08-14T20:41:21Z,6.0,7
26,agent1,2,edge_3fdcabb08166917d,True,2026-08-14T20:43:00Z,2026-08-14T20:43:06Z,6.0,7
26,agent1,1,edge_3d54e53473727ec4,True,2026-08-14T20:34:25Z,2026-08-14T20:34:30Z,5.0,7
26,agent1,1,edge_c697e4c2a045ca52,True,2026-08-14T20:35:52Z,2026-08-14T20:35:57Z,5.0,7
26,agent1,1,edge_79c38bb63272bf19,True,2026-08-14T20:38:24Z,2026-08-14T20:38:32Z,8.0,7
26,agent1,1,edge_12a3f23eda78c951,True,2026-08-14T20:37:14Z,2026-08-14T20:37:20Z,6.0,7
26,agent1,1,edge_7a5e2d35a51f4c87,True,2026-08-14T20:39:38Z,2026-08-14T20:39:44Z,6.0,7
26,agent1,1,edge_3fdcabb08166917d,True,2026-08-14T20:40:27Z,2026-08-14T20:40:32Z,5.0,7
26,agent1,0,edge_3d54e53473727ec4,True,2026-08-14T20:33:53Z,2026-08-14T20:33:59Z,6.0,7
26,agent1,0,edge_c697e4c2a045ca52,True,2026-08-14T20:35:24Z,2026-08-14T20:35:30Z,6.0,7
26,agent1,0,edge_79c38bb63272bf19,True,2026-08-14T20:38:02Z,2026-08-14T20:38:09Z,7.0,7
26,agent1,0,edge_12a3f23eda78c951,True,2026-08-14T20:36:43Z,2026-08-14T20:36:49Z,6.0,7
26,agent1,0,edge_7a5e2d35a51f4c87,True,2026-08-14T20:39:34Z,2026-08-14T20:39:39Z,5.0,7
26,agent1,0,edge_3fdcabb08166917d,True,2026-08-14T20:41:00Z,2026-08-14T20:41:06Z,6.0,7
27,agent1,2,edge_54328d60c1dc55ef,False,,,,0
27,agent1,2,edge_3ad6ec69928deb89,True,2026-08-14T20:47:35Z,2026-08-14T20:47:42Z,7.0,7
27,agent1,2,edge_311a805c77c84085,True,2026-08-14T20:43:03Z,2026-08-14T20:43:09Z,6.0,7
27,agent1,2,edge_53b220a20cd46bfc,True,2026-08-14T20:45:48Z,2026-08-14T20:45:55Z,7.0,7
27,agent1,2,edge_70c2e59f4fc21e4e,True,2026-08-14T20:44:24Z,2026-08-14T20:44:30Z,6.0,7
27,agent1,2,edge_7f60bca278233a80,False,,,,0
27,agent1,1,edge_54328d60c1dc55ef,True,2026-08-14T20:47:58Z,2026-08-14T20:48:03Z,5.0,7
27,agent1,1,edge_3ad6ec69928deb89,True,2026-08-14T20:47:08Z,2026-08-14T20:47:14Z,6.0,7
27,agent1,1,edge_311a805c77c84085,True,2026-08-14T20:44:13Z,2026-08-14T20:44:19Z,6.0,7
27,agent1,1,edge_53b220a20cd46bfc,False,,,,0
27,agent1,1,edge_70c2e59f4fc21e4e,True,2026-08-14T20:44:57Z,2026-08-14T20:45:03Z,6.0,7
27,agent1,1,edge_7f60bca278233a80,True,2026-08-14T20:49:30Z,2026-08-14T20:49:35Z,5.0,7
27,agent1,0,edge_54328d60c1dc55ef,True,2026-08-14T20:43:06Z,2026-08-14T20:43:12Z,6.0,7
27,agent1,0,edge_3ad6ec69928deb89,True,2026-08-14T20:41:29Z,2026-08-14T20:41:35Z,6.0,7
27,agent1,0,edge_311a805c77c84085,True,2026-08-14T20:37:43Z,2026-08-14T20:37:48Z,5.0,7
27,agent1,0,edge_53b220a20cd46bfc,True,2026-08-14T20:40:30Z,2026-08-14T20:40:35Z,5.0,7
27,agent1,0,edge_70c2e59f4fc21e4e,True,2026-08-14T20:39:12Z,2026-08-14T20:39:19Z,7.0,7
27,agent1,0,edge_7f60bca278233a80,False,,,,0
28,agent1,2,edge_0b0a244d21e8bae8,True,2026-08-14T20:55:27Z,2026-08-14T20:55:34Z,7.0,7
28,agent1,2,edge_6cfdb5e57ade8da0,False,,,,0
28,agent1,2,edge_ba95392b04a1d243,True,2026-08-14T20:56:30Z,2026-08-14T20:56:37Z,7.0,7
28,agent1,2,edge_d284f52e04bf284c,True,2026-08-14T20:53:52Z,2026-08-14T20:53:58Z,6.0,7
28,agent1,2,edge_5bb37e57b8fc93b9,False,,,,0
28,agent1,2,edge_4c17768473ae120b,True,2026-08-14T20:51:59Z,2026-08-14T20:52:04Z,5.0,7
28,agent1,1,edge_0b0a244d21e8bae8,True,2026-08-14T20:51:58Z,2026-08-14T20:52:05Z,7.0,7
28,agent1,1,edge_6cfdb5e57ade8da0,True,2026-08-14T20:48:25Z,2026-08-14T20:48:31Z,6.0,7
28,agent1,1,edge_ba95392b04a1d243,False,,,,0
28,agent1,1,edge_d284f52e04bf284c,True,2026-08-14T20:51:06Z,2026-08-14T20:51:12Z,6.0,7
28,agent1,1,edge_5bb37e57b8fc93b9,True,2026-08-14T20:49:54Z,2026-08-14T20:50:00Z,6.0,7
28,agent1,1,edge_4c17768473ae120b,True,2026-08-14T20:47:25Z,2026-08-14T20:47:31Z,6.0,7
28,agent1,0,edge_0b0a244d21e8bae8,False,,,,0
28,agent1,0,edge_6cfdb5e57ade8da0,True,2026-08-14T20:45:28Z,2026-08-14T20:45:34Z,6.0,7
28,agent1,0,edge_ba95392b04a1d243,True,2026-08-14T20:49:03Z,2026-08-14T20:49:09Z,6.0,7
28,agent1,0,edge_d284f52e04bf284c,False,,,,0
28,agent1,0,edge_5bb37e57b8fc93b9,True,2026-08-14T20:46:59Z,2026-08-14T20:47:08Z,9.0,7
28,agent1,0,edge_4c17768473ae120b,False,,,,0
29,agent1,2,edge_2b27519b88fe075e,True,2026-08-14T20:54:16Z,2026-08-14T20:54:22Z,6.0,7
29,agent1,2,edge_072580dbb1f4eca8,True,2026-08-14T20:57:34Z,2026-08-14T20:57:40Z,6.0,7
29,agent1,2,edge_8b7faa7dafa019ab,True,2026-08-14T20:55:13Z,2026-08-14T20:55:19Z,6.0,7
29,agent1,2,edge_636e255e218f1cf2,True,2026-08-14T20:59:35Z,2026-08-14T20:59:41Z,6.0,7
29,agent1,2,edge_5d4b070b29816071,False,,,,0
29,agent1,2,edge_da4b46d1db2950a5,True,2026-08-14T20:56:06Z,2026-08-14T20:56:12Z,6.0,7
29,agent1,1,edge_2b27519b88fe075e,True,2026-08-14T20:53:55Z,2026-08-14T20:54:01Z,6.0,7
29,agent1,1,edge_072580dbb1f4eca8,True,2026-08-14T20:56:48Z,2026-08-14T20:56:54Z,6.0,7
29,agent1,1,edge_8b7faa7dafa019ab,True,2026-08-14T20:54:57Z,2026-08-14T20:55:03Z,6.0,7
29,agent1,1,edge_636e255e218f1cf2,True,2026-08-14T20:58:34Z,2026-08-14T20:58:39Z,5.0,7
29,agent1,1,edge_5d4b070b29816071,True,2026-08-14T20:52:55Z,2026-08-14T20:53:01Z,6.0,7
29,agent1,1,edge_da4b46d1db2950a5,True,2026-08-14T20:55:45Z,2026-08-14T20:55:51Z,6.0,7
29,agent1,0,edge_2b27519b88fe075e,True,2026-08-14T20:52:55Z,2026-08-14T20:53:02Z,7.0,7
29,agent1,0,edge_072580dbb1f4eca8,True,2026-08-14T20:55:49Z,2026-08-14T20:55:56Z,7.0,7
29,agent1,0,edge_8b7faa7dafa019ab,False,,,,0
29,agent1,0,edge_636e255e218f1cf2,True,2026-08-14T20:56:51Z,2026-08-14T20:56:57Z,6.0,7
29,agent1,0,edge_5d4b070b29816071,True,2026-08-14T20:51:01Z,2026-08-14T20:51:07Z,6.0,7
29,agent1,0,edge_da4b46d1db2950a5,True,2026-08-14T20:54:36Z,2026-08-14T20:54:41Z,5.0,7
3,agent1,2,edge_f70c4e6612925248,True,2026-08-14T21:02:10Z,2026-08-14T21:02:15Z,5.0,7
3,agent1,2,edge_6fbe233a65c8386f,False,,,,0
3,agent1,2,edge_c94b156be01c2e5d,True,2026-08-14T21:05:04Z,2026-08-14T21:05:10Z,6.0,7
3,agent1,2,edge_69137daf3b3f0696,True,2026-08-14T21:00:38Z,2026-08-14T21:00:44Z,6.0,7
3,agent1,2,edge_4353e9aa5b2a1000,False,,,,0
3,agent1,2,edge_a451aed582b6f0b3,True,2026-08-14T21:03:37Z,2026-08-14T21:03:42Z,5.0,7
3,agent1,1,edge_f70c4e6612925248,True,2026-08-14T21:00:59Z,2026-08-14T21:01:04Z,5.0,7
3,agent1,1,edge_6fbe233a65c8386f,True,2026-08-14T21:04:35Z,2026-08-14T21:04:41Z,6.0,7
3,agent1,1,edge_c94b156be01c2e5d,True,2026-08-14T21:03:46Z,2026-08-14T21:03:52Z,6.0,7
3,agent1,1,edge_69137daf3b3f0696,True,2026-08-14T21:00:08Z,2026-08-14T21:00:13Z,5.0,7
3,agent1,1,edge_4353e9aa5b2a1000,False,,,,0
3,agent1,1,edge_a451aed582b6f0b3,True,2026-08-14T21:02:28Z,2026-08-14T21:02:34Z,6.0,7
3,agent1,0,edge_f70c4e6612925248,True,2026-08-14T21:01:08Z,2026-08-14T21:01:15Z,7.0,7
3,agent1,0,edge_6fbe233a65c8386f,True,2026-08-14T21:05:26Z,2026-08-14T21:05:33Z,7.0,7
3,agent1,0,edge_c94b156be01c2e5d,True,2026-08-14T21:04:02Z,2026-08-14T21:04:09Z,7.0,7
3,agent1,0,edge_69137daf3b3f0696,True,2026-08-14T20:59:35Z,2026-08-14T20:59:40Z,5.0,7
3,agent1,0,edge_4353e9aa5b2a1000,True,2026-08-14T20:57:32Z,2026-08-14T20:57:37Z,5.0,7
3,agent1,0,edge_a451aed582b6f0b3,True,2026-08-14T21:02:32Z,2026-08-14T21:02:38Z,6.0,7
30,agent1,2,edge_e3d6497ecbd12283,False,,,,0
30,agent1,2,edge_fe06ebdcad437be1,True,2026-08-14T21:10:31Z,2026-08-14T21:10:38Z,7.0,7
30,agent1,2,edge_70e9c87af507927f,True,2026-08-14T21:09:02Z,2026-08-14T21:09:09Z,7.0,7
30,agent1,2,edge_9ef108730e03ae1b,False,,,,0
30,agent1,2,edge_004911a1f9fb93dc,True,2026-08-14T21:13:37Z,2026-08-14T21:13:44Z,7.0,7
30,agent1,2,edge_e50e1e66a6c86cef,True,2026-08-14T21:12:23Z,2026-08-14T21:12:30Z,7.0,7
30,agent1,1,edge_e3d6497ecbd12283,False,,,,0
30,agent1,1,edge_fe06ebdcad437be1,True,2026-08-14T21:07:57Z,2026-08-14T21:08:05Z,8.0,7
30,agent1,1,edge_70e9c87af507927f,False,,,,0
30,agent1,1,edge_9ef108730e03ae1b,False,,,,0
30,agent1,1,edge_004911a1f9fb93dc,False,,,,0
30,agent1,1,edge_e50e1e66a6c86cef,False,,,,0
30,agent1,0,edge_e3d6497ecbd12283,True,2026-08-14T21:03:15Z,2026-08-14T21:03:22Z,7.0,7
30,agent1,0,edge_fe06ebdcad437be1,True,2026-08-14T21:04:39Z,2026-08-14T21:04:45Z,6.0,7
30,agent1,0,edge_70e9c87af507927f,True,2026-08-14T21:01:53Z,2026-08-14T21:01:59Z,6.0,7
30,agent1,0,edge_9ef108730e03ae1b,True,2026-08-14T21:05:48Z,2026-08-14T21:05:55Z,7.0,7
30,agent1,0,edge_004911a1f9fb93dc,False,,,,0
30,agent1,0,edge_e50e1e66a6c86cef,True,2026-08-14T21:07:57Z,2026-08-14T21:08:04Z,7.0,7
31,agent1,2,edge_9411b744a4535481,False,,,,0
31,agent1,2,edge_ac154adcd260e923,False,,,,0
31,agent1,2,edge_32f330d6279cb2ac,True,2026-08-14T21:11:53Z,2026-08-14T21:12:00Z,7.0,7
31,agent1,2,edge_611a6dc83ce005fa,True,2026-08-14T21:15:02Z,2026-08-14T21:15:08Z,6.0,7
31,agent1,2,edge_9759873702305b9e,True,2026-08-14T21:13:16Z,2026-08-14T21:13:23Z,7.0,7
31,agent1,2,edge_e58dda3d28a81620,False,,,,0
31,agent1,1,edge_9411b744a4535481,True,2026-08-14T21:16:04Z,2026-08-14T21:16:10Z,6.0,7
31,agent1,1,edge_ac154adcd260e923,True,2026-08-14T21:18:21Z,2026-08-14T21:18:26Z,5.0,7
31,agent1,1,edge_32f330d6279cb2ac,True,2026-08-14T21:11:31Z,2026-08-14T21:11:37Z,6.0,7
31,agent1,1,edge_611a6dc83ce005fa,True,2026-08-14T21:14:04Z,2026-08-14T21:14:10Z,6.0,7
31,agent1,1,edge_9759873702305b9e,True,2026-08-14T21:12:52Z,2026-08-14T21:12:58Z,6.0,7
31,agent1,1,edge_e58dda3d28a81620,False,,,,0
31,agent1,0,edge_9411b744a4535481,True,2026-08-14T21:12:55Z,2026-08-14T21:13:01Z,6.0,7
31,agent1,0,edge_ac154adcd260e923,True,2026-08-14T21:16:04Z,2026-08-14T21:16:11Z,7.0,7
31,agent1,0,edge_32f330d6279cb2ac,True,2026-08-14T21:09:02Z,2026-08-14T21:09:09Z,7.0,7
31,agent1,0,edge_611a6dc83ce005fa,True,2026-08-14T21:11:37Z,2026-08-14T21:11:42Z,5.0,7
31,agent1,0,edge_9759873702305b9e,True,2026-08-14T21:10:18Z,2026-08-14T21:10:24Z,6.0,7
31,agent1,0,edge_e58dda3d28a81620,True,2026-08-14T21:14:07Z,2026-08-14T21:14:13Z,6.0,7
32,agent1,2,edge_d96db3fdb5cf9ce7,False,,,,0
32,agent1,2,edge_e05a957c624f8fce,False,,,,0
32,agent1,2,edge_20bdd71dc13170a9,False,,,,0
32,agent1,2,edge_07b0f8360ddf6e8a,True,2026-08-14T21:23:44Z,2026-08-14T21:23:50Z,6.0,7
32,agent1,2,edge_918fe503cbdb87c8,True,2026-08-14T21:19:38Z,2026-08-14T21:19:44Z,6.0,7
32,agent1,2,edge_355058495ddc888d,True,2026-08-14T21:20:35Z,2026-08-14T21:20:41Z,6.0,7
32,agent1,1,edge_d96db3fdb5cf9ce7,False,,,,0
32,agent1,1,edge_e05a957c624f8fce,True,2026-08-14T21:21:53Z,2026-08-14T21:21:59Z,6.0,7
32,agent1,1,edge_20bdd71dc13170a9,True,2026-08-14T21:23:44Z,2026-08-14T21:23:50Z,6.0,7
32,agent1,1,edge_07b0f8360ddf6e8a,True,2026-08-14T21:24:38Z,2026-08-14T21:24:45Z,7.0,7
32,agent1,1,edge_918fe503cbdb87c8,True,2026-08-14T21:19:19Z,2026-08-14T21:19:24Z,5.0,7
32,agent1,1,edge_355058495ddc888d,True,2026-08-14T21:20:33Z,2026-08-14T21:20:39Z,6.0,7
32,agent1,0,edge_d96db3fdb5cf9ce7,True,2026-08-14T21:17:01Z,2026-08-14T21:17:09Z,8.0,7
32,agent1,0,edge_e05a957c624f8fce,True,2026-08-14T21:18:32Z,2026-08-14T21:18:38Z,6.0,7
32,agent1,0,edge_20bdd71dc13170a9,True,2026-08-14T21:19:53Z,2026-08-14T21:19:58Z,5.0,7
32,agent1,0,edge_07b0f8360ddf6e8a,True,2026-08-14T21:21:20Z,2026-08-14T21:21:25Z,5.0,7
32,agent1,0,edge_918fe503cbdb87c8,False,,,,0
32,agent1,0,edge_355058495ddc888d,False,,,,0
33,agent1,2,edge_97b973db60616d8b,True,2026-08-14T21:30:18Z,2026-08-14T21:30:24Z,6.0,7
33,agent1,2,edge_b8b6d91783e34008,True,2026-08-14T21:28:03Z,2026-08-14T21:28:10Z,7.0,7
33,agent1,2,edge_209d7f425e9ed618,True,2026-08-14T21:26:51Z,2026-08-14T21:26:58Z,7.0,7
33,agent1,2,edge_bb0bfcd6091baac5,True,2026-08-14T21:29:04Z,2026-08-14T21:29:11Z,7.0,7
33,agent1,2,edge_bec9bd94d17755d8,True,2026-08-14T21:31:36Z,2026-08-14T21:31:43Z,7.0,7
33,agent1,2,edge_dbb4842824105eb9,True,2026-08-14T21:25:36Z,2026-08-14T21:25:41Z,5.0,7
33,agent1,1,edge_97b973db60616d8b,True,2026-08-14T21:28:50Z,2026-08-14T21:28:56Z,6.0,7
33,agent1,1,edge_b8b6d91783e34008,True,2026-08-14T21:26:25Z,2026-08-14T21:26:31Z,6.0,7
33,agent1,1,edge_209d7f425e9ed618,True,2026-08-14T21:24:32Z,2026-08-14T21:24:38Z,6.0,7
33,agent1,1,edge_bb0bfcd6091baac5,True,2026-08-14T21:27:41Z,2026-08-14T21:27:48Z,7.0,7
33,agent1,1,edge_bec9bd94d17755d8,True,2026-08-14T21:30:19Z,2026-08-14T21:30:26Z,7.0,7
33,agent1,1,edge_dbb4842824105eb9,False,,,,0
33,agent1,0,edge_97b973db60616d8b,True,2026-08-14T21:24:33Z,2026-08-14T21:24:39Z,6.0,7
33,agent1,0,edge_b8b6d91783e34008,True,2026-08-14T21:22:35Z,2026-08-14T21:22:41Z,6.0,7
33,agent1,0,edge_209d7f425e9ed618,True,2026-08-14T21:21:19Z,2026-08-14T21:21:25Z,6.0,7
33,agent1,0,edge_bb0bfcd6091baac5,True,2026-08-14T21:23:36Z,2026-08-14T21:23:42Z,6.0,7
33,agent1,0,edge_bec9bd94d17755d8,False,,,,0
33,agent1,0,edge_dbb4842824105eb9,True,2026-08-14T21:19:49Z,2026-08-14T21:19:56Z,7.0,7
34,agent1,2,edge_440fda3aae62e1d1,True,2026-08-14T21:37:58Z,2026-08-14T21:38:04Z,6.0,7
34,agent1,2,edge_906b37eeca6ad951,True,2026-08-14T21:34:15Z,2026-08-14T21:34:23Z,8.0,7
34,agent1,2,edge_a07e16aedad93080,True,2026-08-14T21:37:02Z,2026-08-14T21:37:09Z,7.0,7
34,agent1,2,edge_3a6c3c3a95d985bc,True,2026-08-14T21:32:51Z,2026-08-14T21:32:57Z,6.0,7
34,agent1,2,edge_ad182f51798d93cc,False,,,,0
34,agent1,2,edge_563991f515cee6f8,True,2026-08-14T21:35:40Z,2026-08-14T21:35:47Z,7.0,7
34,agent1,1,edge_440fda3aae62e1d1,True,2026-08-14T21:33:11Z,2026-08-14T21:33:19Z,8.0,7
34,agent1,1,edge_906b37eeca6ad951,True,2026-08-14T21:28:31Z,2026-08-14T21:28:37Z,6.0,7
34,agent1,1,edge_a07e16aedad93080,True,2026-08-14T21:32:04Z,2026-08-14T21:32:10Z,6.0,7
34,agent1,1,edge_3a6c3c3a95d985bc,True,2026-08-14T21:27:18Z,2026-08-14T21:27:23Z,5.0,7
34,agent1,1,edge_ad182f51798d93cc,True,2026-08-14T21:29:39Z,2026-08-14T21:29:44Z,5.0,7
34,agent1,1,edge_563991f515cee6f8,True,2026-08-14T21:30:51Z,2026-08-14T21:30:58Z,7.0,7
34,agent1,0,edge_440fda3aae62e1d1,True,2026-08-14T21:32:25Z,2026-08-14T21:32:31Z,6.0,7
34,agent1,0,edge_906b37eeca6ad951,True,2026-08-14T21:28:05Z,2026-08-14T21:28:11Z,6.0,7
34,agent1,0,edge_a07e16aedad93080,True,2026-08-14T21:31:15Z,2026-08-14T21:31:21Z,6.0,7
34,agent1,0,edge_3a6c3c3a95d985bc,True,2026-08-14T21:26:26Z,2026-08-14T21:26:32Z,6.0,7
34,agent1,0,edge_ad182f51798d93cc,False,,,,0
34,agent1,0,edge_563991f515cee6f8,True,2026-08-14T21:29:58Z,2026-08-14T21:30:03Z,5.0,7
36,agent1,2,edge_df6ff4f8ee4a164f,True,2026-08-14T21:38:26Z,2026-08-14T21:38:32Z,6.0,7
36,agent1,2,edge_0f33afc667ad989c,False,,,,0
36,agent1,2,edge_f309e65638b11864,True,2026-08-14T21:39:50Z,2026-08-14T21:39:55Z,5.0,7
36,agent1,2,edge_d80d98dae9e652ac,False,,,,0
36,agent1,2,edge_a1003207cfd568ce,True,2026-08-14T21:36:35Z,2026-08-14T21:36:42Z,7.0,7
36,agent1,2,edge_5e879f0a5a2f7731,False,,,,0
36,agent1,1,edge_df6ff4f8ee4a164f,True,2026-08-14T21:39:19Z,2026-08-14T21:39:24Z,5.0,7
36,agent1,1,edge_0f33afc667ad989c,True,2026-08-14T21:38:22Z,2026-08-14T21:38:28Z,6.0,7
36,agent1,1,edge_f309e65638b11864,True,2026-08-14T21:40:32Z,2026-08-14T21:40:38Z,6.0,7
36,agent1,1,edge_d80d98dae9e652ac,False,,,,0
36,agent1,1,edge_a1003207cfd568ce,True,2026-08-14T21:36:29Z,2026-08-14T21:36:34Z,5.0,7
36,agent1,1,edge_5e879f0a5a2f7731,True,2026-08-14T21:34:51Z,2026-08-14T21:34:56Z,5.0,7
36,agent1,0,edge_df6ff4f8ee4a164f,True,2026-08-14T21:37:18Z,2026-08-14T21:37:24Z,6.0,7
36,agent1,0,edge_0f33afc667ad989c,True,2026-08-14T21:36:09Z,2026-08-14T21:36:15Z,6.0,7
36,agent1,0,edge_f309e65638b11864,True,2026-08-14T21:38:27Z,2026-08-14T21:38:33Z,6.0,7
36,agent1,0,edge_d80d98dae9e652ac,False,,,,0
36,agent1,0,edge_a1003207cfd568ce,True,2026-08-14T21:34:18Z,2026-08-14T21:34:25Z,7.0,7
36,agent1,0,edge_5e879f0a5a2f7731,True,2026-08-14T21:33:20Z,2026-08-14T21:33:26Z,6.0,7
37,agent1,2,edge_0a3d6947dda8b456,True,2026-08-14T21:40:52Z,2026-08-14T21:40:58Z,6.0,7
37,agent1,2,edge_646889ebe6639e3d,True,2026-08-14T21:45:28Z,2026-08-14T21:45:34Z,6.0,7
37,agent1,2,edge_f9d204cbb50610fc,False,,,,0
37,agent1,2,edge_3c781ef38466f468,True,2026-08-14T21:43:12Z,2026-08-14T21:43:18Z,6.0,7
37,agent1,2,edge_66595d681e908a75,True,2026-08-14T21:41:46Z,2026-08-14T21:41:51Z,5.0,7
37,agent1,2,edge_a2829659b0f6d097,True,2026-08-14T21:44:27Z,2026-08-14T21:44:33Z,6.0,7
37,agent1,1,edge_0a3d6947dda8b456,False,,,,0
37,agent1,1,edge_646889ebe6639e3d,True,2026-08-14T21:45:59Z,2026-08-14T21:46:05Z,6.0,7
37,agent1,1,edge_f9d204cbb50610fc,True,2026-08-14T21:47:23Z,2026-08-14T21:47:29Z,6.0,7
37,agent1,1,edge_3c781ef38466f468,True,2026-08-14T21:43:35Z,2026-08-14T21:43:40Z,5.0,7
37,agent1,1,edge_66595d681e908a75,True,2026-08-14T21:41:56Z,2026-08-14T21:42:01Z,5.0,7
37,agent1,1,edge_a2829659b0f6d097,False,,,,0
37,agent1,0,edge_0a3d6947dda8b456,True,2026-08-14T21:39:48Z,2026-08-14T21:39:53Z,5.0,7
37,agent1,0,edge_646889ebe6639e3d,True,2026-08-14T21:44:48Z,2026-08-14T21:44:54Z,6.0,7
37,agent1,0,edge_f9d204cbb50610fc,True,2026-08-14T21:46:24Z,2026-08-14T21:46:31Z,7.0,7
37,agent1,0,edge_3c781ef38466f468,True,2026-08-14T21:42:21Z,2026-08-14T21:42:28Z,7.0,7
37,agent1,0,edge_66595d681e908a75,True,2026-08-14T21:40:44Z,2026-08-14T21:40:50Z,6.0,7
37,agent1,0,edge_a2829659b0f6d097,True,2026-08-14T21:43:50Z,2026-08-14T21:43:56Z,6.0,7
38,agent1,2,edge_24fb25a5db56c289,True,2026-08-14T21:52:44Z,2026-08-14T21:52:49Z,5.0,7
38,agent1,2,edge_e8b746f5d27fac75,False,,,,0
38,agent1,2,edge_58bdbc4ab26f0de9,True,2026-08-14T21:50:57Z,2026-08-14T21:51:03Z,6.0,7
38,agent1,2,edge_175e28891b888056,True,2026-08-14T21:50:10Z,2026-08-14T21:50:15Z,5.0,7
38,agent1,2,edge_4f43534d995d0842,True,2026-08-14T21:48:13Z,2026-08-14T21:48:19Z,6.0,7
38,agent1,2,edge_e3e93732a7232d2b,True,2026-08-14T21:49:14Z,2026-08-14T21:49:19Z,5.0,7
38,agent1,1,edge_24fb25a5db56c289,True,2026-08-14T21:52:29Z,2026-08-14T21:52:35Z,6.0,7
38,agent1,1,edge_e8b746f5d27fac75,True,2026-08-14T21:51:31Z,2026-08-14T21:51:36Z,5.0,7
38,agent1,1,edge_58bdbc4ab26f0de9,True,2026-08-14T21:50:36Z,2026-08-14T21:50:42Z,6.0,7
38,agent1,1,edge_175e28891b888056,True,2026-08-14T21:49:39Z,2026-08-14T21:49:44Z,5.0,7
38,agent1,1,edge_4f43534d995d0842,True,2026-08-14T21:47:32Z,2026-08-14T21:47:38Z,6.0,7
38,agent1,1,edge_e3e93732a7232d2b,True,2026-08-14T21:48:44Z,2026-08-14T21:48:50Z,6.0,7
38,agent1,0,edge_24fb25a5db56c289,True,2026-08-14T21:48:17Z,2026-08-14T21:48:23Z,6.0,7
38,agent1,0,edge_e8b746f5d27fac75,True,2026-08-14T21:47:13Z,2026-08-14T21:47:18Z,5.0,7
38,agent1,0,edge_58bdbc4ab26f0de9,True,2026-08-14T21:46:19Z,2026-08-14T21:46:25Z,6.0,7
38,agent1,0,edge_175e28891b888056,True,2026-08-14T21:45:28Z,2026-08-14T21:45:33Z,5.0,7
38,agent1,0,edge_4f43534d995d0842,True,2026-08-14T21:43:33Z,2026-08-14T21:43:38Z,5.0,7
38,agent1,0,edge_e3e93732a7232d2b,True,2026-08-14T21:44:18Z,2026-08-14T21:44:24Z,6.0,7
40,agent1,2,edge_37aa49f3149defdf,True,2026-08-14T21:58:53Z,2026-08-14T21:58:59Z,6.0,7
40,agent1,2,edge_1cf4a56a4400eb0f,True,2026-08-14T21:57:35Z,2026-08-14T21:57:39Z,4.0,7
40,agent1,2,edge_be2ab53473786c6a,True,2026-08-14T21:54:48Z,2026-08-14T21:54:53Z,5.0,7
40,agent1,2,edge_8e8cde9b2dd88d75,True,2026-08-14T22:01:54Z,2026-08-14T22:02:00Z,6.0,7
40,agent1,2,edge_1a31fc55ed223f09,True,2026-08-14T21:56:16Z,2026-08-14T21:56:23Z,7.0,7
40,agent1,2,edge_55dd19a6384241cd,True,2026-08-14T22:00:14Z,2026-08-14T22:00:20Z,6.0,7
40,agent1,1,edge_37aa49f3149defdf,True,2026-08-14T21:54:09Z,2026-08-14T21:54:15Z,6.0,7
40,agent1,1,edge_1cf4a56a4400eb0f,True,2026-08-14T21:52:49Z,2026-08-14T21:52:55Z,6.0,7
40,agent1,1,edge_be2ab53473786c6a,True,2026-08-14T21:50:02Z,2026-08-14T21:50:08Z,6.0,7
40,agent1,1,edge_8e8cde9b2dd88d75,True,2026-08-14T21:55:43Z,2026-08-14T21:55:50Z,7.0,7
40,agent1,1,edge_1a31fc55ed223f09,True,2026-08-14T21:51:27Z,2026-08-14T21:51:32Z,5.0,7
40,agent1,1,edge_55dd19a6384241cd,False,,,,0
40,agent1,0,edge_37aa49f3149defdf,True,2026-08-14T21:53:41Z,2026-08-14T21:53:46Z,5.0,7
40,agent1,0,edge_1cf4a56a4400eb0f,True,2026-08-14T21:52:07Z,2026-08-14T21:52:14Z,7.0,7
40,agent1,0,edge_be2ab53473786c6a,True,2026-08-14T21:49:35Z,2026-08-14T21:49:41Z,6.0,7
40,agent1,0,edge_8e8cde9b2dd88d75,True,2026-08-14T21:56:39Z,2026-08-14T21:56:44Z,5.0,7
40,agent1,0,edge_1a31fc55ed223f09,True,2026-08-14T21:50:57Z,2026-08-14T21:51:03Z,6.0,7
40,agent1,0,edge_55dd19a6384241cd,True,2026-08-14T21:55:03Z,2026-08-14T21:55:10Z,7.0,7
41,agent1,2,edge_c416d6111d7c64dc,True,2026-08-14T22:00:41Z,2026-08-14T22:00:48Z,7.0,7
41,agent1,2,edge_4e13c51e4c2fd649,True,2026-08-14T22:04:44Z,2026-08-14T22:04:50Z,6.0,7
41,agent1,2,edge_291b089a07020303,True,2026-08-14T22:02:22Z,2026-08-14T22:02:28Z,6.0,7
41,agent1,2,edge_1501790537792ad2,False,,,,0
41,agent1,2,edge_6005ee312024de96,True,2026-08-14T21:58:35Z,2026-08-14T21:58:41Z,6.0,7
41,agent1,2,edge_b294a37d5d83ee19,True,2026-08-14T22:00:00Z,2026-08-14T22:00:05Z,5.0,7
41,agent1,1,edge_c416d6111d7c64dc,False,,,,0
41,agent1,1,edge_4e13c51e4c2fd649,True,2026-08-14T22:03:58Z,2026-08-14T22:04:05Z,7.0,7
41,agent1,1,edge_291b089a07020303,True,2026-08-14T22:01:54Z,2026-08-14T22:02:00Z,6.0,7
41,agent1,1,edge_1501790537792ad2,True,2026-08-14T22:02:48Z,2026-08-14T22:02:54Z,6.0,7
41,agent1,1,edge_6005ee312024de96,True,2026-08-14T21:58:29Z,2026-08-14T21:58:34Z,5.0,7
41,agent1,1,edge_b294a37d5d83ee19,True,2026-08-14T21:59:54Z,2026-08-14T22:00:01Z,7.0,7
41,agent1,0,edge_c416d6111d7c64dc,True,2026-08-14T21:58:05Z,2026-08-14T21:58:10Z,5.0,7
41,agent1,0,edge_4e13c51e4c2fd649,True,2026-08-14T22:02:22Z,2026-08-14T22:02:28Z,6.0,7
41,agent1,0,edge_291b089a07020303,True,2026-08-14T21:59:23Z,2026-08-14T21:59:29Z,6.0,7
41,agent1,0,edge_1501790537792ad2,True,2026-08-14T22:00:31Z,2026-08-14T22:00:37Z,6.0,7
41,agent1,0,edge_6005ee312024de96,True,2026-08-14T21:55:16Z,2026-08-14T21:55:22Z,6.0,7
41,agent1,0,edge_b294a37d5d83ee19,True,2026-08-14T21:56:43Z,2026-08-14T21:56:49Z,6.0,7
42,agent1,2,edge_84ad5ce9548e00db,True,2026-08-14T22:11:42Z,2026-08-14T22:11:49Z,7.0,7
42,agent1,2,edge_4edea6920370420e,False,,,,0
42,agent1,2,edge_b384c33be5a04bf9,True,2026-08-14T22:10:55Z,2026-08-14T22:11:02Z,7.0,7
42,agent1,2,edge_fa7e5f4208cbef1e,True,2026-08-14T22:06:46Z,2026-08-14T22:06:52Z,6.0,7
42,agent1,2,edge_7113690dfbd93d70,True,2026-08-14T22:09:11Z,2026-08-14T22:09:19Z,8.0,7
42,agent1,2,edge_5a3fdcfa99911b57,True,2026-08-14T22:08:14Z,2026-08-14T22:08:19Z,5.0,7
42,agent1,1,edge_84ad5ce9548e00db,True,2026-08-14T22:09:10Z,2026-08-14T22:09:17Z,7.0,7
42,agent1,1,edge_4edea6920370420e,True,2026-08-14T22:09:57Z,2026-08-14T22:10:03Z,6.0,7
42,agent1,1,edge_b384c33be5a04bf9,True,2026-08-14T22:07:42Z,2026-08-14T22:07:49Z,7.0,7
42,agent1,1,edge_fa7e5f4208cbef1e,True,2026-08-14T22:04:31Z,2026-08-14T22:04:36Z,5.0,7
42,agent1,1,edge_7113690dfbd93d70,True,2026-08-14T22:06:13Z,2026-08-14T22:06:19Z,6.0,7
42,agent1,1,edge_5a3fdcfa99911b57,True,2026-08-14T22:05:25Z,2026-08-14T22:05:31Z,6.0,7
42,agent1,0,edge_84ad5ce9548e00db,True,2026-08-14T22:07:09Z,2026-08-14T22:07:16Z,7.0,7
42,agent1,0,edge_4edea6920370420e,True,2026-08-14T22:08:43Z,2026-08-14T22:08:51Z,8.0,7
42,agent1,0,edge_b384c33be5a04bf9,True,2026-08-14T22:06:19Z,2026-08-14T22:06:24Z,5.0,7
42,agent1,0,edge_fa7e5f4208cbef1e,False,,,,0
42,agent1,0,edge_7113690dfbd93d70,True,2026-08-14T22:04:49Z,2026-08-14T22:04:55Z,6.0,7
42,agent1,0,edge_5a3fdcfa99911b57,True,2026-08-14T22:03:22Z,2026-08-14T22:03:28Z,6.0,7
47,agent1,2,edge_189ac8dde1ec0bab,True,2026-08-14T22:15:56Z,2026-08-14T22:16:01Z,5.0,7
47,agent1,2,edge_fec9155b3a06a4b8,True,2026-08-14T22:12:09Z,2026-08-14T22:12:15Z,6.0,7
47,agent1,2,edge_77f61079263077eb,True,2026-08-14T22:17:55Z,2026-08-14T22:18:01Z,6.0,7
47,agent1,2,edge_12df7f979667fd2d,True,2026-08-14T22:16:47Z,2026-08-14T22:16:54Z,7.0,7
47,agent1,2,edge_6b3d5436f8b71c93,True,2026-08-14T22:14:40Z,2026-08-14T22:14:46Z,6.0,7
47,agent1,2,edge_012675d1420bc80f,True,2026-08-14T22:13:24Z,2026-08-14T22:13:29Z,5.0,7
47,agent1,1,edge_189ac8dde1ec0bab,True,2026-08-14T22:14:10Z,2026-08-14T22:14:16Z,6.0,7
47,agent1,1,edge_fec9155b3a06a4b8,True,2026-08-14T22:10:45Z,2026-08-14T22:10:50Z,5.0,7
47,agent1,1,edge_77f61079263077eb,False,,,,0
47,agent1,1,edge_12df7f979667fd2d,True,2026-08-14T22:15:38Z,2026-08-14T22:15:44Z,6.0,7
47,agent1,1,edge_6b3d5436f8b71c93,True,2026-08-14T22:12:32Z,2026-08-14T22:12:38Z,6.0,7
47,agent1,1,edge_012675d1420bc80f,True,2026-08-14T22:11:27Z,2026-08-14T22:11:32Z,5.0,7
47,agent1,0,edge_189ac8dde1ec0bab,True,2026-08-14T22:10:24Z,2026-08-14T22:10:30Z,6.0,7
47,agent1,0,edge_fec9155b3a06a4b8,True,2026-08-14T22:07:13Z,2026-08-14T22:07:20Z,7.0,7
47,agent1,0,edge_77f61079263077eb,True,2026-08-14T22:12:53Z,2026-08-14T22:12:59Z,6.0,7
47,agent1,0,edge_12df7f979667fd2d,True,2026-08-14T22:11:25Z,2026-08-14T22:11:32Z,7.0,7
47,agent1,0,edge_6b3d5436f8b71c93,True,2026-08-14T22:09:28Z,2026-08-14T22:09:34Z,6.0,7
47,agent1,0,edge_012675d1420bc80f,True,2026-08-14T22:08:12Z,2026-08-14T22:08:17Z,5.0,7
48,agent1,2,edge_a5f0f3dd65215081,True,2026-08-14T22:26:01Z,2026-08-14T22:26:06Z,5.0,7
48,agent1,2,edge_bd5f0fad7ece30a3,True,2026-08-14T22:21:30Z,2026-08-14T22:21:38Z,8.0,7
48,agent1,2,edge_7511e7ce6bc5dcc9,False,,,,0
48,agent1,2,edge_02058dd607632bec,True,2026-08-14T22:24:05Z,2026-08-14T22:24:11Z,6.0,7
48,agent1,2,edge_9e059ba5fb4f5584,True,2026-08-14T22:23:14Z,2026-08-14T22:23:19Z,5.0,7
48,agent1,2,edge_22f6d0867297dfe9,True,2026-08-14T22:20:03Z,2026-08-14T22:20:10Z,7.0,7
48,agent1,1,edge_a5f0f3dd65215081,False,,,,0
48,agent1,1,edge_bd5f0fad7ece30a3,True,2026-08-14T22:17:11Z,2026-08-14T22:17:19Z,8.0,7
48,agent1,1,edge_7511e7ce6bc5dcc9,True,2026-08-14T22:20:33Z,2026-08-14T22:20:39Z,6.0,7
48,agent1,1,edge_02058dd607632bec,True,2026-08-14T22:19:10Z,2026-08-14T22:19:16Z,6.0,7
48,agent1,1,edge_9e059ba5fb4f5584,True,2026-08-14T22:18:20Z,2026-08-14T22:18:26Z,6.0,7
48,agent1,1,edge_22f6d0867297dfe9,True,2026-08-14T22:15:38Z,2026-08-14T22:15:43Z,5.0,7
48,agent1,0,edge_a5f0f3dd65215081,True,2026-08-14T22:22:05Z,2026-08-14T22:22:11Z,6.0,7
48,agent1,0,edge_bd5f0fad7ece30a3,True,2026-08-14T22:17:35Z,2026-08-14T22:17:41Z,6.0,7
48,agent1,0,edge_7511e7ce6bc5dcc9,False,,,,0
48,agent1,0,edge_02058dd607632bec,True,2026-08-14T22:20:33Z,2026-08-14T22:20:40Z,7.0,7
48,agent1,0,edge_9e059ba5fb4f5584,True,2026-08-14T22:19:02Z,2026-08-14T22:19:10Z,8.0,7
48,agent1,0,edge_22f6d0867297dfe9,True,2026-08-14T22:16:09Z,2026-08-14T22:16:15Z,6.0,7
51,agent1,2,edge_f2138d863a0047a8,False,,,,0
51,agent1,2,edge_a9b430e5fe83b825,True,2026-08-14T22:28:56Z,2026-08-14T22:29:02Z,6.0,7
51,agent1,2,edge_2dde1873d5ae39c4,True,2026-08-14T22:30:29Z,2026-08-14T22:30:36Z,7.0,7
51,agent1,2,edge_50d7e94d3eb02178,True,2026-08-14T22:24:05Z,2026-08-14T22:24:13Z,8.0,7
51,agent1,2,edge_7ab95768d99bd674,True,2026-08-14T22:26:54Z,2026-08-14T22:27:01Z,7.0,7
51,agent1,2,edge_02dfda000c814cf3,False,,,,0
51,agent1,1,edge_f2138d863a0047a8,True,2026-08-14T22:25:12Z,2026-08-14T22:25:18Z,6.0,7
51,agent1,1,edge_a9b430e5fe83b825,True,2026-08-14T22:31:01Z,2026-08-14T22:31:07Z,6.0,7
51,agent1,1,edge_2dde1873d5ae39c4,True,2026-08-14T22:32:32Z,2026-08-14T22:32:37Z,5.0,7
51,agent1,1,edge_50d7e94d3eb02178,True,2026-08-14T22:23:46Z,2026-08-14T22:23:52Z,6.0,7
51,agent1,1,edge_7ab95768d99bd674,True,2026-08-14T22:29:26Z,2026-08-14T22:29:33Z,7.0,7
51,agent1,1,edge_02dfda000c814cf3,True,2026-08-14T22:27:26Z,2026-08-14T22:27:34Z,8.0,7
51,agent1,0,edge_f2138d863a0047a8,True,2026-08-14T22:21:26Z,2026-08-14T22:21:32Z,6.0,7
51,agent1,0,edge_a9b430e5fe83b825,True,2026-08-14T22:25:58Z,2026-08-14T22:26:04Z,6.0,7
51,agent1,0,edge_2dde1873d5ae39c4,True,2026-08-14T22:28:27Z,2026-08-14T22:28:33Z,6.0,7
51,agent1,0,edge_50d7e94d3eb02178,True,2026-08-14T22:19:36Z,2026-08-14T22:19:43Z,7.0,7
51,agent1,0,edge_7ab95768d99bd674,True,2026-08-14T22:24:48Z,2026-08-14T22:24:55Z,7.0,7
51,agent1,0,edge_02dfda000c814cf3,True,2026-08-14T22:23:29Z,2026-08-14T22:23:35Z,6.0,7
52,agent1,2,edge_f8486db847ce290b,True,2026-08-15T00:23:32Z,2026-08-15T00:23:39Z,7.0,7
52,agent1,2,edge_a0234a5e03cc45fc,False,,,,0
52,agent1,2,edge_0d013c8c8d0f55d1,False,,,,0
52,agent1,2,edge_57a38b336a2ed1e5,True,2026-08-14T22:41:07Z,2026-08-14T22:41:14Z,7.0,7
52,agent1,2,edge_3cff6d9cd4be31cd,True,2026-08-14T22:34:49Z,2026-08-14T22:34:55Z,6.0,7
52,agent1,2,edge_edcf2bab3688dff5,True,2026-08-14T22:38:14Z,2026-08-14T22:38:21Z,7.0,7
52,agent1,1,edge_f8486db847ce290b,False,,,,0
52,agent1,1,edge_a0234a5e03cc45fc,False,,,,0
52,agent1,1,edge_0d013c8c8d0f55d1,True,2026-08-14T22:41:59Z,2026-08-14T22:42:06Z,7.0,7
52,agent1,1,edge_57a38b336a2ed1e5,True,2026-08-14T22:38:15Z,2026-08-14T22:38:21Z,6.0,7
52,agent1,1,edge_3cff6d9cd4be31cd,True,2026-08-14T22:33:55Z,2026-08-14T22:34:01Z,6.0,7
52,agent1,1,edge_edcf2bab3688dff5,True,2026-08-14T22:36:39Z,2026-08-14T22:36:46Z,7.0,7
52,agent1,0,edge_f8486db847ce290b,True,2026-08-14T22:38:59Z,2026-08-14T22:39:05Z,6.0,7
52,agent1,0,edge_a0234a5e03cc45fc,True,2026-08-14T22:34:49Z,2026-08-14T22:34:55Z,6.0,7
52,agent1,0,edge_0d013c8c8d0f55d1,True,2026-08-14T22:37:21Z,2026-08-14T22:37:28Z,7.0,7
52,agent1,0,edge_57a38b336a2ed1e5,True,2026-08-14T22:32:30Z,2026-08-14T22:32:37Z,7.0,7
52,agent1,0,edge_3cff6d9cd4be31cd,True,2026-08-14T22:27:58Z,2026-08-14T22:28:05Z,7.0,7
52,agent1,0,edge_edcf2bab3688dff5,True,2026-08-14T22:30:19Z,2026-08-14T22:30:25Z,6.0,7
53,agent1,2,edge_f1a8ad2ba2f71233,True,2026-08-15T00:30:59Z,2026-08-15T00:31:06Z,7.0,7
53,agent1,2,edge_bd6efcb4a7ad8d4e,True,2026-08-15T00:26:02Z,2026-08-15T00:26:08Z,6.0,7
53,agent1,2,edge_1e1d1ddc177e2349,True,2026-08-15T00:27:23Z,2026-08-15T00:27:29Z,6.0,7
53,agent1,2,edge_f6548632c0751e50,True,2026-08-15T00:32:39Z,2026-08-15T00:32:46Z,7.0,7
53,agent1,2,edge_bc549552df6e46a9,True,2026-08-15T00:23:53Z,2026-08-15T00:23:59Z,6.0,7
53,agent1,2,edge_72584ad601d9e7dd,True,2026-08-15T00:29:11Z,2026-08-15T00:29:17Z,6.0,7
53,agent1,1,edge_f1a8ad2ba2f71233,True,2026-08-15T00:29:24Z,2026-08-15T00:29:32Z,8.0,7
53,agent1,1,edge_bd6efcb4a7ad8d4e,False,,,,0
53,agent1,1,edge_1e1d1ddc177e2349,True,2026-08-15T00:24:27Z,2026-08-15T00:24:33Z,6.0,7
53,agent1,1,edge_f6548632c0751e50,True,2026-08-15T00:32:00Z,2026-08-15T00:32:06Z,6.0,7
53,agent1,1,edge_bc549552df6e46a9,False,,,,0
53,agent1,1,edge_72584ad601d9e7dd,True,2026-08-15T00:26:43Z,2026-08-15T00:26:50Z,7.0,7
53,agent1,0,edge_f1a8ad2ba2f71233,False,,,,0
53,agent1,0,edge_bd6efcb4a7ad8d4e,True,2026-08-14T22:41:27Z,2026-08-14T22:41:32Z,5.0,7
53,agent1,0,edge_1e1d1ddc177e2349,False,,,,0
53,agent1,0,edge_f6548632c0751e50,True,2026-08-15T00:24:23Z,2026-08-15T00:24:30Z,7.0,7
53,agent1,0,edge_bc549552df6e46a9,True,2026-08-14T22:38:47Z,2026-08-14T22:38:53Z,6.0,7
53,agent1,0,edge_72584ad601d9e7dd,False,,,,0
57,agent1,2,edge_54a7c855e210990b,True,2026-08-15T00:42:22Z,2026-08-15T00:42:29Z,7.0,7
57,agent1,2,edge_e2ad4defa3118f8f,True,2026-08-15T00:37:24Z,2026-08-15T00:37:30Z,6.0,7
57,agent1,2,edge_fd579bd34a64bb5e,True,2026-08-15T00:35:25Z,2026-08-15T00:35:31Z,6.0,7
57,agent1,2,edge_f6fbb0321014288e,True,2026-08-15T00:40:29Z,2026-08-15T00:40:37Z,8.0,7
57,agent1,2,edge_651cbe5c793be501,True,2026-08-15T00:43:51Z,2026-08-15T00:43:58Z,7.0,7
57,agent1,2,edge_739ba5750a16a9f0,True,2026-08-15T00:39:16Z,2026-08-15T00:39:23Z,7.0,7
57,agent1,1,edge_54a7c855e210990b,True,2026-08-15T00:33:20Z,2026-08-15T00:33:26Z,6.0,7
57,agent1,1,edge_e2ad4defa3118f8f,True,2026-08-15T00:28:32Z,2026-08-15T00:28:38Z,6.0,7
57,agent1,1,edge_fd579bd34a64bb5e,True,2026-08-15T00:26:20Z,2026-08-15T00:26:27Z,7.0,7
57,agent1,1,edge_f6fbb0321014288e,True,2026-08-15T00:32:01Z,2026-08-15T00:32:07Z,6.0,7
57,agent1,1,edge_651cbe5c793be501,True,2026-08-15T00:35:28Z,2026-08-15T00:35:34Z,6.0,7
57,agent1,1,edge_739ba5750a16a9f0,True,2026-08-15T00:30:01Z,2026-08-15T00:30:08Z,7.0,7
57,agent1,0,edge_54a7c855e210990b,True,2026-08-15T00:34:27Z,2026-08-15T00:34:33Z,6.0,7
57,agent1,0,edge_e2ad4defa3118f8f,True,2026-08-15T00:28:54Z,2026-08-15T00:29:01Z,7.0,7
57,agent1,0,edge_fd579bd34a64bb5e,True,2026-08-15T00:27:01Z,2026-08-15T00:27:08Z,7.0,7
57,agent1,0,edge_f6fbb0321014288e,True,2026-08-15T00:32:24Z,2026-08-15T00:32:29Z,5.0,7
57,agent1,0,edge_651cbe5c793be501,True,2026-08-15T00:36:27Z,2026-08-15T00:36:34Z,7.0,7
57,agent1,0,edge_739ba5750a16a9f0,True,2026-08-15T00:30:31Z,2026-08-15T00:30:38Z,7.0,7
6,agent1,2,edge_96bd309daf8c14d2,True,2026-08-15T00:39:33Z,2026-08-15T00:39:39Z,6.0,7
6,agent1,2,edge_44c53a04e23f509c,True,2026-08-15T00:38:32Z,2026-08-15T00:38:37Z,5.0,7
6,agent1,2,edge_eda1b5d371a8279d,True,2026-08-15T00:40:58Z,2026-08-15T00:41:04Z,6.0,7
6,agent1,2,edge_52670e5bba0862fd,True,2026-08-15T00:42:54Z,2026-08-15T00:43:00Z,6.0,7
6,agent1,2,edge_f04d6e9c8379d4da,True,2026-08-15T00:41:47Z,2026-08-15T00:41:53Z,6.0,7
6,agent1,2,edge_d07654c123af2fdd,False,,,,0
6,agent1,1,edge_96bd309daf8c14d2,True,2026-08-15T00:39:21Z,2026-08-15T00:39:27Z,6.0,7
6,agent1,1,edge_44c53a04e23f509c,True,2026-08-15T00:38:30Z,2026-08-15T00:38:36Z,6.0,7
6,agent1,1,edge_eda1b5d371a8279d,False,,,,0
6,agent1,1,edge_52670e5bba0862fd,True,2026-08-15T00:42:26Z,2026-08-15T00:42:31Z,5.0,7
6,agent1,1,edge_f04d6e9c8379d4da,True,2026-08-15T00:41:31Z,2026-08-15T00:41:36Z,5.0,7
6,agent1,1,edge_d07654c123af2fdd,False,,,,0
6,agent1,0,edge_96bd309daf8c14d2,True,2026-08-15T00:34:57Z,2026-08-15T00:35:04Z,7.0,7
6,agent1,0,edge_44c53a04e23f509c,True,2026-08-15T00:33:56Z,2026-08-15T00:34:01Z,5.0,7
6,agent1,0,edge_eda1b5d371a8279d,True,2026-08-15T00:36:57Z,2026-08-15T00:37:02Z,5.0,7
6,agent1,0,edge_52670e5bba0862fd,True,2026-08-15T00:39:01Z,2026-08-15T00:39:07Z,6.0,7
6,agent1,0,edge_f04d6e9c8379d4da,True,2026-08-15T00:37:53Z,2026-08-15T00:37:59Z,6.0,7
6,agent1,0,edge_d07654c123af2fdd,True,2026-08-15T00:35:54Z,2026-08-15T00:36:00Z,6.0,7
60,agent1,2,edge_ddd995e3f1fa223c,True,2026-08-15T00:47:35Z,2026-08-15T00:47:42Z,7.0,7
60,agent1,2,edge_23676e9be796d1bb,True,2026-08-15T00:54:31Z,2026-08-15T00:54:38Z,7.0,7
60,agent1,2,edge_bf4e791c6a1e9fa0,True,2026-08-15T01:00:41Z,2026-08-15T01:00:48Z,7.0,7
60,agent1,2,edge_f0c1b8b390b4ff90,True,2026-08-15T00:51:23Z,2026-08-15T00:51:29Z,6.0,7
60,agent1,2,edge_8d46a19fa14da60d,True,2026-08-15T00:49:26Z,2026-08-15T00:49:34Z,8.0,7
60,agent1,2,edge_3cafd9982e781c5d,True,2026-08-15T00:57:23Z,2026-08-15T00:57:30Z,7.0,7
60,agent1,1,edge_ddd995e3f1fa223c,True,2026-08-15T00:46:25Z,2026-08-15T00:46:32Z,7.0,7
60,agent1,1,edge_23676e9be796d1bb,True,2026-08-15T00:53:24Z,2026-08-15T00:53:30Z,6.0,7
60,agent1,1,edge_bf4e791c6a1e9fa0,True,2026-08-15T00:59:47Z,2026-08-15T00:59:53Z,6.0,7
60,agent1,1,edge_f0c1b8b390b4ff90,True,2026-08-15T00:51:05Z,2026-08-15T00:51:11Z,6.0,7
60,agent1,1,edge_8d46a19fa14da60d,True,2026-08-15T00:48:52Z,2026-08-15T00:48:59Z,7.0,7
60,agent1,1,edge_3cafd9982e781c5d,True,2026-08-15T00:55:41Z,2026-08-15T00:55:47Z,6.0,7
60,agent1,0,edge_ddd995e3f1fa223c,True,2026-08-15T00:44:20Z,2026-08-15T00:44:27Z,7.0,7
60,agent1,0,edge_23676e9be796d1bb,True,2026-08-15T00:50:08Z,2026-08-15T00:50:15Z,7.0,7
60,agent1,0,edge_bf4e791c6a1e9fa0,True,2026-08-15T00:53:50Z,2026-08-15T00:53:59Z,9.0,7
60,agent1,0,edge_f0c1b8b390b4ff90,True,2026-08-15T00:47:07Z,2026-08-15T00:47:14Z,7.0,7
60,agent1,0,edge_8d46a19fa14da60d,True,2026-08-15T00:45:47Z,2026-08-15T00:45:54Z,7.0,7
60,agent1,0,edge_3cafd9982e781c5d,True,2026-08-15T00:51:54Z,2026-08-15T00:52:01Z,7.0,7
61,agent1,2,edge_f8f1d12d55e7021c,False,,,,0
61,agent1,2,edge_60936a82059d97db,True,2026-08-15T01:01:03Z,2026-08-15T01:01:09Z,6.0,7
61,agent1,2,edge_dac166e5188f321a,True,2026-08-15T01:08:11Z,2026-08-15T01:08:18Z,7.0,7
61,agent1,2,edge_0747d1882e1f52b4,True,2026-08-15T01:06:59Z,2026-08-15T01:07:07Z,8.0,7
61,agent1,2,edge_ca64667f51159ae4,True,2026-08-15T01:04:42Z,2026-08-15T01:04:49Z,7.0,7
61,agent1,2,edge_30d62c022729fdc3,True,2026-08-15T01:02:46Z,2026-08-15T01:02:52Z,6.0,7
61,agent1,1,edge_f8f1d12d55e7021c,True,2026-08-15T00:58:36Z,2026-08-15T00:58:42Z,6.0,7
61,agent1,1,edge_60936a82059d97db,True,2026-08-15T00:59:56Z,2026-08-15T01:00:03Z,7.0,7
61,agent1,1,edge_dac166e5188f321a,True,2026-08-15T01:07:58Z,2026-08-15T01:08:04Z,6.0,7
61,agent1,1,edge_0747d1882e1f52b4,True,2026-08-15T01:05:53Z,2026-08-15T01:06:00Z,7.0,7
61,agent1,1,edge_ca64667f51159ae4,True,2026-08-15T01:03:52Z,2026-08-15T01:03:58Z,6.0,7
61,agent1,1,edge_30d62c022729fdc3,True,2026-08-15T01:01:48Z,2026-08-15T01:01:55Z,7.0,7
61,agent1,0,edge_f8f1d12d55e7021c,True,2026-08-15T00:46:11Z,2026-08-15T00:46:16Z,5.0,7
61,agent1,0,edge_60936a82059d97db,True,2026-08-15T00:47:36Z,2026-08-15T00:47:41Z,5.0,7
61,agent1,0,edge_dac166e5188f321a,True,2026-08-15T00:54:54Z,2026-08-15T00:55:01Z,7.0,7
61,agent1,0,edge_0747d1882e1f52b4,True,2026-08-15T00:52:27Z,2026-08-15T00:52:33Z,6.0,7
61,agent1,0,edge_ca64667f51159ae4,True,2026-08-15T00:50:40Z,2026-08-15T00:50:46Z,6.0,7
61,agent1,0,edge_30d62c022729fdc3,False,,,,0
63,agent1,2,edge_3deb524320e03c97,True,2026-08-15T01:17:46Z,2026-08-15T01:17:52Z,6.0,7
63,agent1,2,edge_8a4492345baf5941,True,2026-08-15T01:13:21Z,2026-08-15T01:13:28Z,7.0,7
63,agent1,2,edge_4b3825ac4aef706f,True,2026-08-15T01:21:43Z,2026-08-15T01:21:50Z,7.0,7
63,agent1,2,edge_ed814d3d87aaf011,True,2026-08-15T01:15:35Z,2026-08-15T01:15:42Z,7.0,7
63,agent1,2,edge_5bffbc42495e5395,True,2026-08-15T01:10:44Z,2026-08-15T01:10:50Z,6.0,7
63,agent1,2,edge_27ba8040ca80af17,True,2026-08-15T01:20:12Z,2026-08-15T01:20:18Z,6.0,7
63,agent1,1,edge_3deb524320e03c97,True,2026-08-15T01:08:44Z,2026-08-15T01:08:50Z,6.0,7
63,agent1,1,edge_8a4492345baf5941,True,2026-08-15T01:04:30Z,2026-08-15T01:04:36Z,6.0,7
63,agent1,1,edge_4b3825ac4aef706f,True,2026-08-15T01:12:48Z,2026-08-15T01:12:54Z,6.0,7
63,agent1,1,edge_ed814d3d87aaf011,True,2026-08-15T01:06:24Z,2026-08-15T01:06:31Z,7.0,7
63,agent1,1,edge_5bffbc42495e5395,True,2026-08-15T01:02:43Z,2026-08-15T01:02:49Z,6.0,7
63,agent1,1,edge_27ba8040ca80af17,True,2026-08-15T01:10:51Z,2026-08-15T01:10:57Z,6.0,7
63,agent1,0,edge_3deb524320e03c97,True,2026-08-15T01:10:15Z,2026-08-15T01:10:25Z,10.0,7
63,agent1,0,edge_8a4492345baf5941,True,2026-08-15T01:05:15Z,2026-08-15T01:05:21Z,6.0,7
63,agent1,0,edge_4b3825ac4aef706f,True,2026-08-15T01:15:12Z,2026-08-15T01:15:18Z,6.0,7
63,agent1,0,edge_ed814d3d87aaf011,True,2026-08-15T01:07:45Z,2026-08-15T01:07:50Z,5.0,7
63,agent1,0,edge_5bffbc42495e5395,True,2026-08-15T01:03:24Z,2026-08-15T01:03:31Z,7.0,7
63,agent1,0,edge_27ba8040ca80af17,True,2026-08-15T01:13:00Z,2026-08-15T01:13:08Z,8.0,7
64,agent1,2,edge_40bdfd8a8f0b6493,True,2026-08-15T01:22:58Z,2026-08-15T01:23:04Z,6.0,7
64,agent1,2,edge_974790b7a7940512,True,2026-08-15T01:26:49Z,2026-08-15T01:26:57Z,8.0,7
64,agent1,2,edge_4a89def3affa9949,True,2026-08-15T01:21:05Z,2026-08-15T01:21:11Z,6.0,7
64,agent1,2,edge_5f970f1f80418521,True,2026-08-15T01:17:01Z,2026-08-15T01:17:08Z,7.0,7
64,agent1,2,edge_d297c438e2aede55,True,2026-08-15T01:19:14Z,2026-08-15T01:19:21Z,7.0,7
64,agent1,2,edge_c347933dcafbf868,True,2026-08-15T01:24:59Z,2026-08-15T01:25:05Z,6.0,7
64,agent1,1,edge_40bdfd8a8f0b6493,False,,,,0
64,agent1,1,edge_974790b7a7940512,True,2026-08-15T01:24:29Z,2026-08-15T01:24:36Z,7.0,7
64,agent1,1,edge_4a89def3affa9949,True,2026-08-15T01:20:11Z,2026-08-15T01:20:17Z,6.0,7
64,agent1,1,edge_5f970f1f80418521,True,2026-08-15T01:16:30Z,2026-08-15T01:16:37Z,7.0,7
64,agent1,1,edge_d297c438e2aede55,True,2026-08-15T01:18:19Z,2026-08-15T01:18:25Z,6.0,7
64,agent1,1,edge_c347933dcafbf868,True,2026-08-15T01:22:36Z,2026-08-15T01:22:43Z,7.0,7
64,agent1,0,edge_40bdfd8a8f0b6493,True,2026-08-15T01:16:03Z,2026-08-15T01:16:08Z,5.0,7
64,agent1,0,edge_974790b7a7940512,True,2026-08-15T01:19:42Z,2026-08-15T01:19:50Z,8.0,7
64,agent1,0,edge_4a89def3affa9949,True,2026-08-15T01:14:17Z,2026-08-15T01:14:24Z,7.0,7
64,agent1,0,edge_5f970f1f80418521,True,2026-08-15T01:10:24Z,2026-08-15T01:10:31Z,7.0,7
64,agent1,0,edge_d297c438e2aede55,True,2026-08-15T01:12:19Z,2026-08-15T01:12:27Z,8.0,7
64,agent1,0,edge_c347933dcafbf868,True,2026-08-15T01:17:55Z,2026-08-15T01:18:01Z,6.0,7
65,agent1,2,edge_4cd015c71f682c19,False,,,,0
65,agent1,2,edge_96a983d507362124,False,,,,0
65,agent1,2,edge_85a21985c14da13f,False,,,,0
65,agent1,2,edge_f14300931d6ae49b,True,2026-08-15T01:28:34Z,2026-08-15T01:28:40Z,6.0,7
65,agent1,2,edge_c3593a1ca9ad0324,False,,,,0
65,agent1,2,edge_d9b6bce844cd62aa,True,2026-08-15T03:41:22Z,2026-08-15T03:41:28Z,6.0,7
65,agent1,1,edge_4cd015c71f682c19,False,,,,0
65,agent1,1,edge_96a983d507362124,False,,,,0
65,agent1,1,edge_85a21985c14da13f,False,,,,0
65,agent1,1,edge_f14300931d6ae49b,True,2026-08-15T01:27:56Z,2026-08-15T01:28:05Z,9.0,7
65,agent1,1,edge_c3593a1ca9ad0324,False,,,,0
65,agent1,1,edge_d9b6bce844cd62aa,False,,,,0
65,agent1,0,edge_4cd015c71f682c19,False,,,,0
65,agent1,0,edge_96a983d507362124,True,2026-08-15T01:28:55Z,2026-08-15T01:29:02Z,7.0,7
65,agent1,0,edge_85a21985c14da13f,False,,,,0
65,agent1,0,edge_f14300931d6ae49b,True,2026-08-15T01:24:29Z,2026-08-15T01:24:36Z,7.0,7
65,agent1,0,edge_c3593a1ca9ad0324,False,,,,0
65,agent1,0,edge_d9b6bce844cd62aa,False,,,,0
66,agent1,2,edge_f1ed2d27553a8a2e,False,,,,0
66,agent1,2,edge_8711043042b62cac,True,2026-08-15T03:44:48Z,2026-08-15T03:44:54Z,6.0,7
66,agent1,2,edge_0819090320232217,True,2026-08-15T03:40:49Z,2026-08-15T03:40:55Z,6.0,7
66,agent1,2,edge_7c530c69c331c2c9,True,2026-08-15T03:46:57Z,2026-08-15T03:47:03Z,6.0,7
66,agent1,2,edge_a09f97cd44b1385d,True,2026-08-15T03:49:01Z,2026-08-15T03:49:08Z,7.0,7
66,agent1,2,edge_b24778b93a8a54f0,True,2026-08-15T03:51:18Z,2026-08-15T03:51:24Z,6.0,7
66,agent1,1,edge_f1ed2d27553a8a2e,True,2026-08-15T03:49:06Z,2026-08-15T03:49:12Z,6.0,7
66,agent1,1,edge_8711043042b62cac,True,2026-08-15T03:41:26Z,2026-08-15T03:41:31Z,5.0,7
66,agent1,1,edge_0819090320232217,False,,,,0
66,agent1,1,edge_7c530c69c331c2c9,True,2026-08-15T03:45:34Z,2026-08-15T03:45:41Z,7.0,7
66,agent1,1,edge_a09f97cd44b1385d,True,2026-08-15T03:47:28Z,2026-08-15T03:47:33Z,5.0,7
66,agent1,1,edge_b24778b93a8a54f0,True,2026-08-15T03:51:19Z,2026-08-15T03:51:26Z,7.0,7
66,agent1,0,edge_f1ed2d27553a8a2e,True,2026-08-15T03:45:26Z,2026-08-15T03:45:31Z,5.0,7
66,agent1,0,edge_8711043042b62cac,True,2026-08-15T02:34:43Z,2026-08-15T02:34:49Z,6.0,7
66,agent1,0,edge_0819090320232217,False,,,,0
66,agent1,0,edge_7c530c69c331c2c9,False,,,,0
66,agent1,0,edge_a09f97cd44b1385d,True,2026-08-15T03:41:23Z,2026-08-15T03:41:29Z,6.0,7
66,agent1,0,edge_b24778b93a8a54f0,True,2026-08-15T03:47:53Z,2026-08-15T03:47:59Z,6.0,7
68,agent1,2,edge_2ec992247c1dce4d,True,2026-08-15T04:00:43Z,2026-08-15T04:00:49Z,6.0,7
68,agent1,2,edge_c79a01df5685a217,True,2026-08-15T04:05:07Z,2026-08-15T04:05:13Z,6.0,7
68,agent1,2,edge_7b4694abf1b78f1b,True,2026-08-15T03:55:55Z,2026-08-15T03:56:02Z,7.0,7
68,agent1,2,edge_929716bdb213c224,True,2026-08-15T04:07:25Z,2026-08-15T04:07:32Z,7.0,7
68,agent1,2,edge_e6acc575db741685,True,2026-08-15T04:02:35Z,2026-08-15T04:02:41Z,6.0,7
68,agent1,2,edge_43709ea2a2add4e0,True,2026-08-15T03:57:50Z,2026-08-15T03:57:56Z,6.0,7
68,agent1,1,edge_2ec992247c1dce4d,True,2026-08-15T03:55:33Z,2026-08-15T03:55:39Z,6.0,7
68,agent1,1,edge_c79a01df5685a217,True,2026-08-15T03:59:22Z,2026-08-15T03:59:28Z,6.0,7
68,agent1,1,edge_7b4694abf1b78f1b,True,2026-08-15T03:52:03Z,2026-08-15T03:52:10Z,7.0,7
68,agent1,1,edge_929716bdb213c224,True,2026-08-15T04:02:30Z,2026-08-15T04:02:35Z,5.0,7
68,agent1,1,edge_e6acc575db741685,True,2026-08-15T03:57:19Z,2026-08-15T03:57:26Z,7.0,7
68,agent1,1,edge_43709ea2a2add4e0,True,2026-08-15T03:54:22Z,2026-08-15T03:54:28Z,6.0,7
68,agent1,0,edge_2ec992247c1dce4d,True,2026-08-15T03:47:48Z,2026-08-15T03:47:55Z,7.0,7
68,agent1,0,edge_c79a01df5685a217,True,2026-08-15T03:52:30Z,2026-08-15T03:52:35Z,5.0,7
68,agent1,0,edge_7b4694abf1b78f1b,False,,,,0
68,agent1,0,edge_929716bdb213c224,True,2026-08-15T03:54:36Z,2026-08-15T03:54:42Z,6.0,7
68,agent1,0,edge_e6acc575db741685,True,2026-08-15T03:50:58Z,2026-08-15T03:51:04Z,6.0,7
68,agent1,0,edge_43709ea2a2add4e0,True,2026-08-15T03:45:19Z,2026-08-15T03:45:25Z,6.0,7
69,agent1,2,edge_8d984636db5de24e,True,2026-08-15T04:18:24Z,2026-08-15T04:18:31Z,7.0,7
69,agent1,2,edge_2cd48a379cb19d75,True,2026-08-15T04:16:12Z,2026-08-15T04:16:18Z,6.0,7
69,agent1,2,edge_87f4a41ac584c32c,True,2026-08-15T04:09:41Z,2026-08-15T04:09:46Z,5.0,7
69,agent1,2,edge_76d722207efc03ad,True,2026-08-15T04:12:17Z,2026-08-15T04:12:22Z,5.0,7
69,agent1,2,edge_8117eceace377f97,True,2026-08-15T04:07:46Z,2026-08-15T04:07:53Z,7.0,7
69,agent1,2,edge_7c031cd790e73436,True,2026-08-15T04:14:51Z,2026-08-15T04:14:56Z,5.0,7
69,agent1,1,edge_8d984636db5de24e,True,2026-08-15T04:13:46Z,2026-08-15T04:13:52Z,6.0,7
69,agent1,1,edge_2cd48a379cb19d75,True,2026-08-15T04:12:00Z,2026-08-15T04:12:07Z,7.0,7
69,agent1,1,edge_87f4a41ac584c32c,True,2026-08-15T04:04:55Z,2026-08-15T04:05:01Z,6.0,7
69,agent1,1,edge_76d722207efc03ad,True,2026-08-15T04:08:19Z,2026-08-15T04:08:25Z,6.0,7
69,agent1,1,edge_8117eceace377f97,True,2026-08-15T04:01:35Z,2026-08-15T04:01:43Z,8.0,7
69,agent1,1,edge_7c031cd790e73436,True,2026-08-15T04:10:15Z,2026-08-15T04:10:22Z,7.0,7
69,agent1,0,edge_8d984636db5de24e,True,2026-08-15T04:04:35Z,2026-08-15T04:04:41Z,6.0,7
69,agent1,0,edge_2cd48a379cb19d75,True,2026-08-15T04:02:09Z,2026-08-15T04:02:15Z,6.0,7
69,agent1,0,edge_87f4a41ac584c32c,True,2026-08-15T03:57:08Z,2026-08-15T03:57:15Z,7.0,7
69,agent1,0,edge_76d722207efc03ad,True,2026-08-15T03:58:40Z,2026-08-15T03:58:46Z,6.0,7
69,agent1,0,edge_8117eceace377f97,True,2026-08-15T03:54:57Z,2026-08-15T03:55:03Z,6.0,7
69,agent1,0,edge_7c031cd790e73436,True,2026-08-15T04:00:24Z,2026-08-15T04:00:30Z,6.0,7
70,agent1,2,edge_a10e130b3c645a98,True,2026-08-15T04:22:19Z,2026-08-15T04:22:25Z,6.0,7
70,agent1,2,edge_08c6c6566cbdeebd,False,,,,0
70,agent1,2,edge_4d833bcc0f525ed8,False,,,,0
70,agent1,2,edge_e32724f93093024b,True,2026-08-15T04:16:09Z,2026-08-15T04:16:16Z,7.0,7
70,agent1,2,edge_becef4240ef62a31,True,2026-08-15T04:19:16Z,2026-08-15T04:19:22Z,6.0,7
70,agent1,2,edge_76b368069bf30fae,False,,,,0
70,agent1,1,edge_a10e130b3c645a98,True,2026-08-15T04:16:33Z,2026-08-15T04:16:39Z,6.0,7
70,agent1,1,edge_08c6c6566cbdeebd,True,2026-08-15T04:14:32Z,2026-08-15T04:14:38Z,6.0,7
70,agent1,1,edge_4d833bcc0f525ed8,True,2026-08-15T04:21:21Z,2026-08-15T04:21:27Z,6.0,7
70,agent1,1,edge_e32724f93093024b,True,2026-08-15T04:11:13Z,2026-08-15T04:11:20Z,7.0,7
70,agent1,1,edge_becef4240ef62a31,True,2026-08-15T04:12:51Z,2026-08-15T04:12:56Z,5.0,7
70,agent1,1,edge_76b368069bf30fae,True,2026-08-15T04:19:16Z,2026-08-15T04:19:22Z,6.0,7
70,agent1,0,edge_a10e130b3c645a98,True,2026-08-15T04:18:06Z,2026-08-15T04:18:14Z,8.0,7
70,agent1,0,edge_08c6c6566cbdeebd,True,2026-08-15T04:15:24Z,2026-08-15T04:15:31Z,7.0,7
70,agent1,0,edge_4d833bcc0f525ed8,False,,,,0
70,agent1,0,edge_e32724f93093024b,True,2026-08-15T04:10:59Z,2026-08-15T04:11:05Z,6.0,7
70,agent1,0,edge_becef4240ef62a31,True,2026-08-15T04:13:04Z,2026-08-15T04:13:10Z,6.0,7
70,agent1,0,edge_76b368069bf30fae,True,2026-08-15T04:20:12Z,2026-08-15T04:20:19Z,7.0,7
71,agent1,2,edge_3df4b26754e8fed6,True,2026-08-15T05:08:48Z,2026-08-15T05:08:56Z,8.0,7
71,agent1,2,edge_1098b486ea922713,True,2026-08-15T05:00:45Z,2026-08-15T05:00:52Z,7.0,7
71,agent1,2,edge_707c347f3bbb68fb,False,,,,0
71,agent1,2,edge_cecf108d3b4b0ebf,False,,,,0
71,agent1,2,edge_981140f05751fe64,True,2026-08-15T05:06:15Z,2026-08-15T05:06:21Z,6.0,7
71,agent1,2,edge_0c0a370e7d902b60,True,2026-08-15T05:04:09Z,2026-08-15T05:04:15Z,6.0,7
71,agent1,1,edge_3df4b26754e8fed6,True,2026-08-15T05:04:29Z,2026-08-15T05:04:35Z,6.0,7
71,agent1,1,edge_1098b486ea922713,False,,,,0
71,agent1,1,edge_707c347f3bbb68fb,True,2026-08-15T04:22:58Z,2026-08-15T04:23:05Z,7.0,7
71,agent1,1,edge_cecf108d3b4b0ebf,False,,,,0
71,agent1,1,edge_981140f05751fe64,True,2026-08-15T05:01:01Z,2026-08-15T05:01:09Z,8.0,7
71,agent1,1,edge_0c0a370e7d902b60,False,,,,0
71,agent1,0,edge_3df4b26754e8fed6,True,2026-08-15T05:01:49Z,2026-08-15T05:01:55Z,6.0,7
71,agent1,0,edge_1098b486ea922713,False,,,,0
71,agent1,0,edge_707c347f3bbb68fb,True,2026-08-15T04:20:49Z,2026-08-15T04:20:56Z,7.0,7
71,agent1,0,edge_cecf108d3b4b0ebf,True,2026-08-15T04:22:58Z,2026-08-15T04:23:05Z,7.0,7
71,agent1,0,edge_981140f05751fe64,False,,,,0
71,agent1,0,edge_0c0a370e7d902b60,False,,,,0
72,agent1,2,edge_5d7e1d361b7d15d1,False,,,,0
72,agent1,2,edge_f16c8d807977e502,False,,,,0
72,agent1,2,edge_717a4e3510e1850e,False,,,,0
72,agent1,2,edge_0dc1a6bc5d2455e0,True,2026-08-15T05:10:36Z,2026-08-15T05:10:42Z,6.0,7
72,agent1,2,edge_f263301159d35352,False,,,,0
72,agent1,2,edge_3f27aa2d3a7b184d,True,2026-08-15T05:43:53Z,2026-08-15T05:44:00Z,7.0,7
72,agent1,1,edge_5d7e1d361b7d15d1,True,2026-08-15T05:10:36Z,2026-08-15T05:10:43Z,7.0,7
72,agent1,1,edge_f16c8d807977e502,False,,,,0
72,agent1,1,edge_717a4e3510e1850e,False,,,,0
72,agent1,1,edge_0dc1a6bc5d2455e0,False,,,,0
72,agent1,1,edge_f263301159d35352,True,2026-08-15T05:08:34Z,2026-08-15T05:08:40Z,6.0,7
72,agent1,1,edge_3f27aa2d3a7b184d,False,,,,0
72,agent1,0,edge_5d7e1d361b7d15d1,True,2026-08-15T05:10:01Z,2026-08-15T05:10:09Z,8.0,7
72,agent1,0,edge_f16c8d807977e502,False,,,,0
72,agent1,0,edge_717a4e3510e1850e,True,2026-08-15T05:11:41Z,2026-08-15T05:11:48Z,7.0,7
72,agent1,0,edge_0dc1a6bc5d2455e0,True,2026-08-15T05:05:33Z,2026-08-15T05:05:38Z,5.0,7
72,agent1,0,edge_f263301159d35352,True,2026-08-15T05:07:45Z,2026-08-15T05:07:52Z,7.0,7
72,agent1,0,edge_3f27aa2d3a7b184d,False,,,,0
73,agent1,2,edge_1cdfc58a53bd4331,True,2026-08-15T06:20:06Z,2026-08-15T06:20:13Z,7.0,7
73,agent1,2,edge_fb0e4c53add85264,True,2026-08-15T06:21:25Z,2026-08-15T06:21:33Z,8.0,7
73,agent1,2,edge_561215312e6bd8db,False,,,,0
73,agent1,2,edge_90ccaa9a7a0ea0cd,False,,,,0
73,agent1,2,edge_013eebfa460c29cf,True,2026-08-15T05:44:21Z,2026-08-15T05:44:27Z,6.0,7
73,agent1,2,edge_8d1a34c66245a60b,False,,,,0
73,agent1,1,edge_1cdfc58a53bd4331,True,2026-08-15T06:19:38Z,2026-08-15T06:19:45Z,7.0,7
73,agent1,1,edge_fb0e4c53add85264,True,2026-08-15T06:21:25Z,2026-08-15T06:21:31Z,6.0,7
73,agent1,1,edge_561215312e6bd8db,False,,,,0
73,agent1,1,edge_90ccaa9a7a0ea0cd,False,,,,0
73,agent1,1,edge_013eebfa460c29cf,True,2026-08-15T05:45:17Z,2026-08-15T05:45:23Z,6.0,7
73,agent1,1,edge_8d1a34c66245a60b,False,,,,0
73,agent1,0,edge_1cdfc58a53bd4331,False,,,,0
73,agent1,0,edge_fb0e4c53add85264,False,,,,0
73,agent1,0,edge_561215312e6bd8db,False,,,,0
73,agent1,0,edge_90ccaa9a7a0ea0cd,False,,,,0
73,agent1,0,edge_013eebfa460c29cf,True,2026-08-15T05:11:06Z,2026-08-15T05:11:13Z,7.0,7
73,agent1,0,edge_8d1a34c66245a60b,False,,,,0
75,agent1,2,edge_143f9c70b6227093,False,,,,0
75,agent1,2,edge_0f2ce2a72259a981,True,2026-08-15T06:57:36Z,2026-08-15T06:57:43Z,7.0,7
75,agent1,2,edge_408a8ea5cc815817,False,,,,0
75,agent1,2,edge_c19898a1852368f5,False,,,,0
75,agent1,2,edge_3ac9a6df1cfcd0aa,False,,,,0
75,agent1,2,edge_ed028f5e03d5522b,False,,,,0
75,agent1,1,edge_143f9c70b6227093,True,2026-08-15T06:24:20Z,2026-08-15T06:24:27Z,7.0,7
75,agent1,1,edge_0f2ce2a72259a981,True,2026-08-15T06:58:04Z,2026-08-15T06:58:11Z,7.0,7
75,agent1,1,edge_408a8ea5cc815817,False,,,,0
75,agent1,1,edge_c19898a1852368f5,False,,,,0
75,agent1,1,edge_3ac9a6df1cfcd0aa,True,2026-08-15T06:22:31Z,2026-08-15T06:22:38Z,7.0,7
75,agent1,1,edge_ed028f5e03d5522b,False,,,,0
75,agent1,0,edge_143f9c70b6227093,True,2026-08-15T06:22:18Z,2026-08-15T06:22:27Z,9.0,7
75,agent1,0,edge_0f2ce2a72259a981,False,,,,0
75,agent1,0,edge_408a8ea5cc815817,False,,,,0
75,agent1,0,edge_c19898a1852368f5,True,2026-08-15T06:24:10Z,2026-08-15T06:24:17Z,7.0,7
75,agent1,0,edge_3ac9a6df1cfcd0aa,True,2026-08-15T06:20:30Z,2026-08-15T06:20:38Z,8.0,7
75,agent1,0,edge_ed028f5e03d5522b,True,2026-08-15T06:58:37Z,2026-08-15T06:58:45Z,8.0,7
76,agent1,2,edge_2ab0596cfe21467c,False,,,,0
76,agent1,2,edge_92df3350cfb95cdf,False,,,,0
76,agent1,2,edge_83c301a35da811f5,True,2026-08-15T13:09:22Z,2026-08-15T13:09:28Z,6.0,7
76,agent1,2,edge_51e237a5a1768e72,False,,,,0
76,agent1,2,edge_81b43da69c730179,False,,,,0
76,agent1,2,edge_32a0e2170986a849,True,2026-08-15T08:06:06Z,2026-08-15T08:06:13Z,7.0,7
76,agent1,1,edge_2ab0596cfe21467c,False,,,,0
76,agent1,1,edge_92df3350cfb95cdf,False,,,,0
76,agent1,1,edge_83c301a35da811f5,False,,,,0
76,agent1,1,edge_51e237a5a1768e72,False,,,,0
76,agent1,1,edge_81b43da69c730179,False,,,,0
76,agent1,1,edge_32a0e2170986a849,True,2026-08-15T08:05:24Z,2026-08-15T08:05:31Z,7.0,7
76,agent1,0,edge_2ab0596cfe21467c,False,,,,0
76,agent1,0,edge_92df3350cfb95cdf,True,2026-08-15T06:25:02Z,2026-08-15T06:25:08Z,6.0,7
76,agent1,0,edge_83c301a35da811f5,True,2026-08-15T08:05:23Z,2026-08-15T08:05:31Z,8.0,7
76,agent1,0,edge_51e237a5a1768e72,False,,,,0
76,agent1,0,edge_81b43da69c730179,False,,,,0
76,agent1,0,edge_32a0e2170986a849,False,,,,0
77,agent1,2,edge_e4bab36097bf90aa,True,2026-08-15T13:22:42Z,2026-08-15T13:22:49Z,7.0,7
77,agent1,2,edge_be3077574de97dfd,True,2026-08-15T13:14:27Z,2026-08-15T13:14:33Z,6.0,7
77,agent1,2,edge_1a096c3a19dd493e,True,2026-08-15T13:27:44Z,2026-08-15T13:27:50Z,6.0,7
77,agent1,2,edge_0403ea8a543d17ad,False,,,,0
77,agent1,2,edge_812be3dc7b8b60fc,True,2026-08-15T13:26:06Z,2026-08-15T13:26:13Z,7.0,7
77,agent1,2,edge_6cc1b0f65704f897,True,2026-08-15T13:12:12Z,2026-08-15T13:12:18Z,6.0,7
77,agent1,1,edge_e4bab36097bf90aa,True,2026-08-15T13:11:41Z,2026-08-15T13:11:47Z,6.0,7
77,agent1,1,edge_be3077574de97dfd,False,,,,0
77,agent1,1,edge_1a096c3a19dd493e,True,2026-08-15T13:13:31Z,2026-08-15T13:13:38Z,7.0,7
77,agent1,1,edge_0403ea8a543d17ad,True,2026-08-15T13:08:06Z,2026-08-15T13:08:12Z,6.0,7
77,agent1,1,edge_812be3dc7b8b60fc,False,,,,0
77,agent1,1,edge_6cc1b0f65704f897,False,,,,0
77,agent1,0,edge_e4bab36097bf90aa,False,,,,0
77,agent1,0,edge_be3077574de97dfd,False,,,,0
77,agent1,0,edge_1a096c3a19dd493e,True,2026-08-15T13:09:23Z,2026-08-15T13:09:29Z,6.0,7
77,agent1,0,edge_0403ea8a543d17ad,False,,,,0
77,agent1,0,edge_812be3dc7b8b60fc,True,2026-08-15T13:08:06Z,2026-08-15T13:08:12Z,6.0,7
77,agent1,0,edge_6cc1b0f65704f897,False,,,,0
79,agent1,2,edge_91e07bcf945b20e8,True,2026-08-15T13:29:02Z,2026-08-15T13:29:09Z,7.0,7
79,agent1,2,edge_cb60206a4caca94a,True,2026-08-15T13:36:22Z,2026-08-15T13:36:28Z,6.0,7
79,agent1,2,edge_63003a53ad726e2c,True,2026-08-15T13:25:46Z,2026-08-15T13:25:52Z,6.0,7
79,agent1,2,edge_04dbfb0a1a753f08,True,2026-08-15T13:30:51Z,2026-08-15T13:30:57Z,6.0,7
79,agent1,2,edge_49a84ab8631d7404,True,2026-08-15T13:33:39Z,2026-08-15T13:33:45Z,6.0,7
79,agent1,2,edge_c1aff2098eda4e3a,True,2026-08-15T13:27:17Z,2026-08-15T13:27:24Z,7.0,7
79,agent1,1,edge_91e07bcf945b20e8,True,2026-08-15T13:24:50Z,2026-08-15T13:24:56Z,6.0,7
79,agent1,1,edge_cb60206a4caca94a,False,,,,0
79,agent1,1,edge_63003a53ad726e2c,True,2026-08-15T13:14:14Z,2026-08-15T13:14:21Z,7.0,7
79,agent1,1,edge_04dbfb0a1a753f08,True,2026-08-15T13:27:40Z,2026-08-15T13:27:47Z,7.0,7
79,agent1,1,edge_49a84ab8631d7404,True,2026-08-15T13:30:01Z,2026-08-15T13:30:08Z,7.0,7
79,agent1,1,edge_c1aff2098eda4e3a,False,,,,0
79,agent1,0,edge_91e07bcf945b20e8,False,,,,0
79,agent1,0,edge_cb60206a4caca94a,False,,,,0
79,agent1,0,edge_63003a53ad726e2c,True,2026-08-15T13:13:31Z,2026-08-15T13:13:38Z,7.0,7
79,agent1,0,edge_04dbfb0a1a753f08,True,2026-08-15T13:22:48Z,2026-08-15T13:22:54Z,6.0,7
79,agent1,0,edge_49a84ab8631d7404,True,2026-08-15T13:25:46Z,2026-08-15T13:25:52Z,6.0,7
79,agent1,0,edge_c1aff2098eda4e3a,False,,,,0
8,agent1,2,edge_a597edcf41e3567d,False,,,,0
8,agent1,2,edge_4424630811f05a5e,True,2026-08-15T13:36:22Z,2026-08-15T13:36:29Z,7.0,7
8,agent1,2,edge_ea35654ac9820079,True,2026-08-15T13:32:46Z,2026-08-15T13:32:52Z,6.0,7
8,agent1,2,edge_80b5da609aa0341f,False,,,,0
8,agent1,2,edge_ef4479e8c3ea8214,True,2026-08-15T13:34:26Z,2026-08-15T13:34:32Z,6.0,7
8,agent1,2,edge_8b443c4d1443d7f4,True,2026-08-15T13:38:25Z,2026-08-15T13:38:30Z,5.0,7
8,agent1,1,edge_a597edcf41e3567d,True,2026-08-15T13:36:41Z,2026-08-15T13:36:47Z,6.0,7
8,agent1,1,edge_4424630811f05a5e,True,2026-08-15T13:31:45Z,2026-08-15T13:31:51Z,6.0,7
8,agent1,1,edge_ea35654ac9820079,True,2026-08-15T13:29:28Z,2026-08-15T13:29:34Z,6.0,7
8,agent1,1,edge_80b5da609aa0341f,True,2026-08-15T13:33:38Z,2026-08-15T13:33:44Z,6.0,7
8,agent1,1,edge_ef4479e8c3ea8214,True,2026-08-15T13:30:44Z,2026-08-15T13:30:50Z,6.0,7
8,agent1,1,edge_8b443c4d1443d7f4,True,2026-08-15T13:34:25Z,2026-08-15T13:34:30Z,5.0,7
8,agent1,0,edge_a597edcf41e3567d,True,2026-08-15T13:35:12Z,2026-08-15T13:35:17Z,5.0,7
8,agent1,0,edge_4424630811f05a5e,False,,,,0
8,agent1,0,edge_ea35654ac9820079,True,2026-08-15T13:28:34Z,2026-08-15T13:28:41Z,7.0,7
8,agent1,0,edge_80b5da609aa0341f,True,2026-08-15T13:31:36Z,2026-08-15T13:31:42Z,6.0,7
8,agent1,0,edge_ef4479e8c3ea8214,True,2026-08-15T13:30:02Z,2026-08-15T13:30:07Z,5.0,7
8,agent1,0,edge_8b443c4d1443d7f4,True,2026-08-15T13:33:56Z,2026-08-15T13:34:03Z,7.0,7
80,agent1,2,edge_1ce6aaa1590becc4,False,,,,0
80,agent1,2,edge_fc7e3eb082a28575,True,2026-08-15T14:16:39Z,2026-08-15T14:16:45Z,6.0,7
80,agent1,2,edge_b8a7e2a81db0ec78,True,2026-08-15T14:18:14Z,2026-08-15T14:18:21Z,7.0,7
80,agent1,2,edge_fe8bdbb51e3e8476,True,2026-08-15T13:41:00Z,2026-08-15T13:41:07Z,7.0,7
80,agent1,2,edge_01deeae0a60b6da5,True,2026-08-15T14:15:27Z,2026-08-15T14:15:33Z,6.0,7
80,agent1,2,edge_9b6bf6c1104649c0,False,,,,0
80,agent1,1,edge_1ce6aaa1590becc4,True,2026-08-15T13:37:34Z,2026-08-15T13:37:41Z,7.0,7
80,agent1,1,edge_fc7e3eb082a28575,False,,,,0
80,agent1,1,edge_b8a7e2a81db0ec78,False,,,,0
80,agent1,1,edge_fe8bdbb51e3e8476,True,2026-08-15T13:39:07Z,2026-08-15T13:39:13Z,6.0,7
80,agent1,1,edge_01deeae0a60b6da5,False,,,,0
80,agent1,1,edge_9b6bf6c1104649c0,True,2026-08-15T13:41:29Z,2026-08-15T13:41:36Z,7.0,7
80,agent1,0,edge_1ce6aaa1590becc4,True,2026-08-15T13:38:00Z,2026-08-15T13:38:06Z,6.0,7
80,agent1,0,edge_fc7e3eb082a28575,False,,,,0
80,agent1,0,edge_b8a7e2a81db0ec78,True,2026-08-15T14:15:47Z,2026-08-15T14:15:54Z,7.0,7
80,agent1,0,edge_fe8bdbb51e3e8476,True,2026-08-15T13:39:57Z,2026-08-15T13:40:04Z,7.0,7
80,agent1,0,edge_01deeae0a60b6da5,False,,,,0
80,agent1,0,edge_9b6bf6c1104649c0,True,2026-08-15T13:41:38Z,2026-08-15T13:41:44Z,6.0,7
82,agent1,2,edge_567594fcddfec990,True,2026-08-15T14:23:59Z,2026-08-15T14:24:07Z,8.0,7
82,agent1,2,edge_5d6f9d6e18dcd505,True,2026-08-15T14:19:13Z,2026-08-15T14:19:19Z,6.0,7
82,agent1,2,edge_31f8f6545b92a4cf,True,2026-08-15T15:13:36Z,2026-08-15T15:13:44Z,8.0,7
82,agent1,2,edge_5af38685d5261235,True,2026-08-15T15:16:49Z,2026-08-15T15:16:58Z,9.0,7
82,agent1,2,edge_e0bb9f37f835cf0a,True,2026-08-15T14:44:34Z,2026-08-15T14:44:41Z,7.0,7
82,agent1,2,edge_f5a895c3e88e70f7,True,2026-08-15T14:20:51Z,2026-08-15T14:20:59Z,8.0,7
82,agent1,1,edge_567594fcddfec990,True,2026-08-15T14:44:06Z,2026-08-15T14:44:13Z,7.0,7
82,agent1,1,edge_5d6f9d6e18dcd505,True,2026-08-15T14:20:51Z,2026-08-15T14:20:58Z,7.0,7
82,agent1,1,edge_31f8f6545b92a4cf,True,2026-08-15T15:14:22Z,2026-08-15T15:14:30Z,8.0,7
82,agent1,1,edge_5af38685d5261235,True,2026-08-15T15:17:24Z,2026-08-15T15:17:30Z,6.0,7
82,agent1,1,edge_e0bb9f37f835cf0a,False,,,,0
82,agent1,1,edge_f5a895c3e88e70f7,True,2026-08-15T14:23:33Z,2026-08-15T14:23:42Z,9.0,7
82,agent1,0,edge_567594fcddfec990,True,2026-08-15T14:16:08Z,2026-08-15T14:16:14Z,6.0,7
82,agent1,0,edge_5d6f9d6e18dcd505,False,,,,0
82,agent1,0,edge_31f8f6545b92a4cf,True,2026-08-15T14:20:18Z,2026-08-15T14:20:24Z,6.0,7
82,agent1,0,edge_5af38685d5261235,True,2026-08-15T14:21:36Z,2026-08-15T14:21:42Z,6.0,7
82,agent1,0,edge_e0bb9f37f835cf0a,True,2026-08-15T14:18:02Z,2026-08-15T14:18:09Z,7.0,7
82,agent1,0,edge_f5a895c3e88e70f7,False,,,,0
83,agent1,2,edge_e66e637040af8759,False,,,,0
83,agent1,2,edge_c67d5cbd59568c94,True,2026-08-15T15:21:09Z,2026-08-15T15:21:15Z,6.0,7
83,agent1,2,edge_bd8dc140674d78a1,False,,,,0
83,agent1,2,edge_a10efaadd3e61946,True,2026-08-15T15:25:41Z,2026-08-15T15:25:47Z,6.0,7
83,agent1,2,edge_a94dd0daf24fe1f6,True,2026-08-15T17:04:54Z,2026-08-15T17:05:02Z,8.0,7
83,agent1,2,edge_288d6b10b40bcbad,True,2026-08-15T15:24:06Z,2026-08-15T15:24:13Z,7.0,7
83,agent1,1,edge_e66e637040af8759,True,2026-08-15T15:17:47Z,2026-08-15T15:17:53Z,6.0,7
83,agent1,1,edge_c67d5cbd59568c94,True,2026-08-15T14:43:31Z,2026-08-15T14:43:38Z,7.0,7
83,agent1,1,edge_bd8dc140674d78a1,True,2026-08-15T15:19:48Z,2026-08-15T15:19:55Z,7.0,7
83,agent1,1,edge_a10efaadd3e61946,True,2026-08-15T15:15:12Z,2026-08-15T15:15:18Z,6.0,7
83,agent1,1,edge_a94dd0daf24fe1f6,True,2026-08-15T15:22:03Z,2026-08-15T15:22:11Z,8.0,7
83,agent1,1,edge_288d6b10b40bcbad,False,,,,0
83,agent1,0,edge_e66e637040af8759,True,2026-08-15T14:44:06Z,2026-08-15T14:44:13Z,7.0,7
83,agent1,0,edge_c67d5cbd59568c94,False,,,,0
83,agent1,0,edge_bd8dc140674d78a1,True,2026-08-15T15:13:21Z,2026-08-15T15:13:28Z,7.0,7
83,agent1,0,edge_a10efaadd3e61946,True,2026-08-15T14:23:33Z,2026-08-15T14:23:43Z,10.0,7
83,agent1,0,edge_a94dd0daf24fe1f6,True,2026-08-15T15:16:37Z,2026-08-15T15:16:44Z,7.0,7
83,agent1,0,edge_288d6b10b40bcbad,False,,,,0
84,agent1,2,edge_ccc2a5a55b13ed0a,True,2026-08-15T17:06:32Z,2026-08-15T17:06:40Z,8.0,7
84,agent1,2,edge_b848aee5dfbcc61d,False,,,,0
84,agent1,2,edge_01ffae2869bfbd06,True,2026-08-15T17:04:56Z,2026-08-15T17:05:02Z,6.0,7
84,agent1,2,edge_0adb606852df2045,True,2026-08-15T17:09:02Z,2026-08-15T17:09:08Z,6.0,7
84,agent1,2,edge_6d02588c3ded6ddc,False,,,,0
84,agent1,2,edge_4418f3e40cee28c8,True,2026-08-15T15:24:38Z,2026-08-15T15:24:47Z,9.0,7
84,agent1,1,edge_ccc2a5a55b13ed0a,False,,,,0
84,agent1,1,edge_b848aee5dfbcc61d,True,2026-08-15T15:25:56Z,2026-08-15T15:26:03Z,7.0,7
84,agent1,1,edge_01ffae2869bfbd06,False,,,,0
84,agent1,1,edge_0adb606852df2045,False,,,,0
84,agent1,1,edge_6d02588c3ded6ddc,True,2026-08-15T15:24:50Z,2026-08-15T15:24:57Z,7.0,7
84,agent1,1,edge_4418f3e40cee28c8,True,2026-08-15T15:22:30Z,2026-08-15T15:22:37Z,7.0,7
84,agent1,0,edge_ccc2a5a55b13ed0a,False,,,,0
84,agent1,0,edge_b848aee5dfbcc61d,True,2026-08-15T15:23:11Z,2026-08-15T15:23:18Z,7.0,7
84,agent1,0,edge_01ffae2869bfbd06,True,2026-08-15T15:25:48Z,2026-08-15T15:25:55Z,7.0,7
84,agent1,0,edge_0adb606852df2045,False,,,,0
84,agent1,0,edge_6d02588c3ded6ddc,False,,,,0
84,agent1,0,edge_4418f3e40cee28c8,True,2026-08-15T15:19:48Z,2026-08-15T15:19:54Z,6.0,7
85,agent1,2,edge_f16e2d58405ca99a,True,2026-08-15T17:14:37Z,2026-08-15T17:14:43Z,6.0,7
85,agent1,2,edge_7e047b7eefb9d7d6,True,2026-08-15T17:07:28Z,2026-08-15T17:07:35Z,7.0,7
85,agent1,2,edge_f9283397e8b77953,True,2026-08-15T17:11:39Z,2026-08-15T17:11:47Z,8.0,7
85,agent1,2,edge_59076069015cc81b,True,2026-08-15T17:16:52Z,2026-08-15T17:16:58Z,6.0,7
85,agent1,2,edge_3dd3364716e83fb7,True,2026-08-15T17:10:02Z,2026-08-15T17:10:10Z,8.0,7
85,agent1,2,edge_31987d8e78be2155,False,,,,0
85,agent1,1,edge_f16e2d58405ca99a,True,2026-08-15T17:14:37Z,2026-08-15T17:14:44Z,7.0,7
85,agent1,1,edge_7e047b7eefb9d7d6,False,,,,0
85,agent1,1,edge_f9283397e8b77953,True,2026-08-15T17:09:22Z,2026-08-15T17:09:29Z,7.0,7
85,agent1,1,edge_59076069015cc81b,True,2026-08-15T17:17:10Z,2026-08-15T17:17:16Z,6.0,7
85,agent1,1,edge_3dd3364716e83fb7,True,2026-08-15T17:07:03Z,2026-08-15T17:07:10Z,7.0,7
85,agent1,1,edge_31987d8e78be2155,True,2026-08-15T17:12:11Z,2026-08-15T17:12:18Z,7.0,7
85,agent1,0,edge_f16e2d58405ca99a,True,2026-08-15T17:17:55Z,2026-08-15T17:18:01Z,6.0,7
85,agent1,0,edge_7e047b7eefb9d7d6,True,2026-08-15T17:08:29Z,2026-08-15T17:08:36Z,7.0,7
85,agent1,0,edge_f9283397e8b77953,True,2026-08-15T17:12:52Z,2026-08-15T17:12:59Z,7.0,7
85,agent1,0,edge_59076069015cc81b,True,2026-08-15T17:20:10Z,2026-08-15T17:20:17Z,7.0,7
85,agent1,0,edge_3dd3364716e83fb7,True,2026-08-15T17:11:39Z,2026-08-15T17:11:46Z,7.0,7
85,agent1,0,edge_31987d8e78be2155,True,2026-08-15T17:15:52Z,2026-08-15T17:15:59Z,7.0,7
87,agent1,2,edge_b466eb1c18a1dc15,False,,,,0
87,agent1,2,edge_43134639e39cce96,True,2026-08-15T17:23:41Z,2026-08-15T17:23:50Z,9.0,7
87,agent1,2,edge_fd910985d5f8256e,True,2026-08-15T17:26:17Z,2026-08-15T17:26:24Z,7.0,7
87,agent1,2,edge_933389f42e3730f3,False,,,,0
87,agent1,2,edge_c9c8908b158b6b1e,True,2026-08-15T17:21:36Z,2026-08-15T17:21:42Z,6.0,7
87,agent1,2,edge_b38943f678a9a1ba,False,,,,0
87,agent1,1,edge_b466eb1c18a1dc15,True,2026-08-15T17:24:33Z,2026-08-15T17:24:39Z,6.0,7
87,agent1,1,edge_43134639e39cce96,True,2026-08-15T17:21:00Z,2026-08-15T17:21:06Z,6.0,7
87,agent1,1,edge_fd910985d5f8256e,True,2026-08-15T17:23:02Z,2026-08-15T17:23:08Z,6.0,7
87,agent1,1,edge_933389f42e3730f3,False,,,,0
87,agent1,1,edge_c9c8908b158b6b1e,True,2026-08-15T17:19:15Z,2026-08-15T17:19:22Z,7.0,7
87,agent1,1,edge_b38943f678a9a1ba,True,2026-08-15T17:26:48Z,2026-08-15T17:26:54Z,6.0,7
87,agent1,0,edge_b466eb1c18a1dc15,False,,,,0
87,agent1,0,edge_43134639e39cce96,True,2026-08-15T17:15:51Z,2026-08-15T17:15:59Z,8.0,7
87,agent1,0,edge_fd910985d5f8256e,True,2026-08-15T17:16:51Z,2026-08-15T17:16:57Z,6.0,7
87,agent1,0,edge_933389f42e3730f3,True,2026-08-15T17:19:47Z,2026-08-15T17:19:53Z,6.0,7
87,agent1,0,edge_c9c8908b158b6b1e,True,2026-08-15T17:13:54Z,2026-08-15T17:14:00Z,6.0,7
87,agent1,0,edge_b38943f678a9a1ba,False,,,,0
88,agent1,2,edge_3bc9fe5e7b8b18a8,True,2026-08-15T18:22:13Z,2026-08-15T18:22:19Z,6.0,7
88,agent1,2,edge_181f16f0bd250b4d,True,2026-08-15T18:24:47Z,2026-08-15T18:24:54Z,7.0,7
88,agent1,2,edge_609bcdcb0a73e179,True,2026-08-15T18:20:37Z,2026-08-15T18:20:43Z,6.0,7
88,agent1,2,edge_b3083d15cb925611,True,2026-08-15T18:28:09Z,2026-08-15T18:28:15Z,6.0,7
88,agent1,2,edge_12f892369e5ffc7b,True,2026-08-15T18:18:47Z,2026-08-15T18:18:53Z,6.0,7
88,agent1,2,edge_a155ed4bb30cfcd8,True,2026-08-15T18:25:55Z,2026-08-15T18:26:02Z,7.0,7
88,agent1,1,edge_3bc9fe5e7b8b18a8,False,,,,0
88,agent1,1,edge_181f16f0bd250b4d,False,,,,0
88,agent1,1,edge_609bcdcb0a73e179,True,2026-08-15T17:25:56Z,2026-08-15T17:26:02Z,6.0,7
88,agent1,1,edge_b3083d15cb925611,True,2026-08-15T18:19:03Z,2026-08-15T18:19:09Z,6.0,7
88,agent1,1,edge_12f892369e5ffc7b,True,2026-08-15T17:23:37Z,2026-08-15T17:23:43Z,6.0,7
88,agent1,1,edge_a155ed4bb30cfcd8,True,2026-08-15T18:17:17Z,2026-08-15T18:17:24Z,7.0,7
88,agent1,0,edge_3bc9fe5e7b8b18a8,False,,,,0
88,agent1,0,edge_181f16f0bd250b4d,True,2026-08-15T17:25:16Z,2026-08-15T17:25:21Z,5.0,7
88,agent1,0,edge_609bcdcb0a73e179,True,2026-08-15T17:23:02Z,2026-08-15T17:23:09Z,7.0,7
88,agent1,0,edge_b3083d15cb925611,False,,,,0
88,agent1,0,edge_12f892369e5ffc7b,True,2026-08-15T17:21:22Z,2026-08-15T17:21:28Z,6.0,7
88,agent1,0,edge_a155ed4bb30cfcd8,True,2026-08-15T17:26:54Z,2026-08-15T17:27:01Z,7.0,7
89,agent1,2,edge_9ac9e978d4a38813,True,2026-08-15T18:24:19Z,2026-08-15T18:24:26Z,7.0,7
89,agent1,2,edge_df5ff54c88910fd0,True,2026-08-15T18:25:32Z,2026-08-15T18:25:38Z,6.0,7
89,agent1,2,edge_4facc30fb80fad37,True,2026-08-15T18:29:08Z,2026-08-15T18:29:14Z,6.0,7
89,agent1,2,edge_1af4bc4dc559aa97,True,2026-08-15T18:27:34Z,2026-08-15T18:27:41Z,7.0,7
89,agent1,2,edge_51b2fa64663ad04d,True,2026-08-15T18:22:29Z,2026-08-15T18:22:36Z,7.0,7
89,agent1,2,edge_198adca12e748c5e,False,,,,0
89,agent1,1,edge_9ac9e978d4a38813,True,2026-08-15T18:23:21Z,2026-08-15T18:23:27Z,6.0,7
89,agent1,1,edge_df5ff54c88910fd0,True,2026-08-15T18:25:24Z,2026-08-15T18:25:31Z,7.0,7
89,agent1,1,edge_4facc30fb80fad37,True,2026-08-15T18:29:42Z,2026-08-15T18:29:49Z,7.0,7
89,agent1,1,edge_1af4bc4dc559aa97,True,2026-08-15T18:27:25Z,2026-08-15T18:27:31Z,6.0,7
89,agent1,1,edge_51b2fa64663ad04d,True,2026-08-15T18:21:31Z,2026-08-15T18:21:38Z,7.0,7
89,agent1,1,edge_198adca12e748c5e,True,2026-08-15T18:19:36Z,2026-08-15T18:19:42Z,6.0,7
89,agent1,0,edge_9ac9e978d4a38813,True,2026-08-15T18:21:08Z,2026-08-15T18:21:14Z,6.0,7
89,agent1,0,edge_df5ff54c88910fd0,True,2026-08-15T18:23:00Z,2026-08-15T18:23:06Z,6.0,7
89,agent1,0,edge_4facc30fb80fad37,False,,,,0
89,agent1,0,edge_1af4bc4dc559aa97,True,2026-08-15T18:24:48Z,2026-08-15T18:24:54Z,6.0,7
89,agent1,0,edge_51b2fa64663ad04d,True,2026-08-15T18:19:19Z,2026-08-15T18:19:25Z,6.0,7
89,agent1,0,edge_198adca12e748c5e,True,2026-08-15T18:18:17Z,2026-08-15T18:18:23Z,6.0,7
9,agent1,2,edge_3a305ddc3ddf7d19,True,2026-08-15T18:31:14Z,2026-08-15T18:31:20Z,6.0,7
9,agent1,2,edge_fc2e40b5ff3d7aa7,True,2026-08-15T18:32:09Z,2026-08-15T18:32:15Z,6.0,7
9,agent1,2,edge_e6854e07cf5f3b84,False,,,,0
9,agent1,2,edge_66f543ae3e76f28c,True,2026-08-15T18:35:06Z,2026-08-15T18:35:14Z,8.0,7
9,agent1,2,edge_a9201444b15a003e,True,2026-08-15T18:36:05Z,2026-08-15T18:36:11Z,6.0,7
9,agent1,2,edge_d6841e640c62c2f6,True,2026-08-15T18:33:53Z,2026-08-15T18:33:59Z,6.0,7
9,agent1,1,edge_3a305ddc3ddf7d19,False,,,,0
9,agent1,1,edge_fc2e40b5ff3d7aa7,True,2026-08-15T18:31:17Z,2026-08-15T18:31:23Z,6.0,7
9,agent1,1,edge_e6854e07cf5f3b84,True,2026-08-15T18:29:08Z,2026-08-15T18:29:14Z,6.0,7
9,agent1,1,edge_66f543ae3e76f28c,True,2026-08-15T18:33:20Z,2026-08-15T18:33:26Z,6.0,7
9,agent1,1,edge_a9201444b15a003e,True,2026-08-15T18:34:41Z,2026-08-15T18:34:47Z,6.0,7
9,agent1,1,edge_d6841e640c62c2f6,True,2026-08-15T18:32:08Z,2026-08-15T18:32:14Z,6.0,7
9,agent1,0,edge_3a305ddc3ddf7d19,False,,,,0
9,agent1,0,edge_fc2e40b5ff3d7aa7,True,2026-08-15T18:29:39Z,2026-08-15T18:29:47Z,8.0,7
9,agent1,0,edge_e6854e07cf5f3b84,True,2026-08-15T18:27:25Z,2026-08-15T18:27:30Z,5.0,7
9,agent1,0,edge_66f543ae3e76f28c,True,2026-08-15T18:33:06Z,2026-08-15T18:33:12Z,6.0,7
9,agent1,0,edge_a9201444b15a003e,False,,,,0
9,agent1,0,edge_d6841e640c62c2f6,True,2026-08-15T18:31:32Z,2026-08-15T18:31:38Z,6.0,7
90,agent1,2,edge_98163226e7ae44b3,True,2026-08-15T18:37:45Z,2026-08-15T18:37:51Z,6.0,7
90,agent1,2,edge_d24566f23b07a767,True,2026-08-15T18:45:31Z,2026-08-15T18:45:37Z,6.0,7
90,agent1,2,edge_8c22be5591cafb68,True,2026-08-15T18:48:07Z,2026-08-15T18:48:14Z,7.0,7
90,agent1,2,edge_2438c8b598f61692,True,2026-08-15T18:39:35Z,2026-08-15T18:39:41Z,6.0,7
90,agent1,2,edge_7e86df7b3e27b04c,True,2026-08-15T18:49:44Z,2026-08-15T18:49:50Z,6.0,7
90,agent1,2,edge_60475bb85de7ea91,True,2026-08-15T18:43:04Z,2026-08-15T18:43:11Z,7.0,7
90,agent1,1,edge_98163226e7ae44b3,True,2026-08-15T18:37:48Z,2026-08-15T18:37:54Z,6.0,7
90,agent1,1,edge_d24566f23b07a767,True,2026-08-15T18:45:13Z,2026-08-15T18:45:21Z,8.0,7
90,agent1,1,edge_8c22be5591cafb68,True,2026-08-15T18:47:23Z,2026-08-15T18:47:30Z,7.0,7
90,agent1,1,edge_2438c8b598f61692,True,2026-08-15T18:40:36Z,2026-08-15T18:40:43Z,7.0,7
90,agent1,1,edge_7e86df7b3e27b04c,True,2026-08-15T18:49:44Z,2026-08-15T18:49:50Z,6.0,7
90,agent1,1,edge_60475bb85de7ea91,True,2026-08-15T18:43:28Z,2026-08-15T18:43:34Z,6.0,7
90,agent1,0,edge_98163226e7ae44b3,True,2026-08-15T18:33:08Z,2026-08-15T18:33:15Z,7.0,7
90,agent1,0,edge_d24566f23b07a767,True,2026-08-15T18:39:35Z,2026-08-15T18:39:41Z,6.0,7
90,agent1,0,edge_8c22be5591cafb68,True,2026-08-15T18:40:35Z,2026-08-15T18:40:41Z,6.0,7
90,agent1,0,edge_2438c8b598f61692,True,2026-08-15T18:35:21Z,2026-08-15T18:35:27Z,6.0,7
90,agent1,0,edge_7e86df7b3e27b04c,True,2026-08-15T18:44:05Z,2026-08-15T18:44:11Z,6.0,7
90,agent1,0,edge_60475bb85de7ea91,True,2026-08-15T18:37:17Z,2026-08-15T18:37:24Z,7.0,7
92,agent1,2,edge_8398e7cf674b4636,True,2026-08-15T18:53:10Z,2026-08-15T18:53:17Z,7.0,7
92,agent1,2,edge_6465c4271b5b5266,True,2026-08-15T19:00:23Z,2026-08-15T19:00:30Z,7.0,7
92,agent1,2,edge_c17a37e54650d0e7,True,2026-08-15T19:02:28Z,2026-08-15T19:02:34Z,6.0,7
92,agent1,2,edge_bf6d0b13c0fbe402,True,2026-08-15T18:51:42Z,2026-08-15T18:51:48Z,6.0,7
92,agent1,2,edge_f1ed6265b2d7525e,True,2026-08-15T18:55:34Z,2026-08-15T18:55:42Z,8.0,7
92,agent1,2,edge_b4ad211d6848538b,True,2026-08-15T18:57:27Z,2026-08-15T18:57:34Z,7.0,7
92,agent1,1,edge_8398e7cf674b4636,True,2026-08-15T18:49:42Z,2026-08-15T18:49:48Z,6.0,7
92,agent1,1,edge_6465c4271b5b5266,True,2026-08-15T18:56:03Z,2026-08-15T18:56:10Z,7.0,7
92,agent1,1,edge_c17a37e54650d0e7,True,2026-08-15T18:57:53Z,2026-08-15T18:58:01Z,8.0,7
92,agent1,1,edge_bf6d0b13c0fbe402,True,2026-08-15T18:47:29Z,2026-08-15T18:47:35Z,6.0,7
92,agent1,1,edge_f1ed6265b2d7525e,True,2026-08-15T18:52:04Z,2026-08-15T18:52:10Z,6.0,7
92,agent1,1,edge_b4ad211d6848538b,True,2026-08-15T18:54:08Z,2026-08-15T18:54:15Z,7.0,7
92,agent1,0,edge_8398e7cf674b4636,True,2026-08-15T18:40:12Z,2026-08-15T18:40:19Z,7.0,7
92,agent1,0,edge_6465c4271b5b5266,True,2026-08-15T18:47:03Z,2026-08-15T18:47:10Z,7.0,7
92,agent1,0,edge_c17a37e54650d0e7,True,2026-08-15T18:49:14Z,2026-08-15T18:49:23Z,9.0,7
92,agent1,0,edge_bf6d0b13c0fbe402,True,2026-08-15T18:38:32Z,2026-08-15T18:38:39Z,7.0,7
92,agent1,0,edge_f1ed6265b2d7525e,True,2026-08-15T18:43:11Z,2026-08-15T18:43:17Z,6.0,7
92,agent1,0,edge_b4ad211d6848538b,True,2026-08-15T18:44:33Z,2026-08-15T18:44:39Z,6.0,7
93,agent1,2,edge_922e862ed41a4830,True,2026-08-15T19:04:27Z,2026-08-15T19:04:33Z,6.0,7
93,agent1,2,edge_f879a7bf4736d41a,True,2026-08-15T19:08:18Z,2026-08-15T19:08:23Z,5.0,7
93,agent1,2,edge_cc7dfe71e92ec63b,True,2026-08-15T19:02:04Z,2026-08-15T19:02:11Z,7.0,7
93,agent1,2,edge_62988aaf4d7c34b2,True,2026-08-15T19:00:07Z,2026-08-15T19:00:13Z,6.0,7
93,agent1,2,edge_70773b19ec857569,True,2026-08-15T19:06:08Z,2026-08-15T19:06:14Z,6.0,7
93,agent1,2,edge_e49106d2d362205c,True,2026-08-15T19:10:13Z,2026-08-15T19:10:19Z,6.0,7
93,agent1,1,edge_922e862ed41a4830,True,2026-08-15T18:57:22Z,2026-08-15T18:57:29Z,7.0,7
93,agent1,1,edge_f879a7bf4736d41a,True,2026-08-15T19:01:56Z,2026-08-15T19:02:02Z,6.0,7
93,agent1,1,edge_cc7dfe71e92ec63b,True,2026-08-15T18:56:28Z,2026-08-15T18:56:34Z,6.0,7
93,agent1,1,edge_62988aaf4d7c34b2,True,2026-08-15T18:54:12Z,2026-08-15T18:54:18Z,6.0,7
93,agent1,1,edge_70773b19ec857569,True,2026-08-15T18:59:40Z,2026-08-15T18:59:47Z,7.0,7
93,agent1,1,edge_e49106d2d362205c,True,2026-08-15T19:03:57Z,2026-08-15T19:04:04Z,7.0,7
93,agent1,0,edge_922e862ed41a4830,True,2026-08-15T18:58:35Z,2026-08-15T18:58:41Z,6.0,7
93,agent1,0,edge_f879a7bf4736d41a,True,2026-08-15T19:03:02Z,2026-08-15T19:03:08Z,6.0,7
93,agent1,0,edge_cc7dfe71e92ec63b,True,2026-08-15T18:56:54Z,2026-08-15T18:57:00Z,6.0,7
93,agent1,0,edge_62988aaf4d7c34b2,True,2026-08-15T18:55:03Z,2026-08-15T18:55:09Z,6.0,7
93,agent1,0,edge_70773b19ec857569,True,2026-08-15T19:01:26Z,2026-08-15T19:01:33Z,7.0,7
93,agent1,0,edge_e49106d2d362205c,True,2026-08-15T19:04:45Z,2026-08-15T19:04:52Z,7.0,7
94,agent1,2,edge_2a3af699e813d18a,True,2026-08-15T19:09:17Z,2026-08-15T19:09:23Z,6.0,7
94,agent1,2,edge_7a014d696d658a4d,False,,,,0
94,agent1,2,edge_9c5cc99213701c6d,True,2026-08-15T19:13:52Z,2026-08-15T19:13:59Z,7.0,7
94,agent1,2,edge_6268eb2d55dde404,True,2026-08-15T19:07:13Z,2026-08-15T19:07:20Z,7.0,7
94,agent1,2,edge_97132294409ee06a,True,2026-08-15T19:10:39Z,2026-08-15T19:10:46Z,7.0,7
94,agent1,2,edge_b515376db27dae43,True,2026-08-15T19:11:45Z,2026-08-15T19:11:52Z,7.0,7
94,agent1,1,edge_2a3af699e813d18a,True,2026-08-15T19:08:48Z,2026-08-15T19:08:55Z,7.0,7
94,agent1,1,edge_7a014d696d658a4d,True,2026-08-15T19:14:35Z,2026-08-15T19:14:41Z,6.0,7
94,agent1,1,edge_9c5cc99213701c6d,True,2026-08-15T19:13:08Z,2026-08-15T19:13:15Z,7.0,7
94,agent1,1,edge_6268eb2d55dde404,True,2026-08-15T19:06:43Z,2026-08-15T19:06:50Z,7.0,7
94,agent1,1,edge_97132294409ee06a,True,2026-08-15T19:10:41Z,2026-08-15T19:10:47Z,6.0,7
94,agent1,1,edge_b515376db27dae43,False,,,,0
94,agent1,0,edge_2a3af699e813d18a,True,2026-08-15T19:08:25Z,2026-08-15T19:08:31Z,6.0,7
94,agent1,0,edge_7a014d696d658a4d,True,2026-08-15T19:16:10Z,2026-08-15T19:16:16Z,6.0,7
94,agent1,0,edge_9c5cc99213701c6d,True,2026-08-15T19:14:23Z,2026-08-15T19:14:30Z,7.0,7
94,agent1,0,edge_6268eb2d55dde404,True,2026-08-15T19:06:06Z,2026-08-15T19:06:12Z,6.0,7
94,agent1,0,edge_97132294409ee06a,True,2026-08-15T19:10:35Z,2026-08-15T19:10:42Z,7.0,7
94,agent1,0,edge_b515376db27dae43,True,2026-08-15T19:12:15Z,2026-08-15T19:12:21Z,6.0,7
95,agent1,2,edge_0c1f2962a6dc96d8,True,2026-08-15T19:19:48Z,2026-08-15T19:19:54Z,6.0,7
95,agent1,2,edge_36e1b0fcfa24902d,True,2026-08-15T19:28:56Z,2026-08-15T19:29:03Z,7.0,7
95,agent1,2,edge_01a70313ac655bcd,True,2026-08-15T19:21:10Z,2026-08-15T19:21:17Z,7.0,7
95,agent1,2,edge_b2827aa106a73538,True,2026-08-15T19:24:57Z,2026-08-15T19:25:05Z,8.0,7
95,agent1,2,edge_aadc8e31379c0ec5,True,2026-08-15T19:26:53Z,2026-08-15T19:26:59Z,6.0,7
95,agent1,2,edge_b8a79ca3b8232060,True,2026-08-15T19:22:42Z,2026-08-15T19:22:49Z,7.0,7
95,agent1,1,edge_0c1f2962a6dc96d8,True,2026-08-15T19:19:11Z,2026-08-15T19:19:18Z,7.0,7
95,agent1,1,edge_36e1b0fcfa24902d,True,2026-08-15T19:28:26Z,2026-08-15T19:28:32Z,6.0,7
95,agent1,1,edge_01a70313ac655bcd,True,2026-08-15T19:21:39Z,2026-08-15T19:21:45Z,6.0,7
95,agent1,1,edge_b2827aa106a73538,True,2026-08-15T19:24:27Z,2026-08-15T19:24:35Z,8.0,7
95,agent1,1,edge_aadc8e31379c0ec5,True,2026-08-15T19:26:28Z,2026-08-15T19:26:34Z,6.0,7
95,agent1,1,edge_b8a79ca3b8232060,True,2026-08-15T19:22:40Z,2026-08-15T19:22:46Z,6.0,7
95,agent1,0,edge_0c1f2962a6dc96d8,True,2026-08-15T19:13:36Z,2026-08-15T19:13:43Z,7.0,7
95,agent1,0,edge_36e1b0fcfa24902d,True,2026-08-15T19:22:27Z,2026-08-15T19:22:33Z,6.0,7
95,agent1,0,edge_01a70313ac655bcd,True,2026-08-15T19:14:59Z,2026-08-15T19:15:05Z,6.0,7
95,agent1,0,edge_b2827aa106a73538,True,2026-08-15T19:18:17Z,2026-08-15T19:18:23Z,6.0,7
95,agent1,0,edge_aadc8e31379c0ec5,True,2026-08-15T19:20:48Z,2026-08-15T19:20:54Z,6.0,7
95,agent1,0,edge_b8a79ca3b8232060,True,2026-08-15T19:16:25Z,2026-08-15T19:16:31Z,6.0,7
97,agent1,2,edge_3efeafc68d85bb34,True,2026-08-15T19:31:01Z,2026-08-15T19:31:07Z,6.0,7
97,agent1,2,edge_ac676d0aab233aae,True,2026-08-15T19:44:53Z,2026-08-15T19:44:59Z,6.0,7
97,agent1,2,edge_8719d4765b425368,True,2026-08-15T19:33:44Z,2026-08-15T19:33:49Z,5.0,7
97,agent1,2,edge_7936a967ac46e69f,True,2026-08-15T19:41:51Z,2026-08-15T19:41:56Z,5.0,7
97,agent1,2,edge_e79310ba2a8c0064,True,2026-08-15T19:35:33Z,2026-08-15T19:35:39Z,6.0,7
97,agent1,2,edge_589ba0ddeab36868,True,2026-08-15T19:38:47Z,2026-08-15T19:38:53Z,6.0,7
97,agent1,1,edge_3efeafc68d85bb34,True,2026-08-15T19:25:27Z,2026-08-15T19:25:33Z,6.0,7
97,agent1,1,edge_ac676d0aab233aae,True,2026-08-15T19:35:34Z,2026-08-15T19:35:40Z,6.0,7
97,agent1,1,edge_8719d4765b425368,True,2026-08-15T19:26:58Z,2026-08-15T19:27:04Z,6.0,7
97,agent1,1,edge_7936a967ac46e69f,True,2026-08-15T19:33:22Z,2026-08-15T19:33:28Z,6.0,7
97,agent1,1,edge_e79310ba2a8c0064,True,2026-08-15T19:28:56Z,2026-08-15T19:29:03Z,7.0,7
97,agent1,1,edge_589ba0ddeab36868,True,2026-08-15T19:31:00Z,2026-08-15T19:31:06Z,6.0,7
97,agent1,0,edge_3efeafc68d85bb34,True,2026-08-15T19:21:36Z,2026-08-15T19:21:42Z,6.0,7
97,agent1,0,edge_ac676d0aab233aae,True,2026-08-15T19:29:52Z,2026-08-15T19:29:58Z,6.0,7
97,agent1,0,edge_8719d4765b425368,False,,,,0
97,agent1,0,edge_7936a967ac46e69f,True,2026-08-15T19:27:27Z,2026-08-15T19:27:33Z,6.0,7
97,agent1,0,edge_e79310ba2a8c0064,True,2026-08-15T19:23:36Z,2026-08-15T19:23:43Z,7.0,7
97,agent1,0,edge_589ba0ddeab36868,True,2026-08-15T19:25:21Z,2026-08-15T19:25:27Z,6.0,7
