scenario,task_id,seed,episode_id,iteration,summary_length,n_task_results,n_messages,n_errors,continue_simulation
bargaining,82,0,9852984e0834302f8f1589f6,1,1947,0,0,0,True
bargaining,82,0,9852984e0834302f8f1589f6,2,1947,0,0,0,True
bargaining,82,0,9852984e0834302f8f1589f6,3,1947,0,0,0,True
bargaining,82,0,9852984e0834302f8f1589f6,4,2045,0,0,0,True
bargaining,82,0,9852984e0834302f8f1589f6,5,2173,0,0,0,True
bargaining,82,1,696e5aa91db8794ada1d5e7e,1,2045,0,0,0,True
bargaining,82,1,696e5aa91db8794ada1d5e7e,2,2045,0,0,0,False
bargaining,15,0,32405225b354bb1a1dfc0a35,1,1855,0,0,0,False
bargaining,15,1,821bc8979719b2e3e18b273b,1,1488,0,0,0,False
bargaining,4,0,c16b428b937469b8ef7deedb,1,2062,0,0,0,True
bargaining,4,0,c16b428b937469b8ef7deedb,2,2062,0,0,0,True
bargaining,4,0,c16b428b937469b8ef7deedb,3,1946,0,0,0,True
bargaining,4,0,c16b428b937469b8ef7deedb,4,1782,0,0,0,True
bargaining,4,0,c16b428b937469b8ef7deedb,5,1946,0,0,0,True
bargaining,4,1,986350fd3a6aa5fb34a1cff7,1,1946,0,0,0,True
bargaining,4,1,986350fd3a6aa5fb34a1cff7,2,1946,0,0,0,True
bargaining,4,1,986350fd3a6aa5fb34a1cff7,3,1946,0,0,0,True
bargaining,4,1,986350fd3a6aa5fb34a1cff7,4,1946,0,0,0,True
bargaining,4,1,986350fd3a6aa5fb34a1cff7,5,1832,0,0,0,True
bargaining,95,0,90ae11352e62631d2f92407d,1,1943,0,0,0,False
bargaining,95,1,9324422d2e3eaa0d99040b41,1,1943,0,0,0,True
bargaining,95,1,9324422d2e3eaa0d99040b41,2,1973,0,0,0,True
bargaining,95,1,9324422d2e3eaa0d99040b41,3,1757,0,0,0,False
bargaining,36,0,3c46e934e3f6f81765e0233b,1,1361,0,0,0,False
bargaining,36,1,c2c9c6a8029259e1338ab5c3,1,2020,0,0,0,False
bargaining,32,0,cf5475410529b7f603d8e6af,1,1986,0,0,0,False
bargaining,32,1,5a86f1e08585f77dff6125e3,1,1523,0,0,0,False
bargaining,29,0,8a0b8bfe9a1a41c74ced4c09,1,1975,0,0,0,False
bargaining,29,1,c916e27fb4ee36dfafdc9de5,1,2094,0,0,0,False
bargaining,18,0,baa84e8357c2f5a31e4601d3,1,1581,0,0,0,False
bargaining,18,1,360d1cca3e0c3de524379516,1,1682,0,0,0,False
bargaining,14,0,d4fdd0da8e97a1fd717e48f3,1,1716,0,0,0,False
bargaining,14,1,50d6e760118b78af4346579b,1,1635,0,0,0,False
bargaining,87,0,cf4e64da9c05c33b4caad553,1,1542,0,0,0,True
bargaining,87,0,cf4e64da9c05c33b4caad553,2,1967,0,0,0,True
bargaining,87,0,cf4e64da9c05c33b4caad553,3,1542,0,0,0,True
bargaining,87,0,cf4e64da9c05c33b4caad553,4,1920,0,0,0,True
bargaining,87,0,cf4e64da9c05c33b4caad553,5,1933,0,0,0,True
bargaining,87,1,01ee1ae94dbca8f9ffdeee6d,1,1938,0,0,0,True
bargaining,87,1,01ee1ae94dbca8f9ffdeee6d,2,1961,0,0,0,True
bargaining,87,1,01ee1ae94dbca8f9ffdeee6d,3,1898,0,0,0,True
bargaining,87,1,01ee1ae94dbca8f9ffdeee6d,4,1942,0,0,0,True
bargaining,87,1,01ee1ae94dbca8f9ffdeee6d,5,1932,0,0,0,True
bargaining,70,0,474790b23c39e1ba1a269122,1,1346,0,0,0,True
bargaining,70,0,474790b23c39e1ba1a269122,2,1437,0,0,0,True
bargaining,70,0,474790b23c39e1ba1a269122,3,1776,0,0,0,True
bargaining,70,0,474790b23c39e1ba1a269122,4,1444,0,0,0,True
bargaining,70,0,474790b23c39e1ba1a269122,5,1437,0,0,0,True
bargaining,70,1,ec302424e85cea9fae43aed3,1,1439,0,0,0,True
bargaining,70,1,ec302424e85cea9fae43aed3,2,1776,0,0,0,True
bargaining,70,1,ec302424e85cea9fae43aed3,3,1776,0,0,0,True
bargaining,70,1,ec302424e85cea9fae43aed3,4,1395,0,0,0,True
bargaining,70,1,ec302424e85cea9fae43aed3,5,1439,0,0,0,True
bargaining,12,0,9d6e32df6125af5d899cd66f,1,1965,0,0,0,True
bargaining,12,0,9d6e32df6125af5d899cd66f,2,1947,0,0,0,False
bargaining,12,1,b64202e3abb3bdca8fdcf32c,1,2269,0,0,0,True
bargaining,12,1,b64202e3abb3bdca8fdcf32c,2,1921,0,0,0,True
bargaining,12,1,b64202e3abb3bdca8fdcf32c,3,1909,0,0,0,True
bargaining,12,1,b64202e3abb3bdca8fdcf32c,4,1942,0,0,0,True
bargaining,12,1,b64202e3abb3bdca8fdcf32c,5,1855,0,0,0,True
bargaining,76,0,60e0509a6dd24672a2ebe507,1,1702,0,0,0,False
bargaining,76,1,5b6e89e80b3c540af39b3b8c,1,1705,0,0,0,False
bargaining,55,0,df59c6a80ed946869fe263c1,1,2035,0,0,0,True
bargaining,55,0,df59c6a80ed946869fe263c1,2,2110,0,0,0,False
bargaining,55,1,67ef051e8a0869f706e4d926,1,1378,0,0,0,False
bargaining,5,0,19fecde0db8f05bebcab70bd,1,1756,0,0,0,False
bargaining,5,1,007b2c1bad157cf05a31ca26,1,1511,0,0,0,False
bargaining,28,0,e9a867db7ce680a7fa2868c1,1,1812,0,0,0,True
bargaining,28,0,e9a867db7ce680a7fa2868c1,2,1770,0,0,0,True
bargaining,28,0,e9a867db7ce680a7fa2868c1,3,2048,0,0,0,False
bargaining,28,1,036692e93170ab829c8a259f,1,1709,0,0,0,True
bargaining,28,1,036692e93170ab829c8a259f,2,1759,0,0,0,False
bargaining,30,0,14292ce74c5ac2f6b3da0522,1,1496,0,0,0,False
bargaining,30,1,04a4dd394474267a2c4d0188,1,2117,0,0,0,True
bargaining,30,1,04a4dd394474267a2c4d0188,2,2146,0,0,0,False
bargaining,65,0,239405982be3c93f4ee5c924,1,1585,0,0,0,True
bargaining,65,0,239405982be3c93f4ee5c924,2,1585,0,0,0,False
bargaining,65,1,03ac37fe7bd2ee8b12ce325f,1,1941,0,0,0,True
bargaining,65,1,03ac37fe7bd2ee8b12ce325f,2,1477,0,0,0,True
bargaining,65,1,03ac37fe7bd2ee8b12ce325f,3,1477,0,0,0,True
bargaining,65,1,03ac37fe7bd2ee8b12ce325f,4,1360,0,0,0,False
bargaining,78,0,bfaa8c9477c446afc6db2463,1,2008,0,0,0,True
bargaining,78,0,bfaa8c9477c446afc6db2463,2,2259,0,0,0,False
bargaining,78,1,c709ac0ae389a5808393f1de,1,2236,0,0,0,True
bargaining,78,1,c709ac0ae389a5808393f1de,2,1906,0,0,0,True
bargaining,78,1,c709ac0ae389a5808393f1de,3,1963,0,0,0,False
bargaining,72,0,250316e16871b3a940b85a08,1,2051,0,0,0,True
bargaining,72,0,250316e16871b3a940b85a08,2,2026,0,0,0,True
bargaining,72,0,250316e16871b3a940b85a08,3,2132,0,0,0,True
bargaining,72,0,250316e16871b3a940b85a08,4,1950,0,0,0,True
bargaining,72,0,250316e16871b3a940b85a08,5,1996,0,0,0,True
bargaining,72,1,0873799cc753fc1b0a1157f1,1,2061,0,0,0,True
bargaining,72,1,0873799cc753fc1b0a1157f1,2,1890,0,0,0,True
bargaining,72,1,0873799cc753fc1b0a1157f1,3,1964,0,0,0,True
bargaining,72,1,0873799cc753fc1b0a1157f1,4,1990,0,0,0,True
bargaining,72,1,0873799cc753fc1b0a1157f1,5,1987,0,0,0,True
coding,26,0,a68f5faacf1e42508f70a4fa,1,2876,2,0,0,True
coding,26,0,a68f5faacf1e42508f70a4fa,2,2845,2,0,0,True
coding,26,0,a68f5faacf1e42508f70a4fa,3,133,2,0,0,True
coding,26,0,a68f5faacf1e42508f70a4fa,4,133,2,0,0,True
coding,26,0,a68f5faacf1e42508f70a4fa,5,133,2,0,0,True
coding,26,1,532404ea8b60915585f23dbd,1,133,2,0,0,True
coding,26,1,532404ea8b60915585f23dbd,2,2841,2,0,0,True
coding,26,1,532404ea8b60915585f23dbd,3,133,2,0,0,True
coding,26,1,532404ea8b60915585f23dbd,4,133,2,0,0,True
coding,26,1,532404ea8b60915585f23dbd,5,133,2,0,0,True
coding,92,0,af7f13ba4b1d63146cf0f9c5,1,3885,2,0,1,True
coding,92,0,af7f13ba4b1d63146cf0f9c5,2,4869,2,0,2,True
coding,92,0,af7f13ba4b1d63146cf0f9c5,3,3932,2,0,0,True
coding,92,0,af7f13ba4b1d63146cf0f9c5,4,133,2,0,0,True
coding,92,0,af7f13ba4b1d63146cf0f9c5,5,133,2,0,0,True
coding,92,1,469a65414807e02c56fad317,1,3283,2,0,0,True
coding,92,1,469a65414807e02c56fad317,2,5590,2,0,3,True
coding,92,1,469a65414807e02c56fad317,3,133,2,0,0,True
coding,92,1,469a65414807e02c56fad317,4,133,2,0,0,True
coding,92,1,469a65414807e02c56fad317,5,133,2,0,0,True
coding,84,0,d3830ffa0235fe40f1168511,1,7491,2,0,23,True
coding,84,0,d3830ffa0235fe40f1168511,2,7868,2,0,0,True
coding,84,0,d3830ffa0235fe40f1168511,3,7657,2,0,7,True
coding,84,0,d3830ffa0235fe40f1168511,4,5192,2,0,17,True
coding,84,0,d3830ffa0235fe40f1168511,5,133,2,0,0,True
coding,84,1,04ef17840bda7884dca80852,1,8070,2,0,2,True
coding,84,1,04ef17840bda7884dca80852,2,8141,2,0,0,True
coding,84,1,04ef17840bda7884dca80852,3,133,2,0,0,True
coding,84,1,04ef17840bda7884dca80852,4,133,2,0,0,True
coding,84,1,04ef17840bda7884dca80852,5,133,2,0,0,True
coding,90,0,58b167b3128a730663cd63c8,1,133,3,0,0,True
coding,90,0,58b167b3128a730663cd63c8,2,133,3,0,0,True
coding,90,0,58b167b3128a730663cd63c8,3,133,3,0,0,True
coding,90,0,58b167b3128a730663cd63c8,4,133,3,0,0,True
coding,90,0,58b167b3128a730663cd63c8,5,133,3,0,0,True
coding,90,1,22c63dda3380f86edff3e711,1,133,3,0,0,True
coding,90,1,22c63dda3380f86edff3e711,2,6184,2,0,0,True
coding,90,1,22c63dda3380f86edff3e711,3,133,2,0,0,True
coding,90,1,22c63dda3380f86edff3e711,4,133,2,0,0,True
coding,90,1,22c63dda3380f86edff3e711,5,133,2,0,0,True
coding,70,0,116cc7cf37c243434c165a01,1,5110,2,0,0,True
coding,70,0,116cc7cf37c243434c165a01,2,4723,2,0,0,True
coding,70,0,116cc7cf37c243434c165a01,3,4731,2,0,0,True
coding,70,0,116cc7cf37c243434c165a01,4,4430,2,0,0,True
coding,70,0,116cc7cf37c243434c165a01,5,5267,2,0,0,True
coding,70,1,fe8288a913c8b7ed4e1ec55b,1,5122,2,0,0,True
coding,70,1,fe8288a913c8b7ed4e1ec55b,2,5121,2,0,0,True
coding,70,1,fe8288a913c8b7ed4e1ec55b,3,3908,2,0,0,True
coding,70,1,fe8288a913c8b7ed4e1ec55b,4,4758,2,0,0,True
coding,70,1,fe8288a913c8b7ed4e1ec55b,5,4378,2,0,0,True
coding,54,0,1dd22513685e9973a4bc8c08,1,2685,2,0,0,True
coding,54,0,1dd22513685e9973a4bc8c08,2,133,2,0,0,True
coding,54,0,1dd22513685e9973a4bc8c08,3,133,2,0,0,True
coding,54,0,1dd22513685e9973a4bc8c08,4,133,2,0,0,True
coding,54,0,1dd22513685e9973a4bc8c08,5,2968,2,0,0,True
coding,54,1,89b9a2750af8e3ff6238ea12,1,3178,2,0,0,True
coding,54,1,89b9a2750af8e3ff6238ea12,2,4085,2,0,0,True
coding,54,1,89b9a2750af8e3ff6238ea12,3,133,2,0,0,True
coding,54,1,89b9a2750af8e3ff6238ea12,4,3889,2,0,0,True
coding,54,1,89b9a2750af8e3ff6238ea12,5,133,2,0,0,True
coding,29,0,ecfc89d9d3723d98f0383a4d,1,2613,2,0,0,True
coding,29,0,ecfc89d9d3723d98f0383a4d,2,1184,2,0,0,True
coding,29,0,ecfc89d9d3723d98f0383a4d,3,3624,2,0,3,True
coding,29,0,ecfc89d9d3723d98f0383a4d,4,2517,2,0,0,True
coding,29,0,ecfc89d9d3723d98f0383a4d,5,2517,2,0,0,True
coding,29,1,77e4e95f0e4777c9ea418f6d,1,1390,3,0,0,True
coding,29,1,77e4e95f0e4777c9ea418f6d,2,1011,2,0,0,True
coding,29,1,77e4e95f0e4777c9ea418f6d,3,1011,2,0,0,True
coding,29,1,77e4e95f0e4777c9ea418f6d,4,956,2,0,0,True
coding,29,1,77e4e95f0e4777c9ea418f6d,5,943,2,0,0,True
coding,58,0,adbcbda6644b60099615b1f9,1,3974,2,0,0,True
coding,58,0,adbcbda6644b60099615b1f9,2,3729,2,0,0,True
coding,58,0,adbcbda6644b60099615b1f9,3,4336,2,0,1,True
coding,58,0,adbcbda6644b60099615b1f9,4,4012,2,0,0,True
coding,58,0,adbcbda6644b60099615b1f9,5,4013,2,0,0,True
coding,58,1,95d76aa83533671500edc27c,1,5814,2,0,0,True
coding,58,1,95d76aa83533671500edc27c,2,4283,2,0,0,True
coding,58,1,95d76aa83533671500edc27c,3,133,2,0,0,True
coding,58,1,95d76aa83533671500edc27c,4,4141,2,0,0,True
coding,58,1,95d76aa83533671500edc27c,5,133,2,0,0,True
coding,76,0,fe76d630fea2e398de4709a3,1,8273,2,0,4,True
coding,76,0,fe76d630fea2e398de4709a3,2,4445,2,0,0,True
coding,76,0,fe76d630fea2e398de4709a3,3,4624,2,0,0,True
coding,76,0,fe76d630fea2e398de4709a3,4,7491,2,0,14,True
coding,76,0,fe76d630fea2e398de4709a3,5,7491,2,0,14,True
coding,76,1,83c0a5525fb005f91eddb5aa,1,4574,2,0,0,True
coding,76,1,83c0a5525fb005f91eddb5aa,2,4091,2,0,0,True
coding,76,1,83c0a5525fb005f91eddb5aa,3,4244,2,0,0,True
coding,76,1,83c0a5525fb005f91eddb5aa,4,5889,2,0,0,True
coding,76,1,83c0a5525fb005f91eddb5aa,5,5379,2,0,0,True
coding,36,0,726588b7a976fdc1055c173f,1,2387,2,0,0,True
coding,36,0,726588b7a976fdc1055c173f,2,3058,2,0,0,True
coding,36,0,726588b7a976fdc1055c173f,3,2581,2,0,0,True
coding,36,0,726588b7a976fdc1055c173f,4,3060,2,0,0,True
coding,36,0,726588b7a976fdc1055c173f,5,2506,2,0,0,True
coding,36,1,961610f700fec3cdd1804920,1,3193,2,0,0,True
coding,36,1,961610f700fec3cdd1804920,2,2862,2,0,0,True
coding,36,1,961610f700fec3cdd1804920,3,2628,2,0,0,True
coding,36,1,961610f700fec3cdd1804920,4,2553,2,0,0,True
coding,36,1,961610f700fec3cdd1804920,5,2577,2,0,0,True
coding,1,0,b282d0bbcdf5c92807903cab,1,4401,2,0,0,True
coding,1,0,b282d0bbcdf5c92807903cab,2,4344,2,0,1,True
coding,1,0,b282d0bbcdf5c92807903cab,3,3808,2,0,0,True
coding,1,0,b282d0bbcdf5c92807903cab,4,3436,2,0,0,True
coding,1,0,b282d0bbcdf5c92807903cab,5,5079,2,0,1,True
coding,1,1,2e34d93a32c357a320d9cffe,1,7125,2,0,2,True
coding,1,1,2e34d93a32c357a320d9cffe,2,4776,2,0,1,True
coding,1,1,2e34d93a32c357a320d9cffe,3,6552,2,0,0,True
coding,1,1,2e34d93a32c357a320d9cffe,4,4777,2,0,0,True
coding,1,1,2e34d93a32c357a320d9cffe,5,4345,2,0,1,True
coding,98,0,8023cd5deedafb3d214412d5,1,5156,2,0,0,True
coding,98,0,8023cd5deedafb3d214412d5,2,5823,2,0,0,True
coding,98,0,8023cd5deedafb3d214412d5,3,133,2,0,0,True
coding,98,0,8023cd5deedafb3d214412d5,4,133,2,0,0,True
coding,98,0,8023cd5deedafb3d214412d5,5,133,2,0,0,True
coding,98,1,0a680b5bb6fed2fc6b4ee11f,1,133,2,0,0,True
coding,98,1,0a680b5bb6fed2fc6b4ee11f,2,133,2,0,0,True
coding,98,1,0a680b5bb6fed2fc6b4ee11f,3,133,2,0,0,True
coding,98,1,0a680b5bb6fed2fc6b4ee11f,4,133,2,0,0,True
coding,98,1,0a680b5bb6fed2fc6b4ee11f,5,133,2,0,0,True
coding,21,0,790017803c0e9f94dcb854ae,1,3803,2,0,0,True
coding,21,0,790017803c0e9f94dcb854ae,2,4483,2,0,0,True
coding,21,0,790017803c0e9f94dcb854ae,3,133,1,0,0,True
coding,21,0,790017803c0e9f94dcb854ae,4,4185,2,0,0,True
coding,21,0,790017803c0e9f94dcb854ae,5,4206,2,0,0,True
coding,21,1,63b4082e3144625f7a6c14c7,1,4773,3,0,0,True
coding,21,1,63b4082e3144625f7a6c14c7,2,4402,2,0,0,True
coding,21,1,63b4082e3144625f7a6c14c7,3,4200,2,0,0,True
coding,21,1,63b4082e3144625f7a6c14c7,4,4337,2,0,0,True
coding,21,1,63b4082e3144625f7a6c14c7,5,3054,2,0,0,True
coding,55,0,4d59fb1d8e064e9fa0bbfcbd,1,4129,2,0,9,True
coding,55,0,4d59fb1d8e064e9fa0bbfcbd,2,4041,2,0,3,True
coding,55,0,4d59fb1d8e064e9fa0bbfcbd,3,3261,2,0,0,True
coding,55,0,4d59fb1d8e064e9fa0bbfcbd,4,3942,2,0,6,True
coding,55,0,4d59fb1d8e064e9fa0bbfcbd,5,4284,2,0,8,True
coding,55,1,211f48a1e855c8ae4cc88371,1,3310,2,0,0,True
coding,55,1,211f48a1e855c8ae4cc88371,2,3240,2,0,0,True
coding,55,1,211f48a1e855c8ae4cc88371,3,133,2,0,0,True
coding,55,1,211f48a1e855c8ae4cc88371,4,133,2,0,0,True
coding,55,1,211f48a1e855c8ae4cc88371,5,133,2,0,0,True
coding,44,0,c0e620b99bb35834bf15641a,1,3576,2,0,0,True
coding,44,0,c0e620b99bb35834bf15641a,2,3324,2,0,0,True
coding,44,0,c0e620b99bb35834bf15641a,3,3960,2,0,0,True
coding,44,0,c0e620b99bb35834bf15641a,4,3284,2,0,0,True
coding,44,0,c0e620b99bb35834bf15641a,5,3849,2,0,0,True
coding,44,1,21b00c0bb80dcf85559970d1,1,5244,2,0,0,True
coding,44,1,21b00c0bb80dcf85559970d1,2,4053,2,0,0,True
coding,44,1,21b00c0bb80dcf85559970d1,3,3674,2,0,0,True
coding,44,1,21b00c0bb80dcf85559970d1,4,4308,2,0,0,True
coding,44,1,21b00c0bb80dcf85559970d1,5,3365,2,0,2,True
coding,20,0,20d026aa7a951614a235b90a,1,133,2,0,0,True
coding,20,0,20d026aa7a951614a235b90a,2,133,2,0,0,True
coding,20,0,20d026aa7a951614a235b90a,3,133,2,0,0,True
coding,20,0,20d026aa7a951614a235b90a,4,5788,2,0,6,True
coding,20,0,20d026aa7a951614a235b90a,5,4773,2,0,5,True
coding,20,1,0736cebe13bbe994ba79a11a,1,3059,2,0,4,True
coding,20,1,0736cebe13bbe994ba79a11a,2,6068,2,0,8,True
coding,20,1,0736cebe13bbe994ba79a11a,3,133,2,0,0,True
coding,20,1,0736cebe13bbe994ba79a11a,4,145,2,0,0,True
coding,20,1,0736cebe13bbe994ba79a11a,5,133,1,0,0,True
coding,28,0,40f63c70eb557331a4d3c900,1,6148,3,0,3,True
coding,28,0,40f63c70eb557331a4d3c900,2,8564,2,0,2,True
coding,28,0,40f63c70eb557331a4d3c900,3,7696,2,0,6,True
coding,28,0,40f63c70eb557331a4d3c900,4,5743,2,0,3,True
coding,28,0,40f63c70eb557331a4d3c900,5,5743,2,0,3,True
coding,28,1,75e11d5b95d3849145607ee6,1,7721,2,0,7,True
coding,28,1,75e11d5b95d3849145607ee6,2,133,2,0,0,True
coding,28,1,75e11d5b95d3849145607ee6,3,7776,2,0,8,True
coding,28,1,75e11d5b95d3849145607ee6,4,8757,2,0,14,True
coding,28,1,75e11d5b95d3849145607ee6,5,5724,2,0,1,True
coding,14,0,26683519844bd7bb9d3c759d,1,4503,2,0,0,True
coding,14,0,26683519844bd7bb9d3c759d,2,133,1,0,0,True
coding,14,0,26683519844bd7bb9d3c759d,3,3407,1,0,0,True
coding,14,0,26683519844bd7bb9d3c759d,4,4136,2,0,0,True
coding,14,0,26683519844bd7bb9d3c759d,5,4537,2,0,0,True
coding,14,1,3bd0de6a8aa2f8919c6dc962,1,4656,2,0,0,True
coding,14,1,3bd0de6a8aa2f8919c6dc962,2,4235,2,0,0,True
coding,14,1,3bd0de6a8aa2f8919c6dc962,3,3800,1,0,0,True
coding,14,1,3bd0de6a8aa2f8919c6dc962,4,3966,2,0,0,True
coding,14,1,3bd0de6a8aa2f8919c6dc962,5,4424,2,0,0,True
coding,12,0,b583a02da8c940b004d2ade7,1,5884,2,0,0,True
coding,12,0,b583a02da8c940b004d2ade7,2,8009,2,0,3,True
coding,12,0,b583a02da8c940b004d2ade7,3,133,2,0,0,True
coding,12,0,b583a02da8c940b004d2ade7,4,133,2,0,0,True
coding,12,0,b583a02da8c940b004d2ade7,5,133,2,0,0,True
coding,12,1,00277b540950d5189eb1534b,1,5575,2,0,0,True
coding,12,1,00277b540950d5189eb1534b,2,5575,2,0,0,True
coding,12,1,00277b540950d5189eb1534b,3,133,2,0,0,True
coding,12,1,00277b540950d5189eb1534b,4,133,2,0,0,True
coding,12,1,00277b540950d5189eb1534b,5,133,2,0,0,True
coding,49,0,0deb6567dc1d6b7a143cc308,1,7941,2,0,21,True
coding,49,0,0deb6567dc1d6b7a143cc308,2,4039,2,0,5,True
coding,49,0,0deb6567dc1d6b7a143cc308,3,133,2,0,0,True
coding,49,0,0deb6567dc1d6b7a143cc308,4,5383,1,0,4,True
coding,49,0,0deb6567dc1d6b7a143cc308,5,4390,2,0,4,True
coding,49,1,08f507ac3e82f402c4167528,1,133,2,0,0,True
coding,49,1,08f507ac3e82f402c4167528,2,133,2,0,0,True
coding,49,1,08f507ac3e82f402c4167528,3,133,2,0,0,True
coding,49,1,08f507ac3e82f402c4167528,4,133,2,0,0,True
coding,49,1,08f507ac3e82f402c4167528,5,133,2,0,0,True
database,13,0,70b02e2436b7ed36b715dd12,1,1243,5,0,0,True
database,13,0,70b02e2436b7ed36b715dd12,2,1255,5,0,0,True
database,13,0,70b02e2436b7ed36b715dd12,3,1255,5,0,0,True
database,13,0,70b02e2436b7ed36b715dd12,4,1271,5,0,0,True
database,13,0,70b02e2436b7ed36b715dd12,5,567,5,0,0,True
database,13,1,56cec34c6e255da0ff688659,1,832,5,0,0,True
database,13,1,56cec34c6e255da0ff688659,2,1367,5,0,0,True
database,13,1,56cec34c6e255da0ff688659,3,1143,5,0,0,True
database,13,1,56cec34c6e255da0ff688659,4,1328,5,0,0,True
database,13,1,56cec34c6e255da0ff688659,5,950,5,0,0,True
database,46,0,95828ab1496f0336d027d253,1,920,5,0,0,True
database,46,0,95828ab1496f0336d027d253,2,938,5,0,0,True
database,46,0,95828ab1496f0336d027d253,3,921,5,0,0,True
database,46,0,95828ab1496f0336d027d253,4,921,5,0,0,True
database,46,0,95828ab1496f0336d027d253,5,852,5,0,0,True
database,46,1,6d594780c7fd0a5bcf4de471,1,893,5,0,0,True
database,46,1,6d594780c7fd0a5bcf4de471,2,812,5,0,0,True
database,46,1,6d594780c7fd0a5bcf4de471,3,920,5,0,0,True
database,46,1,6d594780c7fd0a5bcf4de471,4,1529,5,0,0,True
database,46,1,6d594780c7fd0a5bcf4de471,5,1529,5,0,0,True
database,45,0,522eb61619386805654bf351,1,1522,5,0,0,True
database,45,0,522eb61619386805654bf351,2,1642,5,0,0,True
database,45,0,522eb61619386805654bf351,3,1371,5,0,0,True
database,45,0,522eb61619386805654bf351,4,1106,5,0,0,True
database,45,0,522eb61619386805654bf351,5,1568,5,0,0,True
database,45,1,1e1c6b0e4b4616e0b9c18179,1,1312,5,0,0,True
database,45,1,1e1c6b0e4b4616e0b9c18179,2,1389,5,0,0,True
database,45,1,1e1c6b0e4b4616e0b9c18179,3,1773,5,0,0,True
database,45,1,1e1c6b0e4b4616e0b9c18179,4,1773,5,0,0,True
database,45,1,1e1c6b0e4b4616e0b9c18179,5,1738,5,0,0,True
database,78,0,1a8f283c34e88bef9ddf0954,1,1747,5,0,0,True
database,78,0,1a8f283c34e88bef9ddf0954,2,1709,5,0,0,True
database,78,0,1a8f283c34e88bef9ddf0954,3,2436,5,0,0,True
database,78,0,1a8f283c34e88bef9ddf0954,4,2436,5,0,0,True
database,78,0,1a8f283c34e88bef9ddf0954,5,1747,5,0,0,True
database,78,1,76a7a975772f82e5c33c17f6,1,2086,5,0,0,True
database,78,1,76a7a975772f82e5c33c17f6,2,2086,5,0,0,True
database,78,1,76a7a975772f82e5c33c17f6,3,1774,5,0,0,True
database,78,1,76a7a975772f82e5c33c17f6,4,1796,5,0,0,True
database,78,1,76a7a975772f82e5c33c17f6,5,1072,5,0,0,True
database,34,0,d675fd00d94dff97503db9b9,1,1008,5,0,0,True
database,34,0,d675fd00d94dff97503db9b9,2,1000,5,0,0,True
database,34,0,d675fd00d94dff97503db9b9,3,794,5,0,0,True
database,34,0,d675fd00d94dff97503db9b9,4,984,4,0,1,True
database,34,0,d675fd00d94dff97503db9b9,5,1605,5,0,0,True
database,34,1,fab21402f98b36b53e8b9a71,1,794,5,0,0,True
database,34,1,fab21402f98b36b53e8b9a71,2,856,5,0,0,True
database,34,1,fab21402f98b36b53e8b9a71,3,1659,5,0,0,True
database,34,1,fab21402f98b36b53e8b9a71,4,1643,5,0,0,True
database,34,1,fab21402f98b36b53e8b9a71,5,1820,5,0,0,True
database,6,0,d0dd0f25af5d761b628f60ce,1,843,5,0,0,True
database,6,0,d0dd0f25af5d761b628f60ce,2,1047,5,0,0,True
database,6,0,d0dd0f25af5d761b628f60ce,3,895,5,0,0,True
database,6,0,d0dd0f25af5d761b628f60ce,4,1590,5,0,0,True
database,6,0,d0dd0f25af5d761b628f60ce,5,1700,5,0,0,True
database,6,1,28ff3c5768ccb643e465bb0d,1,1207,5,0,0,True
database,6,1,28ff3c5768ccb643e465bb0d,2,1145,5,0,0,True
database,6,1,28ff3c5768ccb643e465bb0d,3,1176,5,0,0,True
database,6,1,28ff3c5768ccb643e465bb0d,4,686,5,0,0,True
database,6,1,28ff3c5768ccb643e465bb0d,5,1636,5,0,0,True
database,94,0,c472b453579dbc80078d3f27,1,1372,5,0,0,True
database,94,0,c472b453579dbc80078d3f27,2,941,5,0,0,True
database,94,0,c472b453579dbc80078d3f27,3,1683,5,0,0,True
database,94,0,c472b453579dbc80078d3f27,4,1653,5,0,0,True
database,94,0,c472b453579dbc80078d3f27,5,1681,5,0,0,True
database,94,1,985d7dc958386b5030766af7,1,1134,5,1,0,True
database,94,1,985d7dc958386b5030766af7,2,1326,5,0,0,True
database,94,1,985d7dc958386b5030766af7,3,1323,5,0,0,True
database,94,1,985d7dc958386b5030766af7,4,1500,5,0,0,True
database,94,1,985d7dc958386b5030766af7,5,1748,5,0,0,True
database,59,0,30f97726f90ed40cf350b5dd,1,2038,4,0,0,True
database,59,0,30f97726f90ed40cf350b5dd,2,1728,5,0,0,True
database,59,0,30f97726f90ed40cf350b5dd,3,2046,5,0,0,True
database,59,0,30f97726f90ed40cf350b5dd,4,1974,5,0,0,True
database,59,0,30f97726f90ed40cf350b5dd,5,1874,5,0,0,True
database,59,1,ac16ea87d2daad0b988b09f2,1,1709,5,0,0,True
database,59,1,ac16ea87d2daad0b988b09f2,2,1709,5,0,0,True
database,59,1,ac16ea87d2daad0b988b09f2,3,1150,5,0,0,True
database,59,1,ac16ea87d2daad0b988b09f2,4,1841,5,0,0,True
database,59,1,ac16ea87d2daad0b988b09f2,5,1937,5,0,0,True
database,69,0,8358077572d1723753d0f1f4,1,1293,5,0,0,True
database,69,0,8358077572d1723753d0f1f4,2,2127,5,0,0,True
database,69,0,8358077572d1723753d0f1f4,3,1542,5,0,0,True
database,69,0,8358077572d1723753d0f1f4,4,1542,5,0,0,True
database,69,0,8358077572d1723753d0f1f4,5,1696,5,0,0,True
database,69,1,9aa2e34c4d8bf4e041fd597e,1,1593,5,0,0,True
database,69,1,9aa2e34c4d8bf4e041fd597e,2,1843,5,0,0,True
database,69,1,9aa2e34c4d8bf4e041fd597e,3,1616,5,0,0,True
database,69,1,9aa2e34c4d8bf4e041fd597e,4,1765,5,0,0,True
database,69,1,9aa2e34c4d8bf4e041fd597e,5,2089,5,0,0,True
database,16,0,f590bb26c2274bbffacb6c91,1,888,5,0,0,True
database,16,0,f590bb26c2274bbffacb6c91,2,620,5,0,0,True
database,16,0,f590bb26c2274bbffacb6c91,3,2135,5,0,0,True
database,16,0,f590bb26c2274bbffacb6c91,4,1090,2,1,0,True
database,16,0,f590bb26c2274bbffacb6c91,5,731,5,0,0,True
database,16,1,0bf05745760c9f7ddd338244,1,1430,5,0,0,True
database,16,1,0bf05745760c9f7ddd338244,2,1463,5,0,0,True
database,16,1,0bf05745760c9f7ddd338244,3,901,5,0,0,True
database,16,1,0bf05745760c9f7ddd338244,4,1201,5,0,0,True
database,16,1,0bf05745760c9f7ddd338244,5,1549,5,0,0,True
database,49,0,8c85a1265f1bb85147214f10,1,1288,5,1,0,True
database,49,0,8c85a1265f1bb85147214f10,2,583,5,0,0,True
database,49,0,8c85a1265f1bb85147214f10,3,473,4,0,0,True
database,49,0,8c85a1265f1bb85147214f10,4,843,5,0,0,True
database,49,0,8c85a1265f1bb85147214f10,5,843,5,0,0,True
database,49,1,b976d250fe9aeb81e6c27ba6,1,839,5,1,0,True
database,49,1,b976d250fe9aeb81e6c27ba6,2,803,5,0,0,True
database,49,1,b976d250fe9aeb81e6c27ba6,3,806,5,0,0,True
database,49,1,b976d250fe9aeb81e6c27ba6,4,815,5,0,0,True
database,49,1,b976d250fe9aeb81e6c27ba6,5,806,5,0,0,True
database,11,0,9b5ef5394158f52d95ce6638,1,1036,5,1,0,True
database,11,0,9b5ef5394158f52d95ce6638,2,1247,5,0,0,True
database,11,0,9b5ef5394158f52d95ce6638,3,1247,5,0,0,True
database,11,0,9b5ef5394158f52d95ce6638,4,1048,5,0,0,True
database,11,0,9b5ef5394158f52d95ce6638,5,803,5,0,0,True
database,11,1,c5326361a1dce03bd9e84546,1,1146,5,0,0,True
database,11,1,c5326361a1dce03bd9e84546,2,1764,5,0,0,True
database,11,1,c5326361a1dce03bd9e84546,3,980,5,0,0,True
database,11,1,c5326361a1dce03bd9e84546,4,1185,5,0,0,True
database,11,1,c5326361a1dce03bd9e84546,5,1182,5,0,0,True
database,71,0,1dcafbd1f75d52e50f48ad2f,1,1638,5,0,0,True
database,71,0,1dcafbd1f75d52e50f48ad2f,2,1339,5,0,0,True
database,71,0,1dcafbd1f75d52e50f48ad2f,3,1471,5,0,0,True
database,71,0,1dcafbd1f75d52e50f48ad2f,4,1420,5,0,0,True
database,71,0,1dcafbd1f75d52e50f48ad2f,5,1380,5,0,0,True
database,71,1,92ab2f62870c3c1e40d8ccb0,1,1071,5,1,0,True
database,71,1,92ab2f62870c3c1e40d8ccb0,2,1328,5,0,0,True
database,71,1,92ab2f62870c3c1e40d8ccb0,3,830,5,0,0,True
database,71,1,92ab2f62870c3c1e40d8ccb0,4,831,5,0,0,True
database,71,1,92ab2f62870c3c1e40d8ccb0,5,1639,5,0,0,True
database,38,0,cc90e8e2de8fbed2362f0c28,1,1116,5,0,0,True
database,38,0,cc90e8e2de8fbed2362f0c28,2,1322,5,0,0,True
database,38,0,cc90e8e2de8fbed2362f0c28,3,853,5,0,0,True
database,38,0,cc90e8e2de8fbed2362f0c28,4,1025,5,0,0,True
database,38,0,cc90e8e2de8fbed2362f0c28,5,1461,5,0,0,True
database,38,1,35913a4c29a88feff35e72aa,1,850,5,0,0,True
database,38,1,35913a4c29a88feff35e72aa,2,850,5,0,0,True
database,38,1,35913a4c29a88feff35e72aa,3,892,5,0,0,True
database,38,1,35913a4c29a88feff35e72aa,4,1327,5,0,0,True
database,38,1,35913a4c29a88feff35e72aa,5,1327,5,0,0,True
database,81,0,325270253d0cbc5287effc9c,1,1637,5,0,0,True
database,81,0,325270253d0cbc5287effc9c,2,1539,5,0,0,True
database,81,0,325270253d0cbc5287effc9c,3,1239,5,0,0,True
database,81,0,325270253d0cbc5287effc9c,4,1257,5,0,0,True
database,81,0,325270253d0cbc5287effc9c,5,1319,5,0,0,True
database,81,1,deab31a95a6b2dfe0c64b963,1,671,5,0,0,True
database,81,1,deab31a95a6b2dfe0c64b963,2,911,5,0,0,True
database,81,1,deab31a95a6b2dfe0c64b963,3,1420,5,0,0,True
database,81,1,deab31a95a6b2dfe0c64b963,4,824,5,0,0,True
database,81,1,deab31a95a6b2dfe0c64b963,5,1025,5,0,0,True
database,80,0,d883dd8450dfae604aed0fe2,1,900,5,0,0,True
database,80,0,d883dd8450dfae604aed0fe2,2,900,5,0,0,True
database,80,0,d883dd8450dfae604aed0fe2,3,1208,5,0,0,True
database,80,0,d883dd8450dfae604aed0fe2,4,1006,5,0,0,True
database,80,0,d883dd8450dfae604aed0fe2,5,2121,5,0,0,True
database,80,1,11cf0a1d2ee2113046ef3aec,1,1518,5,0,0,True
database,80,1,11cf0a1d2ee2113046ef3aec,2,2200,5,0,0,True
database,80,1,11cf0a1d2ee2113046ef3aec,3,1044,5,0,1,True
database,80,1,11cf0a1d2ee2113046ef3aec,4,2153,5,0,0,True
database,80,1,11cf0a1d2ee2113046ef3aec,5,2054,5,0,0,True
database,47,0,79ea115cbc67cdce6de96ec6,1,847,5,0,0,True
database,47,0,79ea115cbc67cdce6de96ec6,2,1011,5,0,0,True
database,47,0,79ea115cbc67cdce6de96ec6,3,1520,5,0,0,True
database,47,0,79ea115cbc67cdce6de96ec6,4,881,5,0,0,True
database,47,0,79ea115cbc67cdce6de96ec6,5,1466,5,0,0,True
database,47,1,7c6687d77a57c85b0a30e1a6,1,1209,5,0,0,True
database,47,1,7c6687d77a57c85b0a30e1a6,2,1534,5,0,0,True
database,47,1,7c6687d77a57c85b0a30e1a6,3,688,5,0,0,True
database,47,1,7c6687d77a57c85b0a30e1a6,4,1432,5,0,0,True
database,47,1,7c6687d77a57c85b0a30e1a6,5,1534,5,0,0,True
database,74,0,5c3a510bf09803f46ab4f2b5,1,1660,5,0,0,True
database,74,0,5c3a510bf09803f46ab4f2b5,2,1474,5,0,0,True
database,74,0,5c3a510bf09803f46ab4f2b5,3,819,5,0,0,True
database,74,0,5c3a510bf09803f46ab4f2b5,4,1664,5,0,0,True
database,74,0,5c3a510bf09803f46ab4f2b5,5,1016,5,0,0,True
database,74,1,641f87a31225a4416e6c2b88,1,1699,5,0,0,True
database,74,1,641f87a31225a4416e6c2b88,2,1635,5,0,0,True
database,74,1,641f87a31225a4416e6c2b88,3,1670,5,0,0,True
database,74,1,641f87a31225a4416e6c2b88,4,1670,5,0,0,True
database,74,1,641f87a31225a4416e6c2b88,5,1668,5,0,0,True
database,25,0,5c089f90071a9abb4a9b2c5e,1,1316,5,0,0,True
database,25,0,5c089f90071a9abb4a9b2c5e,2,872,5,0,0,True
database,25,0,5c089f90071a9abb4a9b2c5e,3,952,5,0,0,True
database,25,0,5c089f90071a9abb4a9b2c5e,4,860,5,0,0,True
database,25,0,5c089f90071a9abb4a9b2c5e,5,989,5,0,0,True
database,25,1,2d38afb274bd30c8c71256e8,1,891,5,1,0,True
database,25,1,2d38afb274bd30c8c71256e8,2,1560,5,0,0,True
database,25,1,2d38afb274bd30c8c71256e8,3,931,5,0,0,True
database,25,1,2d38afb274bd30c8c71256e8,4,914,5,0,0,True
database,25,1,2d38afb274bd30c8c71256e8,5,643,5,0,0,True
database,91,0,d7012c98331a4ccd63a4ba0e,1,1072,5,1,0,True
database,91,0,d7012c98331a4ccd63a4ba0e,2,1449,5,0,0,True
database,91,0,d7012c98331a4ccd63a4ba0e,3,1628,5,0,0,True
database,91,0,d7012c98331a4ccd63a4ba0e,4,1235,5,0,0,True
database,91,0,d7012c98331a4ccd63a4ba0e,5,1024,2,0,0,True
database,91,1,ce8df6e7de358c7e6c3a00c8,1,1183,5,0,0,True
database,91,1,ce8df6e7de358c7e6c3a00c8,2,1302,5,0,0,True
database,91,1,ce8df6e7de358c7e6c3a00c8,3,1113,5,0,0,True
database,91,1,ce8df6e7de358c7e6c3a00c8,4,1106,5,0,0,True
database,91,1,ce8df6e7de358c7e6c3a00c8,5,1106,5,0,0,True
minecraft,9,0,e08c02f586f2d1d33933564c,1,1506,1,1,0,True
minecraft,9,0,e08c02f586f2d1d33933564c,2,760,1,1,0,True
minecraft,9,0,e08c02f586f2d1d33933564c,3,1102,0,0,0,True
minecraft,9,0,e08c02f586f2d1d33933564c,4,1193,0,0,0,True
minecraft,9,0,e08c02f586f2d1d33933564c,5,1098,0,0,0,True
minecraft,9,0,e08c02f586f2d1d33933564c,6,1412,0,0,0,True
minecraft,9,0,e08c02f586f2d1d33933564c,7,1098,0,0,0,True
minecraft,9,0,e08c02f586f2d1d33933564c,8,1193,0,0,0,True
minecraft,9,0,e08c02f586f2d1d33933564c,9,1412,0,0,0,True
minecraft,9,0,e08c02f586f2d1d33933564c,10,1412,0,0,0,True
minecraft,9,0,e08c02f586f2d1d33933564c,11,1075,0,0,0,True
minecraft,9,0,e08c02f586f2d1d33933564c,12,1098,0,0,0,True
minecraft,9,0,e08c02f586f2d1d33933564c,13,1098,0,0,0,True
minecraft,9,0,e08c02f586f2d1d33933564c,14,1098,0,0,0,True
minecraft,9,0,e08c02f586f2d1d33933564c,15,1412,0,0,0,True
minecraft,9,0,e08c02f586f2d1d33933564c,16,1278,0,0,0,True
minecraft,9,0,e08c02f586f2d1d33933564c,17,1098,0,0,0,True
minecraft,9,0,e08c02f586f2d1d33933564c,18,1098,0,0,0,True
minecraft,9,0,e08c02f586f2d1d33933564c,19,1296,0,0,0,True
minecraft,9,0,e08c02f586f2d1d33933564c,20,1098,0,0,0,True
minecraft,9,1,b8cc47018d6364bd9e96ce62,1,1946,1,1,0,True
minecraft,9,1,b8cc47018d6364bd9e96ce62,2,1077,1,1,0,True
minecraft,9,1,b8cc47018d6364bd9e96ce62,3,1098,0,0,0,True
minecraft,9,1,b8cc47018d6364bd9e96ce62,4,1098,0,0,0,True
minecraft,9,1,b8cc47018d6364bd9e96ce62,5,1098,0,0,0,True
minecraft,9,1,b8cc47018d6364bd9e96ce62,6,1098,0,0,0,True
minecraft,9,1,b8cc47018d6364bd9e96ce62,7,1098,0,0,0,True
minecraft,9,1,b8cc47018d6364bd9e96ce62,8,1309,0,0,0,True
minecraft,9,1,b8cc47018d6364bd9e96ce62,9,1098,0,0,0,True
minecraft,9,1,b8cc47018d6364bd9e96ce62,10,1205,0,0,0,True
minecraft,9,1,b8cc47018d6364bd9e96ce62,11,1098,0,0,0,True
minecraft,9,1,b8cc47018d6364bd9e96ce62,12,1098,0,0,0,True
minecraft,9,1,b8cc47018d6364bd9e96ce62,13,1215,0,0,0,True
minecraft,9,1,b8cc47018d6364bd9e96ce62,14,1037,0,0,0,True
minecraft,9,1,b8cc47018d6364bd9e96ce62,15,1098,0,0,0,True
minecraft,9,1,b8cc47018d6364bd9e96ce62,16,1313,0,0,0,True
minecraft,9,1,b8cc47018d6364bd9e96ce62,17,1098,0,0,0,True
minecraft,9,1,b8cc47018d6364bd9e96ce62,18,1176,0,0,0,True
minecraft,9,1,b8cc47018d6364bd9e96ce62,19,1170,0,0,0,True
minecraft,9,1,b8cc47018d6364bd9e96ce62,20,1058,0,0,0,True
minecraft,6,0,1475fc461ac43d9aedc66b93,1,1121,1,1,0,True
minecraft,6,0,1475fc461ac43d9aedc66b93,2,1287,1,1,0,True
minecraft,6,0,1475fc461ac43d9aedc66b93,3,1412,0,0,0,True
minecraft,6,0,1475fc461ac43d9aedc66b93,4,1412,0,0,0,True
minecraft,6,0,1475fc461ac43d9aedc66b93,5,1098,0,0,0,True
minecraft,6,0,1475fc461ac43d9aedc66b93,6,1317,0,0,0,True
minecraft,6,0,1475fc461ac43d9aedc66b93,7,1412,0,0,0,True
minecraft,6,0,1475fc461ac43d9aedc66b93,8,1412,0,0,0,True
minecraft,6,0,1475fc461ac43d9aedc66b93,9,1305,0,0,0,True
minecraft,6,0,1475fc461ac43d9aedc66b93,10,1098,0,0,0,True
minecraft,6,0,1475fc461ac43d9aedc66b93,11,1098,0,0,0,True
minecraft,6,0,1475fc461ac43d9aedc66b93,12,1412,0,0,0,True
minecraft,6,0,1475fc461ac43d9aedc66b93,13,1098,0,0,0,True
minecraft,6,0,1475fc461ac43d9aedc66b93,14,1098,0,0,0,True
minecraft,6,0,1475fc461ac43d9aedc66b93,15,1412,0,0,0,True
minecraft,6,0,1475fc461ac43d9aedc66b93,16,1412,0,0,0,True
minecraft,6,0,1475fc461ac43d9aedc66b93,17,1412,0,0,0,True
minecraft,6,0,1475fc461ac43d9aedc66b93,18,1412,0,0,0,True
minecraft,6,0,1475fc461ac43d9aedc66b93,19,1263,0,0,0,True
minecraft,6,0,1475fc461ac43d9aedc66b93,20,1412,0,0,0,True
minecraft,6,1,cf598a319c8a3686406f46d0,1,2464,2,1,4,True
minecraft,6,1,cf598a319c8a3686406f46d0,2,621,1,1,0,True
minecraft,6,1,cf598a319c8a3686406f46d0,3,1198,1,0,0,True
minecraft,6,1,cf598a319c8a3686406f46d0,4,992,1,0,0,True
minecraft,6,1,cf598a319c8a3686406f46d0,5,1107,1,0,0,True
minecraft,6,1,cf598a319c8a3686406f46d0,6,1137,1,0,0,True
minecraft,6,1,cf598a319c8a3686406f46d0,7,1347,1,0,0,True
minecraft,6,1,cf598a319c8a3686406f46d0,8,1306,1,0,0,True
minecraft,6,1,cf598a319c8a3686406f46d0,9,1058,1,0,0,True
minecraft,6,1,cf598a319c8a3686406f46d0,10,1058,1,0,0,True
minecraft,6,1,cf598a319c8a3686406f46d0,11,1306,1,0,0,True
minecraft,6,1,cf598a319c8a3686406f46d0,12,1096,1,0,0,True
minecraft,6,1,cf598a319c8a3686406f46d0,13,1058,1,0,0,True
minecraft,6,1,cf598a319c8a3686406f46d0,14,1357,1,0,0,True
minecraft,6,1,cf598a319c8a3686406f46d0,15,1058,1,0,0,True
minecraft,6,1,cf598a319c8a3686406f46d0,16,1058,1,0,0,True
minecraft,6,1,cf598a319c8a3686406f46d0,17,1058,1,0,0,True
minecraft,6,1,cf598a319c8a3686406f46d0,18,1306,1,0,0,True
minecraft,6,1,cf598a319c8a3686406f46d0,19,1366,1,0,0,True
minecraft,6,1,cf598a319c8a3686406f46d0,20,1058,1,0,0,True
minecraft,85,0,0ec05bac96af40a0f80601ce,1,1830,2,1,4,True
minecraft,85,0,0ec05bac96af40a0f80601ce,2,1203,0,0,0,True
minecraft,85,0,0ec05bac96af40a0f80601ce,3,949,1,1,0,True
minecraft,85,0,0ec05bac96af40a0f80601ce,4,750,1,1,0,True
minecraft,85,0,0ec05bac96af40a0f80601ce,5,1098,0,0,0,True
minecraft,85,0,0ec05bac96af40a0f80601ce,6,1263,0,0,0,True
minecraft,85,0,0ec05bac96af40a0f80601ce,7,1412,0,0,0,True
minecraft,85,0,0ec05bac96af40a0f80601ce,8,1412,0,0,0,True
minecraft,85,0,0ec05bac96af40a0f80601ce,9,1412,0,0,0,True
minecraft,85,0,0ec05bac96af40a0f80601ce,10,1098,0,0,0,True
minecraft,85,0,0ec05bac96af40a0f80601ce,11,1098,0,0,0,True
minecraft,85,0,0ec05bac96af40a0f80601ce,12,1098,0,0,0,True
minecraft,85,0,0ec05bac96af40a0f80601ce,13,1279,0,0,0,True
minecraft,85,0,0ec05bac96af40a0f80601ce,14,1185,0,0,0,True
minecraft,85,0,0ec05bac96af40a0f80601ce,15,722,1,1,0,True
minecraft,85,0,0ec05bac96af40a0f80601ce,16,1412,0,0,0,True
minecraft,85,0,0ec05bac96af40a0f80601ce,17,1238,0,0,0,True
minecraft,85,0,0ec05bac96af40a0f80601ce,18,1412,0,0,0,True
minecraft,85,0,0ec05bac96af40a0f80601ce,19,1175,0,0,0,True
minecraft,85,0,0ec05bac96af40a0f80601ce,20,1301,0,0,0,True
minecraft,85,1,b6cf3c324134278d697dc829,1,1324,1,1,0,True
minecraft,85,1,b6cf3c324134278d697dc829,2,955,1,1,0,True
minecraft,85,1,b6cf3c324134278d697dc829,3,578,1,1,0,True
minecraft,85,1,b6cf3c324134278d697dc829,4,873,1,1,0,True
minecraft,85,1,b6cf3c324134278d697dc829,5,1412,0,0,0,True
minecraft,85,1,b6cf3c324134278d697dc829,6,1098,0,0,0,True
minecraft,85,1,b6cf3c324134278d697dc829,7,1098,0,0,0,True
minecraft,85,1,b6cf3c324134278d697dc829,8,1412,0,0,0,True
minecraft,85,1,b6cf3c324134278d697dc829,9,1098,0,0,0,True
minecraft,85,1,b6cf3c324134278d697dc829,10,1007,0,0,0,True
minecraft,85,1,b6cf3c324134278d697dc829,11,1412,0,0,0,True
minecraft,85,1,b6cf3c324134278d697dc829,12,1098,0,0,0,True
minecraft,85,1,b6cf3c324134278d697dc829,13,1412,0,0,0,True
minecraft,85,1,b6cf3c324134278d697dc829,14,1177,0,0,0,True
minecraft,85,1,b6cf3c324134278d697dc829,15,1559,0,0,0,True
minecraft,85,1,b6cf3c324134278d697dc829,16,1098,0,0,0,True
minecraft,85,1,b6cf3c324134278d697dc829,17,1412,0,0,0,True
minecraft,85,1,b6cf3c324134278d697dc829,18,1412,0,0,0,True
minecraft,85,1,b6cf3c324134278d697dc829,19,1098,0,0,0,True
minecraft,85,1,b6cf3c324134278d697dc829,20,1283,0,0,0,True
minecraft,30,0,7e00f7005deffb31b1dc2493,1,1851,1,1,0,True
minecraft,30,0,7e00f7005deffb31b1dc2493,2,1263,0,0,0,True
minecraft,30,0,7e00f7005deffb31b1dc2493,3,1700,1,1,0,True
minecraft,30,0,7e00f7005deffb31b1dc2493,4,931,1,1,0,True
minecraft,30,0,7e00f7005deffb31b1dc2493,5,1098,0,0,0,True
minecraft,30,0,7e00f7005deffb31b1dc2493,6,1096,0,0,0,True
minecraft,30,0,7e00f7005deffb31b1dc2493,7,1098,0,0,0,True
minecraft,30,0,7e00f7005deffb31b1dc2493,8,1367,0,0,0,True
minecraft,30,0,7e00f7005deffb31b1dc2493,9,1098,0,0,0,True
minecraft,30,0,7e00f7005deffb31b1dc2493,10,1412,0,0,0,True
minecraft,30,0,7e00f7005deffb31b1dc2493,11,1098,0,0,0,True
minecraft,30,0,7e00f7005deffb31b1dc2493,12,1098,0,0,0,True
minecraft,30,0,7e00f7005deffb31b1dc2493,13,1089,0,0,0,True
minecraft,30,0,7e00f7005deffb31b1dc2493,14,1585,0,0,0,True
minecraft,30,0,7e00f7005deffb31b1dc2493,15,1094,0,0,0,True
minecraft,30,0,7e00f7005deffb31b1dc2493,16,1255,0,0,0,True
minecraft,30,0,7e00f7005deffb31b1dc2493,17,1307,0,0,0,True
minecraft,30,0,7e00f7005deffb31b1dc2493,18,1098,0,0,0,True
minecraft,30,0,7e00f7005deffb31b1dc2493,19,1380,0,0,0,True
minecraft,30,0,7e00f7005deffb31b1dc2493,20,1087,0,0,0,True
minecraft,30,1,4792cffc087ea8e8903320f6,1,1300,1,1,0,True
minecraft,30,1,4792cffc087ea8e8903320f6,2,1094,0,0,0,True
minecraft,30,1,4792cffc087ea8e8903320f6,3,759,1,1,0,True
minecraft,30,1,4792cffc087ea8e8903320f6,4,1101,1,1,0,True
minecraft,30,1,4792cffc087ea8e8903320f6,5,1393,1,1,0,True
minecraft,30,1,4792cffc087ea8e8903320f6,6,1109,0,0,0,True
minecraft,30,1,4792cffc087ea8e8903320f6,7,1227,0,0,0,True
minecraft,30,1,4792cffc087ea8e8903320f6,8,1098,0,0,0,True
minecraft,30,1,4792cffc087ea8e8903320f6,9,1263,0,0,0,True
minecraft,30,1,4792cffc087ea8e8903320f6,10,1075,0,0,0,True
minecraft,30,1,4792cffc087ea8e8903320f6,11,1036,0,0,0,True
minecraft,30,1,4792cffc087ea8e8903320f6,12,1143,0,0,0,True
minecraft,30,1,4792cffc087ea8e8903320f6,13,1374,0,0,0,True
minecraft,30,1,4792cffc087ea8e8903320f6,14,1412,0,0,0,True
minecraft,30,1,4792cffc087ea8e8903320f6,15,1277,0,0,0,True
minecraft,30,1,4792cffc087ea8e8903320f6,16,1412,0,0,0,True
minecraft,30,1,4792cffc087ea8e8903320f6,17,1412,0,0,0,True
minecraft,30,1,4792cffc087ea8e8903320f6,18,1106,0,0,0,True
minecraft,30,1,4792cffc087ea8e8903320f6,19,1098,0,0,0,True
minecraft,30,1,4792cffc087ea8e8903320f6,20,1412,0,0,0,True
minecraft,99,0,024cddc7a81b1dc016ff4b81,1,1482,1,0,5,True
minecraft,99,0,024cddc7a81b1dc016ff4b81,2,1128,1,1,2,True
minecraft,99,0,024cddc7a81b1dc016ff4b81,3,1083,1,1,0,True
minecraft,99,0,024cddc7a81b1dc016ff4b81,4,975,1,1,0,True
minecraft,99,0,024cddc7a81b1dc016ff4b81,5,1576,0,0,0,True
minecraft,99,0,024cddc7a81b1dc016ff4b81,6,1412,0,0,0,True
minecraft,99,0,024cddc7a81b1dc016ff4b81,7,877,1,1,0,True
minecraft,99,0,024cddc7a81b1dc016ff4b81,8,1620,0,0,1,True
minecraft,99,0,024cddc7a81b1dc016ff4b81,9,1412,0,0,0,True
minecraft,99,0,024cddc7a81b1dc016ff4b81,10,1098,0,0,0,True
minecraft,99,0,024cddc7a81b1dc016ff4b81,11,1479,0,0,1,True
minecraft,99,0,024cddc7a81b1dc016ff4b81,12,1412,0,0,0,True
minecraft,99,0,024cddc7a81b1dc016ff4b81,13,1411,0,0,0,True
minecraft,99,0,024cddc7a81b1dc016ff4b81,14,1098,0,0,0,True
minecraft,99,0,024cddc7a81b1dc016ff4b81,15,1412,0,0,0,True
minecraft,99,0,024cddc7a81b1dc016ff4b81,16,1412,0,0,0,True
minecraft,99,0,024cddc7a81b1dc016ff4b81,17,1412,0,0,0,True
minecraft,99,0,024cddc7a81b1dc016ff4b81,18,1109,0,0,0,True
minecraft,99,0,024cddc7a81b1dc016ff4b81,19,1518,0,0,0,True
minecraft,99,0,024cddc7a81b1dc016ff4b81,20,1097,1,1,0,True
minecraft,99,1,851a57c11afad7af179d4409,1,1585,1,1,0,True
minecraft,99,1,851a57c11afad7af179d4409,2,1412,0,0,0,True
minecraft,99,1,851a57c11afad7af179d4409,3,1083,1,1,0,True
minecraft,99,1,851a57c11afad7af179d4409,4,1065,1,1,0,True
minecraft,99,1,851a57c11afad7af179d4409,5,988,1,1,0,True
minecraft,99,1,851a57c11afad7af179d4409,6,764,1,1,0,True
minecraft,99,1,851a57c11afad7af179d4409,7,1412,0,0,0,True
minecraft,99,1,851a57c11afad7af179d4409,8,1367,0,0,0,True
minecraft,99,1,851a57c11afad7af179d4409,9,1412,0,0,0,True
minecraft,99,1,851a57c11afad7af179d4409,10,1395,0,0,0,True
minecraft,99,1,851a57c11afad7af179d4409,11,1231,0,0,0,True
minecraft,99,1,851a57c11afad7af179d4409,12,1412,0,0,0,True
minecraft,99,1,851a57c11afad7af179d4409,13,1098,0,0,0,True
minecraft,99,1,851a57c11afad7af179d4409,14,1058,0,0,0,True
minecraft,99,1,851a57c11afad7af179d4409,15,1263,0,0,0,True
minecraft,99,1,851a57c11afad7af179d4409,16,1412,0,0,0,True
minecraft,99,1,851a57c11afad7af179d4409,17,1077,0,0,0,True
minecraft,99,1,851a57c11afad7af179d4409,18,1098,0,0,0,True
minecraft,99,1,851a57c11afad7af179d4409,19,1412,0,0,0,True
minecraft,99,1,851a57c11afad7af179d4409,20,1098,0,0,0,True
minecraft,38,0,9fdd0242f9f8806dcaa5feed,1,2439,2,1,4,True
minecraft,38,0,9fdd0242f9f8806dcaa5feed,2,1548,2,2,1,True
minecraft,38,0,9fdd0242f9f8806dcaa5feed,3,893,1,1,0,True
minecraft,38,0,9fdd0242f9f8806dcaa5feed,4,1692,1,1,0,True
minecraft,38,0,9fdd0242f9f8806dcaa5feed,5,805,1,1,0,True
minecraft,38,0,9fdd0242f9f8806dcaa5feed,6,1123,1,0,0,True
minecraft,38,0,9fdd0242f9f8806dcaa5feed,7,1098,0,0,0,True
minecraft,38,0,9fdd0242f9f8806dcaa5feed,8,953,1,0,0,True
minecraft,38,0,9fdd0242f9f8806dcaa5feed,9,1027,1,0,0,True
minecraft,38,0,9fdd0242f9f8806dcaa5feed,10,1412,0,0,0,True
minecraft,38,0,9fdd0242f9f8806dcaa5feed,11,1263,0,0,0,True
minecraft,38,0,9fdd0242f9f8806dcaa5feed,12,1281,0,0,0,True
minecraft,38,0,9fdd0242f9f8806dcaa5feed,13,1098,0,0,0,True
minecraft,38,0,9fdd0242f9f8806dcaa5feed,14,1098,0,0,0,True
minecraft,38,0,9fdd0242f9f8806dcaa5feed,15,1412,0,0,0,True
minecraft,38,0,9fdd0242f9f8806dcaa5feed,16,1098,0,0,0,True
minecraft,38,0,9fdd0242f9f8806dcaa5feed,17,1301,0,0,0,True
minecraft,38,0,9fdd0242f9f8806dcaa5feed,18,1415,0,0,0,True
minecraft,38,0,9fdd0242f9f8806dcaa5feed,19,1094,0,0,0,True
minecraft,38,0,9fdd0242f9f8806dcaa5feed,20,1269,0,0,0,True
minecraft,38,1,4edee52bf3c7649700f63e0e,1,889,1,1,0,True
minecraft,38,1,4edee52bf3c7649700f63e0e,2,1421,0,0,0,True
minecraft,38,1,4edee52bf3c7649700f63e0e,3,2083,1,1,0,True
minecraft,38,1,4edee52bf3c7649700f63e0e,4,1412,0,0,0,True
minecraft,38,1,4edee52bf3c7649700f63e0e,5,1412,0,0,0,True
minecraft,38,1,4edee52bf3c7649700f63e0e,6,1232,0,0,0,True
minecraft,38,1,4edee52bf3c7649700f63e0e,7,1412,0,0,0,True
minecraft,38,1,4edee52bf3c7649700f63e0e,8,1412,0,0,0,True
minecraft,38,1,4edee52bf3c7649700f63e0e,9,1281,0,0,0,True
minecraft,38,1,4edee52bf3c7649700f63e0e,10,1048,0,0,0,True
minecraft,38,1,4edee52bf3c7649700f63e0e,11,1407,0,0,0,True
minecraft,38,1,4edee52bf3c7649700f63e0e,12,1412,0,0,0,True
minecraft,38,1,4edee52bf3c7649700f63e0e,13,1098,0,0,0,True
minecraft,38,1,4edee52bf3c7649700f63e0e,14,1412,0,0,0,True
minecraft,38,1,4edee52bf3c7649700f63e0e,15,1468,0,0,0,True
minecraft,38,1,4edee52bf3c7649700f63e0e,16,1412,0,0,0,True
minecraft,38,1,4edee52bf3c7649700f63e0e,17,1098,0,0,0,True
minecraft,38,1,4edee52bf3c7649700f63e0e,18,1412,0,0,0,True
minecraft,38,1,4edee52bf3c7649700f63e0e,19,1412,0,0,0,True
minecraft,38,1,4edee52bf3c7649700f63e0e,20,1412,0,0,0,True
minecraft,11,0,719f5a51e6387df7da267f62,1,984,2,1,2,True
minecraft,11,0,719f5a51e6387df7da267f62,2,1326,1,1,0,True
minecraft,11,0,719f5a51e6387df7da267f62,3,1092,1,1,0,True
minecraft,11,0,719f5a51e6387df7da267f62,4,1098,0,0,0,True
minecraft,11,0,719f5a51e6387df7da267f62,5,1311,1,1,0,True
minecraft,11,0,719f5a51e6387df7da267f62,6,593,1,0,0,True
minecraft,11,0,719f5a51e6387df7da267f62,7,966,1,0,0,True
minecraft,11,0,719f5a51e6387df7da267f62,8,660,1,0,1,True
minecraft,11,0,719f5a51e6387df7da267f62,9,660,1,0,1,True
minecraft,11,0,719f5a51e6387df7da267f62,10,660,1,0,0,True
minecraft,11,0,719f5a51e6387df7da267f62,11,917,1,0,0,True
minecraft,11,0,719f5a51e6387df7da267f62,12,917,1,0,0,True
minecraft,11,0,719f5a51e6387df7da267f62,13,656,1,0,0,True
minecraft,11,0,719f5a51e6387df7da267f62,14,917,1,0,0,True
minecraft,11,0,719f5a51e6387df7da267f62,15,759,1,0,1,True
minecraft,11,0,719f5a51e6387df7da267f62,16,656,1,0,0,True
minecraft,11,0,719f5a51e6387df7da267f62,17,656,1,0,0,True
minecraft,11,0,719f5a51e6387df7da267f62,18,917,1,0,0,True
minecraft,11,0,719f5a51e6387df7da267f62,19,660,1,0,0,True
minecraft,11,0,719f5a51e6387df7da267f62,20,917,1,0,0,True
minecraft,11,1,1ca75705ec221fdcd3a07573,1,2193,2,1,5,True
minecraft,11,1,1ca75705ec221fdcd3a07573,2,1051,1,1,0,True
minecraft,11,1,1ca75705ec221fdcd3a07573,3,1412,0,0,0,True
minecraft,11,1,1ca75705ec221fdcd3a07573,4,1636,0,0,1,True
minecraft,11,1,1ca75705ec221fdcd3a07573,5,1412,0,0,0,True
minecraft,11,1,1ca75705ec221fdcd3a07573,6,1412,0,0,0,True
minecraft,11,1,1ca75705ec221fdcd3a07573,7,1168,0,0,0,True
minecraft,11,1,1ca75705ec221fdcd3a07573,8,1417,0,0,0,True
minecraft,11,1,1ca75705ec221fdcd3a07573,9,1412,0,0,0,True
minecraft,11,1,1ca75705ec221fdcd3a07573,10,1379,0,0,0,True
minecraft,11,1,1ca75705ec221fdcd3a07573,11,1227,0,0,0,True
minecraft,11,1,1ca75705ec221fdcd3a07573,12,1528,0,0,0,True
minecraft,11,1,1ca75705ec221fdcd3a07573,13,1407,0,0,0,True
minecraft,11,1,1ca75705ec221fdcd3a07573,14,1263,0,0,0,True
minecraft,11,1,1ca75705ec221fdcd3a07573,15,1263,0,0,0,True
minecraft,11,1,1ca75705ec221fdcd3a07573,16,1241,0,0,0,True
minecraft,11,1,1ca75705ec221fdcd3a07573,17,1318,0,0,0,True
minecraft,11,1,1ca75705ec221fdcd3a07573,18,1412,0,0,0,True
minecraft,11,1,1ca75705ec221fdcd3a07573,19,1063,0,0,0,True
minecraft,11,1,1ca75705ec221fdcd3a07573,20,1412,0,0,0,True
minecraft,13,0,c9da1357a0b7a787f061ceaf,1,2654,2,1,4,True
minecraft,13,0,c9da1357a0b7a787f061ceaf,2,1472,2,2,2,True
minecraft,13,0,c9da1357a0b7a787f061ceaf,3,1313,0,0,0,True
minecraft,13,0,c9da1357a0b7a787f061ceaf,4,1314,0,0,0,True
minecraft,13,0,c9da1357a0b7a787f061ceaf,5,1098,0,0,0,True
minecraft,13,0,c9da1357a0b7a787f061ceaf,6,1227,0,0,0,True
minecraft,13,0,c9da1357a0b7a787f061ceaf,7,1412,0,0,0,True
minecraft,13,0,c9da1357a0b7a787f061ceaf,8,1227,0,0,0,True
minecraft,13,0,c9da1357a0b7a787f061ceaf,9,1412,0,0,0,True
minecraft,13,0,c9da1357a0b7a787f061ceaf,10,1075,0,0,0,True
minecraft,13,0,c9da1357a0b7a787f061ceaf,11,1412,0,0,0,True
minecraft,13,0,c9da1357a0b7a787f061ceaf,12,1098,0,0,0,True
minecraft,13,0,c9da1357a0b7a787f061ceaf,13,1098,0,0,0,True
minecraft,13,0,c9da1357a0b7a787f061ceaf,14,1476,0,0,0,True
minecraft,13,0,c9da1357a0b7a787f061ceaf,15,1412,0,0,0,True
minecraft,13,0,c9da1357a0b7a787f061ceaf,16,1412,0,0,0,True
minecraft,13,0,c9da1357a0b7a787f061ceaf,17,1076,0,0,0,True
minecraft,13,0,c9da1357a0b7a787f061ceaf,18,1098,0,0,0,True
minecraft,13,0,c9da1357a0b7a787f061ceaf,19,1172,0,0,0,True
minecraft,13,0,c9da1357a0b7a787f061ceaf,20,1412,0,0,0,True
minecraft,13,1,e38f48a62dbb77100bdbbdb5,1,918,1,1,0,True
minecraft,13,1,e38f48a62dbb77100bdbbdb5,2,1098,0,0,0,True
minecraft,13,1,e38f48a62dbb77100bdbbdb5,3,2573,1,1,0,True
minecraft,13,1,e38f48a62dbb77100bdbbdb5,4,980,1,1,0,True
minecraft,13,1,e38f48a62dbb77100bdbbdb5,5,800,1,1,0,True
minecraft,13,1,e38f48a62dbb77100bdbbdb5,6,857,1,1,0,True
minecraft,13,1,e38f48a62dbb77100bdbbdb5,7,793,1,1,0,True
minecraft,13,1,e38f48a62dbb77100bdbbdb5,8,1223,2,1,0,True
minecraft,13,1,e38f48a62dbb77100bdbbdb5,9,2033,2,1,1,True
minecraft,13,1,e38f48a62dbb77100bdbbdb5,10,1079,2,1,0,True
minecraft,13,1,e38f48a62dbb77100bdbbdb5,11,861,2,1,0,True
minecraft,13,1,e38f48a62dbb77100bdbbdb5,12,973,2,1,0,True
minecraft,13,1,e38f48a62dbb77100bdbbdb5,13,1239,2,1,0,True
minecraft,13,1,e38f48a62dbb77100bdbbdb5,14,913,2,1,0,True
minecraft,13,1,e38f48a62dbb77100bdbbdb5,15,724,1,0,0,True
minecraft,13,1,e38f48a62dbb77100bdbbdb5,16,1359,2,1,1,True
minecraft,13,1,e38f48a62dbb77100bdbbdb5,17,1230,2,1,0,True
minecraft,13,1,e38f48a62dbb77100bdbbdb5,18,1280,2,1,0,True
minecraft,13,1,e38f48a62dbb77100bdbbdb5,19,1394,2,1,0,True
minecraft,13,1,e38f48a62dbb77100bdbbdb5,20,1346,2,1,0,True
minecraft,49,0,57e583d9aca2680052367110,1,1886,1,1,0,True
minecraft,49,0,57e583d9aca2680052367110,2,1412,0,0,0,True
minecraft,49,0,57e583d9aca2680052367110,3,594,1,1,1,True
minecraft,49,0,57e583d9aca2680052367110,4,1340,0,0,0,True
minecraft,49,0,57e583d9aca2680052367110,5,1098,0,0,0,True
minecraft,49,0,57e583d9aca2680052367110,6,1412,0,0,0,True
minecraft,49,0,57e583d9aca2680052367110,7,1412,0,0,0,True
minecraft,49,0,57e583d9aca2680052367110,8,1412,0,0,0,True
minecraft,49,0,57e583d9aca2680052367110,9,1098,0,0,0,True
minecraft,49,0,57e583d9aca2680052367110,10,1412,0,0,0,True
minecraft,49,0,57e583d9aca2680052367110,11,1175,0,0,0,True
minecraft,49,0,57e583d9aca2680052367110,12,1412,0,0,0,True
minecraft,49,0,57e583d9aca2680052367110,13,1384,0,0,0,True
minecraft,49,0,57e583d9aca2680052367110,14,1034,0,0,0,True
minecraft,49,0,57e583d9aca2680052367110,15,1319,0,0,0,True
minecraft,49,0,57e583d9aca2680052367110,16,1412,0,0,0,True
minecraft,49,0,57e583d9aca2680052367110,17,1316,0,0,0,True
minecraft,49,0,57e583d9aca2680052367110,18,1412,0,0,0,True
minecraft,49,0,57e583d9aca2680052367110,19,1316,0,0,0,True
minecraft,49,0,57e583d9aca2680052367110,20,1412,0,0,0,True
minecraft,49,1,2b59b947d6784367d79afced,1,1859,1,1,0,True
minecraft,49,1,2b59b947d6784367d79afced,2,1098,0,0,0,True
minecraft,49,1,2b59b947d6784367d79afced,3,1562,1,1,0,True
minecraft,49,1,2b59b947d6784367d79afced,4,1332,1,0,0,True
minecraft,49,1,2b59b947d6784367d79afced,5,1426,1,0,0,True
minecraft,49,1,2b59b947d6784367d79afced,6,1378,1,0,0,True
minecraft,49,1,2b59b947d6784367d79afced,7,1267,1,0,0,True
minecraft,49,1,2b59b947d6784367d79afced,8,1454,1,0,0,True
minecraft,49,1,2b59b947d6784367d79afced,9,1461,1,0,0,True
minecraft,49,1,2b59b947d6784367d79afced,10,1461,1,0,0,True
minecraft,49,1,2b59b947d6784367d79afced,11,1651,1,0,0,True
minecraft,49,1,2b59b947d6784367d79afced,12,1851,1,0,0,True
minecraft,49,1,2b59b947d6784367d79afced,13,2291,1,0,0,True
minecraft,49,1,2b59b947d6784367d79afced,14,1461,1,0,0,True
minecraft,49,1,2b59b947d6784367d79afced,15,1233,1,0,0,True
minecraft,49,1,2b59b947d6784367d79afced,16,1479,1,0,0,True
minecraft,49,1,2b59b947d6784367d79afced,17,1644,1,0,0,True
minecraft,49,1,2b59b947d6784367d79afced,18,1390,1,0,0,True
minecraft,49,1,2b59b947d6784367d79afced,19,1412,0,0,0,True
minecraft,49,1,2b59b947d6784367d79afced,20,1606,1,0,0,True
minecraft,36,0,582ed74ce126382e164908ea,1,1640,1,1,0,True
minecraft,36,0,582ed74ce126382e164908ea,2,1155,2,2,0,True
minecraft,36,0,582ed74ce126382e164908ea,3,1412,0,0,0,True
minecraft,36,0,582ed74ce126382e164908ea,4,1412,0,0,0,True
minecraft,36,0,582ed74ce126382e164908ea,5,1412,0,0,0,True
minecraft,36,0,582ed74ce126382e164908ea,6,1534,0,0,0,True
minecraft,36,0,582ed74ce126382e164908ea,7,2006,0,0,0,True
minecraft,36,0,582ed74ce126382e164908ea,8,1412,0,0,0,True
minecraft,36,0,582ed74ce126382e164908ea,9,1316,0,0,0,True
minecraft,36,0,582ed74ce126382e164908ea,10,1393,0,0,0,True
minecraft,36,0,582ed74ce126382e164908ea,11,1210,0,0,0,True
minecraft,36,0,582ed74ce126382e164908ea,12,1412,0,0,0,True
minecraft,36,0,582ed74ce126382e164908ea,13,1412,0,0,0,True
minecraft,36,0,582ed74ce126382e164908ea,14,1412,0,0,0,True
minecraft,36,0,582ed74ce126382e164908ea,15,1412,0,0,0,True
minecraft,36,0,582ed74ce126382e164908ea,16,1412,0,0,0,True
minecraft,36,0,582ed74ce126382e164908ea,17,1314,0,0,0,True
minecraft,36,0,582ed74ce126382e164908ea,18,1098,0,0,0,True
minecraft,36,0,582ed74ce126382e164908ea,19,1098,0,0,0,True
minecraft,36,0,582ed74ce126382e164908ea,20,1098,0,0,0,True
minecraft,36,1,372e2509e5c601ea59d1c6c9,1,1787,1,1,0,True
minecraft,36,1,372e2509e5c601ea59d1c6c9,2,1270,1,1,0,True
minecraft,36,1,372e2509e5c601ea59d1c6c9,3,1412,0,0,0,True
minecraft,36,1,372e2509e5c601ea59d1c6c9,4,974,1,1,0,True
minecraft,36,1,372e2509e5c601ea59d1c6c9,5,972,1,0,0,True
minecraft,36,1,372e2509e5c601ea59d1c6c9,6,1412,0,0,0,True
minecraft,36,1,372e2509e5c601ea59d1c6c9,7,972,1,0,0,True
minecraft,36,1,372e2509e5c601ea59d1c6c9,8,1215,0,0,0,True
minecraft,36,1,372e2509e5c601ea59d1c6c9,9,1175,0,0,0,True
minecraft,36,1,372e2509e5c601ea59d1c6c9,10,1098,0,0,0,True
minecraft,36,1,372e2509e5c601ea59d1c6c9,11,1412,0,0,0,True
minecraft,36,1,372e2509e5c601ea59d1c6c9,12,1089,0,0,0,True
minecraft,36,1,372e2509e5c601ea59d1c6c9,13,1412,0,0,0,True
minecraft,36,1,372e2509e5c601ea59d1c6c9,14,1412,0,0,0,True
minecraft,36,1,372e2509e5c601ea59d1c6c9,15,1412,0,0,0,True
minecraft,36,1,372e2509e5c601ea59d1c6c9,16,1412,0,0,0,True
minecraft,36,1,372e2509e5c601ea59d1c6c9,17,1412,0,0,0,True
minecraft,36,1,372e2509e5c601ea59d1c6c9,18,1412,0,0,0,True
minecraft,36,1,372e2509e5c601ea59d1c6c9,19,1412,0,0,0,True
minecraft,36,1,372e2509e5c601ea59d1c6c9,20,1412,0,0,0,True
minecraft,59,0,08d00fe003fba511688173e3,1,622,1,0,2,True
minecraft,59,0,08d00fe003fba511688173e3,2,1089,2,2,2,True
minecraft,59,0,08d00fe003fba511688173e3,3,903,2,1,0,True
minecraft,59,0,08d00fe003fba511688173e3,4,1002,1,0,0,True
minecraft,59,0,08d00fe003fba511688173e3,5,1002,1,0,0,True
minecraft,59,0,08d00fe003fba511688173e3,6,738,1,0,0,True
minecraft,59,0,08d00fe003fba511688173e3,7,733,1,0,0,True
minecraft,59,0,08d00fe003fba511688173e3,8,738,1,0,0,True
minecraft,59,0,08d00fe003fba511688173e3,9,842,1,0,0,True
minecraft,59,0,08d00fe003fba511688173e3,10,728,1,0,0,True
minecraft,59,0,08d00fe003fba511688173e3,11,729,1,0,0,True
minecraft,59,0,08d00fe003fba511688173e3,12,1002,1,0,0,True
minecraft,59,0,08d00fe003fba511688173e3,13,1002,1,0,0,True
minecraft,59,0,08d00fe003fba511688173e3,14,1516,1,0,0,True
minecraft,59,0,08d00fe003fba511688173e3,15,1013,1,0,0,True
minecraft,59,0,08d00fe003fba511688173e3,16,681,1,0,0,True
minecraft,59,0,08d00fe003fba511688173e3,17,842,1,0,0,True
minecraft,59,0,08d00fe003fba511688173e3,18,1019,1,0,0,True
minecraft,59,0,08d00fe003fba511688173e3,19,733,1,0,0,True
minecraft,59,0,08d00fe003fba511688173e3,20,1002,1,0,0,True
minecraft,59,1,a4cc51b85eeb14f59736fec1,1,1057,1,1,0,True
minecraft,59,1,a4cc51b85eeb14f59736fec1,2,983,1,1,0,True
minecraft,59,1,a4cc51b85eeb14f59736fec1,3,805,1,1,1,True
minecraft,59,1,a4cc51b85eeb14f59736fec1,4,1055,1,1,0,True
minecraft,59,1,a4cc51b85eeb14f59736fec1,5,1412,0,0,0,True
minecraft,59,1,a4cc51b85eeb14f59736fec1,6,1098,0,0,0,True
minecraft,59,1,a4cc51b85eeb14f59736fec1,7,1412,0,0,0,True
minecraft,59,1,a4cc51b85eeb14f59736fec1,8,1152,0,0,0,True
minecraft,59,1,a4cc51b85eeb14f59736fec1,9,1177,0,0,0,True
minecraft,59,1,a4cc51b85eeb14f59736fec1,10,1369,0,0,0,True
minecraft,59,1,a4cc51b85eeb14f59736fec1,11,1277,0,0,0,True
minecraft,59,1,a4cc51b85eeb14f59736fec1,12,1098,0,0,0,True
minecraft,59,1,a4cc51b85eeb14f59736fec1,13,1512,0,0,0,True
minecraft,59,1,a4cc51b85eeb14f59736fec1,14,1090,0,0,0,True
minecraft,59,1,a4cc51b85eeb14f59736fec1,15,1098,0,0,0,True
minecraft,59,1,a4cc51b85eeb14f59736fec1,16,1382,0,0,0,True
minecraft,59,1,a4cc51b85eeb14f59736fec1,17,1369,0,0,0,True
minecraft,59,1,a4cc51b85eeb14f59736fec1,18,1301,0,0,0,True
minecraft,59,1,a4cc51b85eeb14f59736fec1,19,1098,0,0,0,True
minecraft,59,1,a4cc51b85eeb14f59736fec1,20,1412,0,0,0,True
minecraft,82,0,aa21c143a54ef17fa38291e8,1,2423,1,1,0,True
minecraft,82,0,aa21c143a54ef17fa38291e8,2,575,1,1,1,True
minecraft,82,0,aa21c143a54ef17fa38291e8,3,1109,1,1,0,True
minecraft,82,0,aa21c143a54ef17fa38291e8,4,1412,0,0,0,True
minecraft,82,0,aa21c143a54ef17fa38291e8,5,1279,0,0,0,True
minecraft,82,0,aa21c143a54ef17fa38291e8,6,1316,0,0,0,True
minecraft,82,0,aa21c143a54ef17fa38291e8,7,1304,0,0,0,True
minecraft,82,0,aa21c143a54ef17fa38291e8,8,1410,0,0,0,True
minecraft,82,0,aa21c143a54ef17fa38291e8,9,1456,0,0,0,True
minecraft,82,0,aa21c143a54ef17fa38291e8,10,1316,0,0,0,True
minecraft,82,0,aa21c143a54ef17fa38291e8,11,1412,0,0,0,True
minecraft,82,0,aa21c143a54ef17fa38291e8,12,1187,0,0,0,True
minecraft,82,0,aa21c143a54ef17fa38291e8,13,1098,0,0,0,True
minecraft,82,0,aa21c143a54ef17fa38291e8,14,1312,0,0,0,True
minecraft,82,0,aa21c143a54ef17fa38291e8,15,1412,0,0,0,True
minecraft,82,0,aa21c143a54ef17fa38291e8,16,1098,0,0,0,True
minecraft,82,0,aa21c143a54ef17fa38291e8,17,1316,0,0,0,True
minecraft,82,0,aa21c143a54ef17fa38291e8,18,1412,0,0,0,True
minecraft,82,0,aa21c143a54ef17fa38291e8,19,1369,0,0,0,True
minecraft,82,0,aa21c143a54ef17fa38291e8,20,1074,0,0,0,True
minecraft,82,1,a8357b6b0f6749b80e5d4e55,1,2464,2,1,4,True
minecraft,82,1,a8357b6b0f6749b80e5d4e55,2,996,1,1,0,True
minecraft,82,1,a8357b6b0f6749b80e5d4e55,3,860,1,1,0,True
minecraft,82,1,a8357b6b0f6749b80e5d4e55,4,1412,0,0,0,True
minecraft,82,1,a8357b6b0f6749b80e5d4e55,5,1412,0,0,0,True
minecraft,82,1,a8357b6b0f6749b80e5d4e55,6,1217,0,0,0,True
minecraft,82,1,a8357b6b0f6749b80e5d4e55,7,1412,0,0,0,True
minecraft,82,1,a8357b6b0f6749b80e5d4e55,8,1217,0,0,0,True
minecraft,82,1,a8357b6b0f6749b80e5d4e55,9,1254,0,0,0,True
minecraft,82,1,a8357b6b0f6749b80e5d4e55,10,1152,0,0,0,True
minecraft,82,1,a8357b6b0f6749b80e5d4e55,11,1384,0,0,0,True
minecraft,82,1,a8357b6b0f6749b80e5d4e55,12,1412,0,0,0,True
minecraft,82,1,a8357b6b0f6749b80e5d4e55,13,1412,0,0,0,True
minecraft,82,1,a8357b6b0f6749b80e5d4e55,14,1126,0,0,0,True
minecraft,82,1,a8357b6b0f6749b80e5d4e55,15,1170,0,0,0,True
minecraft,82,1,a8357b6b0f6749b80e5d4e55,16,1412,0,0,0,True
minecraft,82,1,a8357b6b0f6749b80e5d4e55,17,1098,0,0,0,True
minecraft,82,1,a8357b6b0f6749b80e5d4e55,18,987,0,0,0,True
minecraft,82,1,a8357b6b0f6749b80e5d4e55,19,1083,0,0,0,True
minecraft,82,1,a8357b6b0f6749b80e5d4e55,20,1412,0,0,0,True
minecraft,47,0,6ac580744fe89fea02817a7c,1,2666,2,1,4,True
minecraft,47,0,6ac580744fe89fea02817a7c,2,1175,0,0,0,True
minecraft,47,0,6ac580744fe89fea02817a7c,3,1183,0,0,0,True
minecraft,47,0,6ac580744fe89fea02817a7c,4,1264,0,0,0,True
minecraft,47,0,6ac580744fe89fea02817a7c,5,1400,0,0,0,True
minecraft,47,0,6ac580744fe89fea02817a7c,6,1185,0,0,0,True
minecraft,47,0,6ac580744fe89fea02817a7c,7,1369,0,0,0,True
minecraft,47,0,6ac580744fe89fea02817a7c,8,1281,0,0,0,True
minecraft,47,0,6ac580744fe89fea02817a7c,9,1098,0,0,0,True
minecraft,47,0,6ac580744fe89fea02817a7c,10,1175,0,0,0,True
minecraft,47,0,6ac580744fe89fea02817a7c,11,1342,0,0,1,True
minecraft,47,0,6ac580744fe89fea02817a7c,12,1318,0,0,0,True
minecraft,47,0,6ac580744fe89fea02817a7c,13,1316,0,0,0,True
minecraft,47,0,6ac580744fe89fea02817a7c,14,1375,0,0,0,True
minecraft,47,0,6ac580744fe89fea02817a7c,15,1175,0,0,0,True
minecraft,47,0,6ac580744fe89fea02817a7c,16,1320,0,0,1,True
minecraft,47,0,6ac580744fe89fea02817a7c,17,1378,0,0,0,True
minecraft,47,0,6ac580744fe89fea02817a7c,18,1367,0,0,0,True
minecraft,47,0,6ac580744fe89fea02817a7c,19,1346,0,0,0,True
minecraft,47,0,6ac580744fe89fea02817a7c,20,1412,0,0,0,True
minecraft,47,1,3a6bca75de27e49153a819c9,1,795,1,1,2,True
minecraft,47,1,3a6bca75de27e49153a819c9,2,1453,1,0,0,True
minecraft,47,1,3a6bca75de27e49153a819c9,3,622,1,1,1,True
minecraft,47,1,3a6bca75de27e49153a819c9,4,1099,1,0,0,True
minecraft,47,1,3a6bca75de27e49153a819c9,5,1345,1,0,0,True
minecraft,47,1,3a6bca75de27e49153a819c9,6,1314,0,0,0,True
minecraft,47,1,3a6bca75de27e49153a819c9,7,1098,0,0,0,True
minecraft,47,1,3a6bca75de27e49153a819c9,8,1042,0,0,0,True
minecraft,47,1,3a6bca75de27e49153a819c9,9,1304,0,0,0,True
minecraft,47,1,3a6bca75de27e49153a819c9,10,1080,0,0,0,True
minecraft,47,1,3a6bca75de27e49153a819c9,11,1098,0,0,0,True
minecraft,47,1,3a6bca75de27e49153a819c9,12,1248,1,0,0,True
minecraft,47,1,3a6bca75de27e49153a819c9,13,1422,1,0,0,True
minecraft,47,1,3a6bca75de27e49153a819c9,14,1206,0,0,0,True
minecraft,47,1,3a6bca75de27e49153a819c9,15,1412,0,0,0,True
minecraft,47,1,3a6bca75de27e49153a819c9,16,1098,0,0,0,True
minecraft,47,1,3a6bca75de27e49153a819c9,17,1003,1,0,0,True
minecraft,47,1,3a6bca75de27e49153a819c9,18,1345,1,0,0,True
minecraft,47,1,3a6bca75de27e49153a819c9,19,1193,1,0,0,True
minecraft,47,1,3a6bca75de27e49153a819c9,20,856,1,0,0,True
minecraft,21,0,2ca7b67fc9cf1cdabfa8a7e5,1,2015,1,1,0,True
minecraft,21,0,2ca7b67fc9cf1cdabfa8a7e5,2,818,1,1,0,True
minecraft,21,0,2ca7b67fc9cf1cdabfa8a7e5,3,1324,0,0,0,True
minecraft,21,0,2ca7b67fc9cf1cdabfa8a7e5,4,1098,0,0,0,True
minecraft,21,0,2ca7b67fc9cf1cdabfa8a7e5,5,1098,0,0,0,True
minecraft,21,0,2ca7b67fc9cf1cdabfa8a7e5,6,1098,0,0,0,True
minecraft,21,0,2ca7b67fc9cf1cdabfa8a7e5,7,1155,0,0,0,True
minecraft,21,0,2ca7b67fc9cf1cdabfa8a7e5,8,1098,0,0,0,True
minecraft,21,0,2ca7b67fc9cf1cdabfa8a7e5,9,854,1,0,0,True
minecraft,21,0,2ca7b67fc9cf1cdabfa8a7e5,10,1200,0,0,0,True
minecraft,21,0,2ca7b67fc9cf1cdabfa8a7e5,11,1208,0,0,0,True
minecraft,21,0,2ca7b67fc9cf1cdabfa8a7e5,12,1178,0,0,0,True
minecraft,21,0,2ca7b67fc9cf1cdabfa8a7e5,13,1098,0,0,0,True
minecraft,21,0,2ca7b67fc9cf1cdabfa8a7e5,14,1098,0,0,0,True
minecraft,21,0,2ca7b67fc9cf1cdabfa8a7e5,15,1462,0,0,0,True
minecraft,21,0,2ca7b67fc9cf1cdabfa8a7e5,16,1172,0,0,0,True
minecraft,21,0,2ca7b67fc9cf1cdabfa8a7e5,17,1459,0,0,0,True
minecraft,21,0,2ca7b67fc9cf1cdabfa8a7e5,18,1412,0,0,0,True
minecraft,21,0,2ca7b67fc9cf1cdabfa8a7e5,19,1175,0,0,0,True
minecraft,21,0,2ca7b67fc9cf1cdabfa8a7e5,20,1316,0,0,0,True
minecraft,21,1,ec4909a10788336676938848,1,1736,1,1,0,True
minecraft,21,1,ec4909a10788336676938848,2,883,1,1,0,True
minecraft,21,1,ec4909a10788336676938848,3,1412,0,0,0,True
minecraft,21,1,ec4909a10788336676938848,4,1328,0,0,0,True
minecraft,21,1,ec4909a10788336676938848,5,1391,0,0,0,True
minecraft,21,1,ec4909a10788336676938848,6,1217,0,0,0,True
minecraft,21,1,ec4909a10788336676938848,7,1227,0,0,0,True
minecraft,21,1,ec4909a10788336676938848,8,1412,0,0,0,True
minecraft,21,1,ec4909a10788336676938848,9,1222,0,0,0,True
minecraft,21,1,ec4909a10788336676938848,10,1412,0,0,0,True
minecraft,21,1,ec4909a10788336676938848,11,1346,0,0,0,True
minecraft,21,1,ec4909a10788336676938848,12,1117,0,0,0,True
minecraft,21,1,ec4909a10788336676938848,13,1098,0,0,0,True
minecraft,21,1,ec4909a10788336676938848,14,1412,0,0,0,True
minecraft,21,1,ec4909a10788336676938848,15,1412,0,0,0,True
minecraft,21,1,ec4909a10788336676938848,16,1171,0,0,0,True
minecraft,21,1,ec4909a10788336676938848,17,1098,0,0,0,True
minecraft,21,1,ec4909a10788336676938848,18,1376,0,0,0,True
minecraft,21,1,ec4909a10788336676938848,19,1175,0,0,0,True
minecraft,21,1,ec4909a10788336676938848,20,1297,0,0,0,True
minecraft,48,0,10749f62e7a7dc3f0eff3d11,1,1227,0,0,0,True
minecraft,48,0,10749f62e7a7dc3f0eff3d11,2,865,1,1,0,True
minecraft,48,0,10749f62e7a7dc3f0eff3d11,3,1412,0,0,0,True
minecraft,48,0,10749f62e7a7dc3f0eff3d11,4,1194,0,0,0,True
minecraft,48,0,10749f62e7a7dc3f0eff3d11,5,1277,0,0,0,True
minecraft,48,0,10749f62e7a7dc3f0eff3d11,6,1412,0,0,0,True
minecraft,48,0,10749f62e7a7dc3f0eff3d11,7,1412,0,0,0,True
minecraft,48,0,10749f62e7a7dc3f0eff3d11,8,1098,0,0,0,True
minecraft,48,0,10749f62e7a7dc3f0eff3d11,9,1316,0,0,0,True
minecraft,48,0,10749f62e7a7dc3f0eff3d11,10,1098,0,0,0,True
minecraft,48,0,10749f62e7a7dc3f0eff3d11,11,967,0,0,0,True
minecraft,48,0,10749f62e7a7dc3f0eff3d11,12,1293,0,0,0,True
minecraft,48,0,10749f62e7a7dc3f0eff3d11,13,1004,0,0,0,True
minecraft,48,0,10749f62e7a7dc3f0eff3d11,14,1412,0,0,0,True
minecraft,48,0,10749f62e7a7dc3f0eff3d11,15,1412,0,0,0,True
minecraft,48,0,10749f62e7a7dc3f0eff3d11,16,1412,0,0,0,True
minecraft,48,0,10749f62e7a7dc3f0eff3d11,17,1161,0,0,0,True
minecraft,48,0,10749f62e7a7dc3f0eff3d11,18,1175,0,0,0,True
minecraft,48,0,10749f62e7a7dc3f0eff3d11,19,1412,0,0,0,True
minecraft,48,0,10749f62e7a7dc3f0eff3d11,20,1175,0,0,0,True
minecraft,48,1,e8f39823ea46e59d95e01c0b,1,1867,1,1,0,True
minecraft,48,1,e8f39823ea46e59d95e01c0b,2,1756,1,1,0,True
minecraft,48,1,e8f39823ea46e59d95e01c0b,3,1066,0,0,0,True
minecraft,48,1,e8f39823ea46e59d95e01c0b,4,664,1,1,0,True
minecraft,48,1,e8f39823ea46e59d95e01c0b,5,1412,0,0,0,True
minecraft,48,1,e8f39823ea46e59d95e01c0b,6,1412,0,0,0,True
minecraft,48,1,e8f39823ea46e59d95e01c0b,7,1217,0,0,0,True
minecraft,48,1,e8f39823ea46e59d95e01c0b,8,1412,0,0,0,True
minecraft,48,1,e8f39823ea46e59d95e01c0b,9,1216,0,0,0,True
minecraft,48,1,e8f39823ea46e59d95e01c0b,10,1098,0,0,0,True
minecraft,48,1,e8f39823ea46e59d95e01c0b,11,1098,0,0,0,True
minecraft,48,1,e8f39823ea46e59d95e01c0b,12,1119,0,0,0,True
minecraft,48,1,e8f39823ea46e59d95e01c0b,13,1412,0,0,0,True
minecraft,48,1,e8f39823ea46e59d95e01c0b,14,1175,0,0,0,True
minecraft,48,1,e8f39823ea46e59d95e01c0b,15,1412,0,0,0,True
minecraft,48,1,e8f39823ea46e59d95e01c0b,16,1277,0,0,0,True
minecraft,48,1,e8f39823ea46e59d95e01c0b,17,1412,0,0,0,True
minecraft,48,1,e8f39823ea46e59d95e01c0b,18,1292,0,0,0,True
minecraft,48,1,e8f39823ea46e59d95e01c0b,19,1205,0,0,1,True
minecraft,48,1,e8f39823ea46e59d95e01c0b,20,1244,0,0,0,True
minecraft,46,0,0d68782474e6b0353a458796,1,1992,1,1,0,True
minecraft,46,0,0d68782474e6b0353a458796,2,1332,0,0,0,True
minecraft,46,0,0d68782474e6b0353a458796,3,645,1,1,0,True
minecraft,46,0,0d68782474e6b0353a458796,4,1253,1,1,0,True
minecraft,46,0,0d68782474e6b0353a458796,5,2126,1,1,0,True
minecraft,46,0,0d68782474e6b0353a458796,6,958,1,1,0,True
minecraft,46,0,0d68782474e6b0353a458796,7,1412,0,0,0,True
minecraft,46,0,0d68782474e6b0353a458796,8,1412,0,0,0,True
minecraft,46,0,0d68782474e6b0353a458796,9,1412,0,0,0,True
minecraft,46,0,0d68782474e6b0353a458796,10,1175,0,0,0,True
minecraft,46,0,0d68782474e6b0353a458796,11,1412,0,0,0,True
minecraft,46,0,0d68782474e6b0353a458796,12,1412,0,0,0,True
minecraft,46,0,0d68782474e6b0353a458796,13,1412,0,0,0,True
minecraft,46,0,0d68782474e6b0353a458796,14,1305,0,0,0,True
minecraft,46,0,0d68782474e6b0353a458796,15,1117,0,0,0,True
minecraft,46,0,0d68782474e6b0353a458796,16,1236,0,0,0,True
minecraft,46,0,0d68782474e6b0353a458796,17,1412,0,0,0,True
minecraft,46,0,0d68782474e6b0353a458796,18,1260,0,0,1,True
minecraft,46,0,0d68782474e6b0353a458796,19,1293,0,0,0,True
minecraft,46,0,0d68782474e6b0353a458796,20,1049,0,0,0,True
minecraft,46,1,3b5c30d9b65a45b6862f5a65,1,667,1,1,0,True
minecraft,46,1,3b5c30d9b65a45b6862f5a65,2,636,1,1,1,True
minecraft,46,1,3b5c30d9b65a45b6862f5a65,3,609,1,1,1,True
minecraft,46,1,3b5c30d9b65a45b6862f5a65,4,712,1,1,0,True
minecraft,46,1,3b5c30d9b65a45b6862f5a65,5,879,1,1,1,True
minecraft,46,1,3b5c30d9b65a45b6862f5a65,6,600,1,1,0,True
minecraft,46,1,3b5c30d9b65a45b6862f5a65,7,607,1,1,0,True
minecraft,46,1,3b5c30d9b65a45b6862f5a65,8,606,1,1,0,True
minecraft,46,1,3b5c30d9b65a45b6862f5a65,9,643,1,1,0,True
minecraft,46,1,3b5c30d9b65a45b6862f5a65,10,606,1,1,0,True
minecraft,46,1,3b5c30d9b65a45b6862f5a65,11,635,1,1,0,True
minecraft,46,1,3b5c30d9b65a45b6862f5a65,12,1042,1,0,0,True
minecraft,46,1,3b5c30d9b65a45b6862f5a65,13,755,1,1,0,True
minecraft,46,1,3b5c30d9b65a45b6862f5a65,14,968,1,0,1,True
minecraft,46,1,3b5c30d9b65a45b6862f5a65,15,1042,1,0,0,True
minecraft,46,1,3b5c30d9b65a45b6862f5a65,16,1042,1,0,0,True
minecraft,46,1,3b5c30d9b65a45b6862f5a65,17,847,1,0,0,True
minecraft,46,1,3b5c30d9b65a45b6862f5a65,18,973,1,0,0,True
minecraft,46,1,3b5c30d9b65a45b6862f5a65,19,881,1,0,0,True
minecraft,46,1,3b5c30d9b65a45b6862f5a65,20,996,1,0,0,True
minecraft,27,0,e7333e86b433f0691f15d8f8,1,1623,1,1,0,True
minecraft,27,0,e7333e86b433f0691f15d8f8,2,1125,0,0,0,True
minecraft,27,0,e7333e86b433f0691f15d8f8,3,919,1,1,0,True
minecraft,27,0,e7333e86b433f0691f15d8f8,4,595,1,1,0,True
minecraft,27,0,e7333e86b433f0691f15d8f8,5,508,1,1,1,True
minecraft,27,0,e7333e86b433f0691f15d8f8,6,557,1,1,1,True
minecraft,27,0,e7333e86b433f0691f15d8f8,7,840,1,1,0,True
minecraft,27,0,e7333e86b433f0691f15d8f8,8,805,1,1,1,True
minecraft,27,0,e7333e86b433f0691f15d8f8,9,1264,1,1,0,True
minecraft,27,0,e7333e86b433f0691f15d8f8,10,856,1,1,0,True
minecraft,27,0,e7333e86b433f0691f15d8f8,11,1352,1,1,1,True
minecraft,27,0,e7333e86b433f0691f15d8f8,12,549,1,1,0,True
minecraft,27,0,e7333e86b433f0691f15d8f8,13,652,1,1,0,True
minecraft,27,0,e7333e86b433f0691f15d8f8,14,969,1,1,0,True
minecraft,27,0,e7333e86b433f0691f15d8f8,15,1190,1,1,0,True
minecraft,27,0,e7333e86b433f0691f15d8f8,16,673,1,1,1,True
minecraft,27,0,e7333e86b433f0691f15d8f8,17,508,1,1,1,True
minecraft,27,0,e7333e86b433f0691f15d8f8,18,959,1,1,0,True
minecraft,27,0,e7333e86b433f0691f15d8f8,19,660,1,1,0,True
minecraft,27,0,e7333e86b433f0691f15d8f8,20,996,1,1,0,True
minecraft,27,1,1bf870b993b68eac70cd754f,1,1210,1,1,0,True
minecraft,27,1,1bf870b993b68eac70cd754f,2,961,1,1,0,True
minecraft,27,1,1bf870b993b68eac70cd754f,3,1076,1,1,0,True
minecraft,27,1,1bf870b993b68eac70cd754f,4,1277,0,0,0,True
minecraft,27,1,1bf870b993b68eac70cd754f,5,1217,0,0,0,True
minecraft,27,1,1bf870b993b68eac70cd754f,6,1175,0,0,0,True
minecraft,27,1,1bf870b993b68eac70cd754f,7,1287,0,0,0,True
minecraft,27,1,1bf870b993b68eac70cd754f,8,1292,0,0,0,True
minecraft,27,1,1bf870b993b68eac70cd754f,9,1032,0,0,0,True
minecraft,27,1,1bf870b993b68eac70cd754f,10,1486,0,0,0,True
minecraft,27,1,1bf870b993b68eac70cd754f,11,1329,0,0,0,True
minecraft,27,1,1bf870b993b68eac70cd754f,12,1412,0,0,0,True
minecraft,27,1,1bf870b993b68eac70cd754f,13,1137,0,0,0,True
minecraft,27,1,1bf870b993b68eac70cd754f,14,1105,0,0,0,True
minecraft,27,1,1bf870b993b68eac70cd754f,15,1064,0,0,0,True
minecraft,27,1,1bf870b993b68eac70cd754f,16,1098,0,0,0,True
minecraft,27,1,1bf870b993b68eac70cd754f,17,1096,0,0,0,True
minecraft,27,1,1bf870b993b68eac70cd754f,18,1085,0,0,0,True
minecraft,27,1,1bf870b993b68eac70cd754f,19,1412,0,0,0,True
minecraft,27,1,1bf870b993b68eac70cd754f,20,1355,0,0,0,True
minecraft,86,0,e89707aaf88eaf7b2b26bda3,1,1682,1,1,0,True
minecraft,86,0,e89707aaf88eaf7b2b26bda3,2,1412,0,0,0,True
minecraft,86,0,e89707aaf88eaf7b2b26bda3,3,987,1,1,1,True
minecraft,86,0,e89707aaf88eaf7b2b26bda3,4,1661,1,1,1,True
minecraft,86,0,e89707aaf88eaf7b2b26bda3,5,1412,0,0,0,True
minecraft,86,0,e89707aaf88eaf7b2b26bda3,6,1412,0,0,0,True
minecraft,86,0,e89707aaf88eaf7b2b26bda3,7,1170,0,0,0,True
minecraft,86,0,e89707aaf88eaf7b2b26bda3,8,1157,0,0,1,True
minecraft,86,0,e89707aaf88eaf7b2b26bda3,9,1412,0,0,0,True
minecraft,86,0,e89707aaf88eaf7b2b26bda3,10,1412,0,0,0,True
minecraft,86,0,e89707aaf88eaf7b2b26bda3,11,1219,0,0,0,True
minecraft,86,0,e89707aaf88eaf7b2b26bda3,12,1378,0,0,0,True
minecraft,86,0,e89707aaf88eaf7b2b26bda3,13,1313,0,0,0,True
minecraft,86,0,e89707aaf88eaf7b2b26bda3,14,1384,0,0,0,True
minecraft,86,0,e89707aaf88eaf7b2b26bda3,15,1391,0,0,0,True
minecraft,86,0,e89707aaf88eaf7b2b26bda3,16,1098,0,0,0,True
minecraft,86,0,e89707aaf88eaf7b2b26bda3,17,1098,0,0,0,True
minecraft,86,0,e89707aaf88eaf7b2b26bda3,18,1020,0,0,0,True
minecraft,86,0,e89707aaf88eaf7b2b26bda3,19,1630,0,0,1,True
minecraft,86,0,e89707aaf88eaf7b2b26bda3,20,1098,0,0,0,True
minecraft,86,1,3434e44eface86b92144c066,1,1206,1,1,0,True
minecraft,86,1,3434e44eface86b92144c066,2,1396,1,1,0,True
minecraft,86,1,3434e44eface86b92144c066,3,1412,0,0,0,True
minecraft,86,1,3434e44eface86b92144c066,4,1462,0,0,0,True
minecraft,86,1,3434e44eface86b92144c066,5,1106,0,0,0,True
minecraft,86,1,3434e44eface86b92144c066,6,1412,0,0,0,True
minecraft,86,1,3434e44eface86b92144c066,7,1412,0,0,0,True
minecraft,86,1,3434e44eface86b92144c066,8,1315,0,0,0,True
minecraft,86,1,3434e44eface86b92144c066,9,1277,0,0,0,True
minecraft,86,1,3434e44eface86b92144c066,10,1152,0,0,0,True
minecraft,86,1,3434e44eface86b92144c066,11,1292,0,0,0,True
minecraft,86,1,3434e44eface86b92144c066,12,1098,0,0,0,True
minecraft,86,1,3434e44eface86b92144c066,13,1227,0,0,0,True
minecraft,86,1,3434e44eface86b92144c066,14,1098,0,0,0,True
minecraft,86,1,3434e44eface86b92144c066,15,1247,0,0,0,True
minecraft,86,1,3434e44eface86b92144c066,16,1551,0,0,0,True
minecraft,86,1,3434e44eface86b92144c066,17,1651,0,0,0,True
minecraft,86,1,3434e44eface86b92144c066,18,1185,0,0,0,True
minecraft,86,1,3434e44eface86b92144c066,19,1227,0,0,0,True
minecraft,86,1,3434e44eface86b92144c066,20,1193,0,0,0,True
minecraft,35,0,460f9ffac01eec5ea8068371,1,1132,1,1,0,True
minecraft,35,0,460f9ffac01eec5ea8068371,2,1003,1,1,0,True
minecraft,35,0,460f9ffac01eec5ea8068371,3,1412,0,0,0,True
minecraft,35,0,460f9ffac01eec5ea8068371,4,1185,0,0,0,True
minecraft,35,0,460f9ffac01eec5ea8068371,5,1217,0,0,0,True
minecraft,35,0,460f9ffac01eec5ea8068371,6,1181,0,0,0,True
minecraft,35,0,460f9ffac01eec5ea8068371,7,1412,0,0,0,True
minecraft,35,0,460f9ffac01eec5ea8068371,8,1412,0,0,0,True
minecraft,35,0,460f9ffac01eec5ea8068371,9,1284,0,0,0,True
minecraft,35,0,460f9ffac01eec5ea8068371,10,1004,0,0,0,True
minecraft,35,0,460f9ffac01eec5ea8068371,11,1316,0,0,0,True
minecraft,35,0,460f9ffac01eec5ea8068371,12,1263,0,0,0,True
minecraft,35,0,460f9ffac01eec5ea8068371,13,1412,0,0,0,True
minecraft,35,0,460f9ffac01eec5ea8068371,14,1201,0,0,0,True
minecraft,35,0,460f9ffac01eec5ea8068371,15,1098,0,0,0,True
minecraft,35,0,460f9ffac01eec5ea8068371,16,1098,0,0,0,True
minecraft,35,0,460f9ffac01eec5ea8068371,17,1263,0,0,0,True
minecraft,35,0,460f9ffac01eec5ea8068371,18,1098,0,0,0,True
minecraft,35,0,460f9ffac01eec5ea8068371,19,1089,0,0,0,True
minecraft,35,0,460f9ffac01eec5ea8068371,20,1297,0,0,0,True
minecraft,35,1,ed9a352031b010629b365df5,1,1274,1,1,1,True
minecraft,35,1,ed9a352031b010629b365df5,2,1202,1,1,0,True
minecraft,35,1,ed9a352031b010629b365df5,3,1175,0,0,0,True
minecraft,35,1,ed9a352031b010629b365df5,4,1035,1,1,1,True
minecraft,35,1,ed9a352031b010629b365df5,5,1172,0,0,0,True
minecraft,35,1,ed9a352031b010629b365df5,6,1098,0,0,0,True
minecraft,35,1,ed9a352031b010629b365df5,7,1325,0,0,0,True
minecraft,35,1,ed9a352031b010629b365df5,8,1412,0,0,0,True
minecraft,35,1,ed9a352031b010629b365df5,9,1098,0,0,0,True
minecraft,35,1,ed9a352031b010629b365df5,10,1369,0,0,0,True
minecraft,35,1,ed9a352031b010629b365df5,11,1412,0,0,0,True
minecraft,35,1,ed9a352031b010629b365df5,12,1224,0,0,1,True
minecraft,35,1,ed9a352031b010629b365df5,13,1412,0,0,0,True
minecraft,35,1,ed9a352031b010629b365df5,14,1412,0,0,0,True
minecraft,35,1,ed9a352031b010629b365df5,15,1065,0,0,0,True
minecraft,35,1,ed9a352031b010629b365df5,16,1412,0,0,0,True
minecraft,35,1,ed9a352031b010629b365df5,17,1227,0,0,0,True
minecraft,35,1,ed9a352031b010629b365df5,18,1098,0,0,0,True
minecraft,35,1,ed9a352031b010629b365df5,19,1098,0,0,0,True
minecraft,35,1,ed9a352031b010629b365df5,20,1412,0,0,0,True
minecraft,90,0,ec1f1c085050e56f5d80f60e,1,2047,1,1,0,True
minecraft,90,0,ec1f1c085050e56f5d80f60e,2,1111,1,1,0,True
minecraft,90,0,ec1f1c085050e56f5d80f60e,3,942,1,1,0,True
minecraft,90,0,ec1f1c085050e56f5d80f60e,4,1104,0,0,0,True
minecraft,90,0,ec1f1c085050e56f5d80f60e,5,1141,0,0,0,True
minecraft,90,0,ec1f1c085050e56f5d80f60e,6,1109,0,0,0,True
minecraft,90,0,ec1f1c085050e56f5d80f60e,7,1211,0,0,0,True
minecraft,90,0,ec1f1c085050e56f5d80f60e,8,1412,0,0,0,True
minecraft,90,0,ec1f1c085050e56f5d80f60e,9,1412,0,0,0,True
minecraft,90,0,ec1f1c085050e56f5d80f60e,10,1175,0,0,0,True
minecraft,90,0,ec1f1c085050e56f5d80f60e,11,1418,0,0,0,True
minecraft,90,0,ec1f1c085050e56f5d80f60e,12,1332,0,0,0,True
minecraft,90,0,ec1f1c085050e56f5d80f60e,13,1217,0,0,0,True
minecraft,90,0,ec1f1c085050e56f5d80f60e,14,1336,0,0,0,True
minecraft,90,0,ec1f1c085050e56f5d80f60e,15,1098,0,0,0,True
minecraft,90,0,ec1f1c085050e56f5d80f60e,16,1376,0,0,0,True
minecraft,90,0,ec1f1c085050e56f5d80f60e,17,1226,0,0,0,True
minecraft,90,0,ec1f1c085050e56f5d80f60e,18,1673,0,0,1,True
minecraft,90,0,ec1f1c085050e56f5d80f60e,19,1371,0,0,0,True
minecraft,90,0,ec1f1c085050e56f5d80f60e,20,1149,0,0,0,True
minecraft,90,1,78798997dc913fe9f5b391bd,1,1599,1,1,0,True
minecraft,90,1,78798997dc913fe9f5b391bd,2,1046,1,1,0,True
minecraft,90,1,78798997dc913fe9f5b391bd,3,1146,0,0,0,True
minecraft,90,1,78798997dc913fe9f5b391bd,4,898,1,1,1,True
minecraft,90,1,78798997dc913fe9f5b391bd,5,843,1,1,0,True
minecraft,90,1,78798997dc913fe9f5b391bd,6,882,1,1,0,True
minecraft,90,1,78798997dc913fe9f5b391bd,7,963,1,1,0,True
minecraft,90,1,78798997dc913fe9f5b391bd,8,1071,1,1,1,True
minecraft,90,1,78798997dc913fe9f5b391bd,9,935,1,1,0,True
minecraft,90,1,78798997dc913fe9f5b391bd,10,1125,1,1,1,True
minecraft,90,1,78798997dc913fe9f5b391bd,11,1075,1,1,0,True
minecraft,90,1,78798997dc913fe9f5b391bd,12,1110,1,1,0,True
minecraft,90,1,78798997dc913fe9f5b391bd,13,786,1,1,0,True
minecraft,90,1,78798997dc913fe9f5b391bd,14,869,1,1,0,True
minecraft,90,1,78798997dc913fe9f5b391bd,15,929,1,1,0,True
minecraft,90,1,78798997dc913fe9f5b391bd,16,995,1,1,0,True
minecraft,90,1,78798997dc913fe9f5b391bd,17,839,1,1,0,True
minecraft,90,1,78798997dc913fe9f5b391bd,18,769,1,1,0,True
minecraft,90,1,78798997dc913fe9f5b391bd,19,1016,1,1,0,True
minecraft,90,1,78798997dc913fe9f5b391bd,20,959,1,1,0,True
research,88,0,df633fa5e37919b286662526,1,2369,2,0,1,True
research,88,0,df633fa5e37919b286662526,2,2505,2,2,1,True
research,88,0,df633fa5e37919b286662526,3,2639,2,1,1,True
research,88,0,df633fa5e37919b286662526,4,2377,2,1,1,True
research,88,0,df633fa5e37919b286662526,5,2478,2,1,1,True
research,88,1,da0d1b38a11ee0f3bbda4f19,1,2632,3,0,1,True
research,88,1,da0d1b38a11ee0f3bbda4f19,2,2576,2,1,2,True
research,88,1,da0d1b38a11ee0f3bbda4f19,3,2369,2,0,1,True
research,88,1,da0d1b38a11ee0f3bbda4f19,4,2482,2,0,1,True
research,88,1,da0d1b38a11ee0f3bbda4f19,5,2271,2,0,1,True
research,10,0,7b40516f03ae8a9af017299f,1,2467,8,0,3,True
research,10,0,7b40516f03ae8a9af017299f,2,2776,8,4,1,True
research,10,0,7b40516f03ae8a9af017299f,3,2405,2,0,1,True
research,10,0,7b40516f03ae8a9af017299f,4,2728,2,1,1,True
research,10,0,7b40516f03ae8a9af017299f,5,2487,2,1,1,True
research,10,1,65388620132550ec7e566049,1,2792,8,0,2,True
research,10,1,65388620132550ec7e566049,2,2741,2,1,5,True
research,10,1,65388620132550ec7e566049,3,2483,2,1,4,True
research,10,1,65388620132550ec7e566049,4,2767,2,1,3,True
research,10,1,65388620132550ec7e566049,5,2803,2,0,3,True
research,78,0,51260f38996fa01da6db04e1,1,3037,7,1,0,False
research,78,1,d41d83ba2a9007b97626b66a,1,2966,7,1,3,False
research,82,0,8384760dcb87f979dc5ec562,1,2568,5,1,1,True
research,82,0,8384760dcb87f979dc5ec562,2,2462,2,0,2,True
research,82,0,8384760dcb87f979dc5ec562,3,3047,4,2,1,True
research,82,0,8384760dcb87f979dc5ec562,4,2807,2,0,0,True
research,82,0,8384760dcb87f979dc5ec562,5,3107,2,0,1,True
research,82,1,12fb91ac46302b1b81a0478a,1,2859,5,1,0,True
research,82,1,12fb91ac46302b1b81a0478a,2,2971,5,0,2,True
research,82,1,12fb91ac46302b1b81a0478a,3,3056,5,0,2,True
research,82,1,12fb91ac46302b1b81a0478a,4,2472,5,0,3,True
research,82,1,12fb91ac46302b1b81a0478a,5,2999,5,1,2,True
research,22,0,6efa98583f32924cc6ec046b,1,2461,4,1,1,True
research,22,0,6efa98583f32924cc6ec046b,2,2693,1,0,1,True
research,22,0,6efa98583f32924cc6ec046b,3,2462,2,0,1,True
research,22,0,6efa98583f32924cc6ec046b,4,2664,2,0,1,True
research,22,0,6efa98583f32924cc6ec046b,5,3091,2,1,1,True
research,22,1,06c25ec3f6438a1b4a5f7516,1,2690,4,0,1,True
research,22,1,06c25ec3f6438a1b4a5f7516,2,2741,2,2,2,True
research,22,1,06c25ec3f6438a1b4a5f7516,3,2585,2,0,1,True
research,22,1,06c25ec3f6438a1b4a5f7516,4,2842,2,0,2,True
research,22,1,06c25ec3f6438a1b4a5f7516,5,2980,2,0,1,True
research,69,0,a8ec6bd1edf524834f7e6a6e,1,2811,6,1,1,True
research,69,0,a8ec6bd1edf524834f7e6a6e,2,2575,6,3,2,False
research,69,1,75c5a711e2cddc19c8692521,1,2645,6,3,1,True
research,69,1,75c5a711e2cddc19c8692521,2,3019,6,2,5,True
research,69,1,75c5a711e2cddc19c8692521,3,3126,5,0,1,True
research,69,1,75c5a711e2cddc19c8692521,4,2373,1,0,1,True
research,69,1,75c5a711e2cddc19c8692521,5,2500,1,0,1,True
research,94,0,5a2d7546e8b8083446374071,1,2713,6,2,4,True
research,94,0,5a2d7546e8b8083446374071,2,2734,6,3,1,True
research,94,0,5a2d7546e8b8083446374071,3,2906,6,0,3,True
research,94,0,5a2d7546e8b8083446374071,4,2651,2,1,0,True
research,94,0,5a2d7546e8b8083446374071,5,2264,1,1,2,True
research,94,1,38120411a5f3c8d5c47fb035,1,2779,6,0,2,True
research,94,1,38120411a5f3c8d5c47fb035,2,2673,6,2,3,True
research,94,1,38120411a5f3c8d5c47fb035,3,2317,2,0,3,True
research,94,1,38120411a5f3c8d5c47fb035,4,2203,2,0,2,True
research,94,1,38120411a5f3c8d5c47fb035,5,2685,2,0,0,True
research,32,0,8b8419305f69673ab7148e59,1,2821,1,0,2,True
research,32,0,8b8419305f69673ab7148e59,2,2779,1,0,2,True
research,32,0,8b8419305f69673ab7148e59,3,2885,1,0,0,True
research,32,0,8b8419305f69673ab7148e59,4,2989,1,0,1,True
research,32,0,8b8419305f69673ab7148e59,5,2492,1,0,2,True
research,32,1,b68d472f07babbb3f0b764d4,1,3259,1,0,3,True
research,32,1,b68d472f07babbb3f0b764d4,2,2729,1,0,2,True
research,32,1,b68d472f07babbb3f0b764d4,3,2363,1,0,1,True
research,32,1,b68d472f07babbb3f0b764d4,4,2353,1,0,2,True
research,32,1,b68d472f07babbb3f0b764d4,5,2740,1,0,0,True
research,21,0,87ab67445780a21a59cac1ef,1,3097,4,0,2,True
research,21,0,87ab67445780a21a59cac1ef,2,2932,4,1,2,True
research,21,0,87ab67445780a21a59cac1ef,3,3051,4,3,1,True
research,21,0,87ab67445780a21a59cac1ef,4,2561,2,0,1,True
research,21,0,87ab67445780a21a59cac1ef,5,2688,2,0,1,True
research,21,1,45db24e652273714bcd30826,1,2708,4,1,1,True
research,21,1,45db24e652273714bcd30826,2,3214,2,2,1,True
research,21,1,45db24e652273714bcd30826,3,2715,2,1,0,True
research,21,1,45db24e652273714bcd30826,4,3110,2,0,1,True
research,21,1,45db24e652273714bcd30826,5,3110,2,0,1,True
research,60,0,0aa15cc6fa551599b09e5183,1,2651,4,1,0,True
research,60,0,0aa15cc6fa551599b09e5183,2,2569,2,0,0,True
research,60,0,0aa15cc6fa551599b09e5183,3,2931,2,1,0,True
research,60,0,0aa15cc6fa551599b09e5183,4,3003,2,1,1,True
research,60,0,0aa15cc6fa551599b09e5183,5,2444,2,0,1,True
research,60,1,fb5e128b7b5bafeb26f020e1,1,2872,4,1,1,True
research,60,1,fb5e128b7b5bafeb26f020e1,2,3091,4,1,1,True
research,60,1,fb5e128b7b5bafeb26f020e1,3,2944,2,1,1,True
research,60,1,fb5e128b7b5bafeb26f020e1,4,2716,2,1,1,True
research,60,1,fb5e128b7b5bafeb26f020e1,5,2704,2,1,1,True
research,49,0,2ac3da3e7bf312e305c29379,1,2928,2,0,1,True
research,49,0,2ac3da3e7bf312e305c29379,2,2779,2,0,0,True
research,49,0,2ac3da3e7bf312e305c29379,3,2767,2,0,0,True
research,49,0,2ac3da3e7bf312e305c29379,4,2559,2,0,1,True
research,49,0,2ac3da3e7bf312e305c29379,5,2681,2,0,0,True
research,49,1,af135ed63ae92a31097d86c0,1,2510,2,0,1,True
research,49,1,af135ed63ae92a31097d86c0,2,2562,2,0,1,True
research,49,1,af135ed63ae92a31097d86c0,3,2369,2,0,1,True
research,49,1,af135ed63ae92a31097d86c0,4,2618,2,0,1,True
research,49,1,af135ed63ae92a31097d86c0,5,2440,2,0,1,True
research,35,0,d4896fc43302237a1e1cb49e,1,3047,3,0,4,True
research,35,0,d4896fc43302237a1e1cb49e,2,2554,3,1,7,True
research,35,0,d4896fc43302237a1e1cb49e,3,3097,2,0,3,True
research,35,0,d4896fc43302237a1e1cb49e,4,2862,2,0,3,True
research,35,0,d4896fc43302237a1e1cb49e,5,3099,2,0,2,True
research,35,1,5ec385047a18511793513c28,1,2530,3,1,3,True
research,35,1,5ec385047a18511793513c28,2,2881,2,0,4,True
research,35,1,5ec385047a18511793513c28,3,2824,2,0,4,True
research,35,1,5ec385047a18511793513c28,4,2422,2,0,4,True
research,35,1,5ec385047a18511793513c28,5,3046,2,0,4,True
research,89,0,44ffcbcd1079526a3757fc53,1,2875,4,1,1,True
research,89,0,44ffcbcd1079526a3757fc53,2,2454,2,0,3,True
research,89,0,44ffcbcd1079526a3757fc53,3,2560,2,1,1,True
research,89,0,44ffcbcd1079526a3757fc53,4,2500,2,1,1,True
research,89,0,44ffcbcd1079526a3757fc53,5,2601,2,1,1,True
research,89,1,949e412c94cfb21ec85237e0,1,2580,3,1,2,True
research,89,1,949e412c94cfb21ec85237e0,2,2742,4,2,2,True
research,89,1,949e412c94cfb21ec85237e0,3,2838,4,1,2,True
research,89,1,949e412c94cfb21ec85237e0,4,2765,2,0,2,True
research,89,1,949e412c94cfb21ec85237e0,5,2687,2,1,1,True
research,72,0,1fa70733ef16c17883729eed,1,2712,2,0,1,True
research,72,0,1fa70733ef16c17883729eed,2,2673,2,0,0,True
research,72,0,1fa70733ef16c17883729eed,3,2979,2,0,1,True
research,72,0,1fa70733ef16c17883729eed,4,2470,2,0,3,True
research,72,0,1fa70733ef16c17883729eed,5,3091,2,0,4,True
research,72,1,9bd58d38dceb3908a099227e,1,2483,2,0,2,True
research,72,1,9bd58d38dceb3908a099227e,2,2748,2,0,3,True
research,72,1,9bd58d38dceb3908a099227e,3,2521,2,0,1,True
research,72,1,9bd58d38dceb3908a099227e,4,2429,2,0,2,True
research,72,1,9bd58d38dceb3908a099227e,5,2399,2,1,0,True
research,29,0,002790a79a7102066a0eb537,1,2753,8,0,3,True
research,29,0,002790a79a7102066a0eb537,2,3024,8,6,3,False
research,29,1,c3b6ae568eaf0836419dc780,1,2840,8,0,8,True
research,29,1,c3b6ae568eaf0836419dc780,2,2911,8,1,15,True
research,29,1,c3b6ae568eaf0836419dc780,3,2840,8,0,12,True
research,29,1,c3b6ae568eaf0836419dc780,4,2573,7,1,7,False
research,42,0,9aa59741b73f849113a863aa,1,2806,3,2,1,True
research,42,0,9aa59741b73f849113a863aa,2,2912,2,0,0,True
research,42,0,9aa59741b73f849113a863aa,3,2787,2,0,1,True
research,42,0,9aa59741b73f849113a863aa,4,2807,2,0,1,True
research,42,0,9aa59741b73f849113a863aa,5,3118,2,0,2,True
research,42,1,b67dc01d88a61a1575c7f898,1,2948,2,0,0,True
research,42,1,b67dc01d88a61a1575c7f898,2,2827,2,2,2,True
research,42,1,b67dc01d88a61a1575c7f898,3,2710,2,1,1,True
research,42,1,b67dc01d88a61a1575c7f898,4,3059,2,0,1,True
research,42,1,b67dc01d88a61a1575c7f898,5,2846,2,1,5,True
research,99,0,4ee086fd9c8cad1707bd2b74,1,2719,2,0,1,True
research,99,0,4ee086fd9c8cad1707bd2b74,2,2931,2,1,2,True
research,99,0,4ee086fd9c8cad1707bd2b74,3,2645,2,0,2,True
research,99,0,4ee086fd9c8cad1707bd2b74,4,2771,2,0,2,True
research,99,0,4ee086fd9c8cad1707bd2b74,5,2992,2,0,2,True
research,99,1,f62e7d271133f7110726d97f,1,3242,2,0,1,True
research,99,1,f62e7d271133f7110726d97f,2,2663,2,2,2,True
research,99,1,f62e7d271133f7110726d97f,3,3163,2,0,2,True
research,99,1,f62e7d271133f7110726d97f,4,2806,2,0,2,True
research,99,1,f62e7d271133f7110726d97f,5,3110,2,0,2,True
research,100,0,6c1a9c489b2f62afbe1e6127,1,2373,10,2,1,True
research,100,0,6c1a9c489b2f62afbe1e6127,2,2890,8,7,11,False
research,100,1,2faeb0efc16f2c9c84ff4567,1,2887,9,0,1,True
research,100,1,2faeb0efc16f2c9c84ff4567,2,2819,9,8,1,True
research,100,1,2faeb0efc16f2c9c84ff4567,3,3146,10,4,1,True
research,100,1,2faeb0efc16f2c9c84ff4567,4,2961,10,5,5,True
research,100,1,2faeb0efc16f2c9c84ff4567,5,2882,2,0,1,True
research,8,0,dfb494ddc00f85d5dca2f0d6,1,2430,2,0,1,True
research,8,0,dfb494ddc00f85d5dca2f0d6,2,2309,2,1,1,True
research,8,0,dfb494ddc00f85d5dca2f0d6,3,2575,2,0,1,True
research,8,0,dfb494ddc00f85d5dca2f0d6,4,2399,2,0,0,True
research,8,0,dfb494ddc00f85d5dca2f0d6,5,2368,2,0,1,True
research,8,1,a7e13062346b975a579d7e2c,1,2979,5,0,1,True
research,8,1,a7e13062346b975a579d7e2c,2,2491,2,2,1,True
research,8,1,a7e13062346b975a579d7e2c,3,2395,2,0,1,True
research,8,1,a7e13062346b975a579d7e2c,4,2582,2,0,1,True
research,8,1,a7e13062346b975a579d7e2c,5,2471,2,0,0,True
