scenario,task_id,seed,episode_id,team_success,team_reward,n_iterations,planning_scores,communication_scores,task_evaluation,code_quality,token_usage,total_milestones,raw_eval_fields,final_output_len,iter_summary_lengths,iter_task_results_counts,runtime
bargaining,82,0,9852984e0834302f8f1589f6,True,1.0,5,[],"[-1, -1, -1, -1, -1]",None,None,21712,0,planning_scores(-1);communication_scores(-1),0,"[1947, 1947, 1947, 2045, 2173]","[0, 0, 0, 0, 0]",503.73
bargaining,82,1,696e5aa91db8794ada1d5e7e,True,1.0,2,[],"[-1, -1]",None,None,8723,0,planning_scores(-1);communication_scores(-1),0,"[2045, 2045]","[0, 0]",268.9
bargaining,15,0,32405225b354bb1a1dfc0a35,True,1.0,1,[],[-1],None,None,4370,0,planning_scores(-1);communication_scores(-1),0,[1855],[0],106.58
bargaining,15,1,821bc8979719b2e3e18b273b,True,1.0,1,[],[-1],None,None,4280,0,planning_scores(-1);communication_scores(-1),0,[1488],[0],105.49
bargaining,4,0,c16b428b937469b8ef7deedb,True,1.0,5,[],"[-1, -1, -1, -1, -1]",None,None,21390,0,planning_scores(-1);communication_scores(-1),0,"[2062, 2062, 1946, 1782, 1946]","[0, 0, 0, 0, 0]",630.37
bargaining,4,1,986350fd3a6aa5fb34a1cff7,True,1.0,5,[],"[-1, -1, -1, -1, -1]",None,None,21336,0,planning_scores(-1);communication_scores(-1),0,"[1946, 1946, 1946, 1946, 1832]","[0, 0, 0, 0, 0]",629.14
bargaining,95,0,90ae11352e62631d2f92407d,True,1.0,1,[],[-1],None,None,4482,0,planning_scores(-1);communication_scores(-1),0,[1943],[0],106.97
bargaining,95,1,9324422d2e3eaa0d99040b41,True,1.0,3,[],"[-1, -1, -1]",None,None,13404,0,planning_scores(-1);communication_scores(-1),0,"[1943, 1973, 1757]","[0, 0, 0]",304.44
bargaining,36,0,3c46e934e3f6f81765e0233b,True,1.0,1,[],[-1],None,None,4462,0,planning_scores(-1);communication_scores(-1),0,[1361],[0],169.11
bargaining,36,1,c2c9c6a8029259e1338ab5c3,True,1.0,1,[],[-1],None,None,4606,0,planning_scores(-1);communication_scores(-1),0,[2020],[0],170.06
bargaining,32,0,cf5475410529b7f603d8e6af,True,1.0,1,[],[-1],None,None,4390,0,planning_scores(-1);communication_scores(-1),0,[1986],[0],169.93
bargaining,32,1,5a86f1e08585f77dff6125e3,True,1.0,1,[],[-1],None,None,4206,0,planning_scores(-1);communication_scores(-1),0,[1523],[0],108.7
bargaining,29,0,8a0b8bfe9a1a41c74ced4c09,True,1.0,1,[],[-1],None,None,4423,0,planning_scores(-1);communication_scores(-1),0,[1975],[0],107.31
bargaining,29,1,c916e27fb4ee36dfafdc9de5,True,1.0,1,[],[-1],None,None,4439,0,planning_scores(-1);communication_scores(-1),0,[2094],[0],107.94
bargaining,18,0,baa84e8357c2f5a31e4601d3,True,1.0,1,[],[-1],None,None,4155,0,planning_scores(-1);communication_scores(-1),0,[1581],[0],106.0
bargaining,18,1,360d1cca3e0c3de524379516,True,1.0,1,[],[-1],None,None,4169,0,planning_scores(-1);communication_scores(-1),0,[1682],[0],106.67
bargaining,14,0,d4fdd0da8e97a1fd717e48f3,True,1.0,1,[],[-1],None,None,4422,0,planning_scores(-1);communication_scores(-1),0,[1716],[0],106.31
bargaining,14,1,50d6e760118b78af4346579b,True,1.0,1,[],[-1],None,None,4416,0,planning_scores(-1);communication_scores(-1),0,[1635],[0],106.56
bargaining,87,0,cf4e64da9c05c33b4caad553,True,1.0,5,[],"[-1, -1, -1, -1, -1]",None,None,21809,0,planning_scores(-1);communication_scores(-1),0,"[1542, 1967, 1542, 1920, 1933]","[0, 0, 0, 0, 0]",502.52
bargaining,87,1,01ee1ae94dbca8f9ffdeee6d,True,1.0,5,[],"[-1, -1, -1, -1, -1]",None,None,22049,0,planning_scores(-1);communication_scores(-1),0,"[1938, 1961, 1898, 1942, 1932]","[0, 0, 0, 0, 0]",567.29
bargaining,70,0,474790b23c39e1ba1a269122,True,1.0,5,[],"[-1, -1, -1, -1, -1]",None,None,20812,0,planning_scores(-1);communication_scores(-1),0,"[1346, 1437, 1776, 1444, 1437]","[0, 0, 0, 0, 0]",499.75
bargaining,70,1,ec302424e85cea9fae43aed3,True,1.0,5,[],"[-1, -1, -1, -1, -1]",None,None,20852,0,planning_scores(-1);communication_scores(-1),0,"[1439, 1776, 1776, 1395, 1439]","[0, 0, 0, 0, 0]",502.21
bargaining,12,0,9d6e32df6125af5d899cd66f,True,1.0,2,[],"[-1, -1]",None,None,8632,0,planning_scores(-1);communication_scores(-1),0,"[1965, 1947]","[0, 0]",206.48
bargaining,12,1,b64202e3abb3bdca8fdcf32c,True,1.0,5,[],"[-1, -1, -1, -1, -1]",None,None,21826,0,planning_scores(-1);communication_scores(-1),0,"[2269, 1921, 1909, 1942, 1855]","[0, 0, 0, 0, 0]",695.0
bargaining,76,0,60e0509a6dd24672a2ebe507,True,1.0,1,[],[-1],None,None,4442,0,planning_scores(-1);communication_scores(-1),0,[1702],[0],106.43
bargaining,76,1,5b6e89e80b3c540af39b3b8c,True,1.0,1,[],[-1],None,None,4448,0,planning_scores(-1);communication_scores(-1),0,[1705],[0],107.2
bargaining,55,0,df59c6a80ed946869fe263c1,True,1.0,2,[],"[-1, -1]",None,None,9075,0,planning_scores(-1);communication_scores(-1),0,"[2035, 2110]","[0, 0]",269.52
bargaining,55,1,67ef051e8a0869f706e4d926,True,1.0,1,[],[-1],None,None,4360,0,planning_scores(-1);communication_scores(-1),0,[1378],[0],106.22
bargaining,5,0,19fecde0db8f05bebcab70bd,True,1.0,1,[],[-1],None,None,4560,0,planning_scores(-1);communication_scores(-1),0,[1756],[0],106.52
bargaining,5,1,007b2c1bad157cf05a31ca26,True,1.0,1,[],[-1],None,None,4535,0,planning_scores(-1);communication_scores(-1),0,[1511],[0],106.43
bargaining,28,0,e9a867db7ce680a7fa2868c1,True,1.0,3,[],"[-1, -1, -1]",None,None,12884,0,planning_scores(-1);communication_scores(-1),0,"[1812, 1770, 2048]","[0, 0, 0]",307.17
bargaining,28,1,036692e93170ab829c8a259f,True,1.0,2,[],"[-1, -1]",None,None,8528,0,planning_scores(-1);communication_scores(-1),0,"[1709, 1759]","[0, 0]",207.5
bargaining,30,0,14292ce74c5ac2f6b3da0522,True,1.0,1,[],[-1],None,None,4279,0,planning_scores(-1);communication_scores(-1),0,[1496],[0],107.05
bargaining,30,1,04a4dd394474267a2c4d0188,True,1.0,2,[],"[-1, -1]",None,None,8830,0,planning_scores(-1);communication_scores(-1),0,"[2117, 2146]","[0, 0]",207.53
bargaining,65,0,239405982be3c93f4ee5c924,True,1.0,2,[],"[-1, -1]",None,None,8709,0,planning_scores(-1);communication_scores(-1),0,"[1585, 1585]","[0, 0]",330.7
bargaining,65,1,03ac37fe7bd2ee8b12ce325f,True,1.0,4,[],"[-1, -1, -1, -1]",None,None,17404,0,planning_scores(-1);communication_scores(-1),0,"[1941, 1477, 1477, 1360]","[0, 0, 0, 0]",591.61
bargaining,78,0,bfaa8c9477c446afc6db2463,True,1.0,2,[],"[-1, -1]",None,None,8913,0,planning_scores(-1);communication_scores(-1),0,"[2008, 2259]","[0, 0]",271.91
bargaining,78,1,c709ac0ae389a5808393f1de,True,1.0,3,[],"[-1, -1, -1]",None,None,13291,0,planning_scores(-1);communication_scores(-1),0,"[2236, 1906, 1963]","[0, 0, 0]",367.45
bargaining,72,0,250316e16871b3a940b85a08,True,1.0,5,[],"[-1, -1, -1, -1, -1]",None,None,22291,0,planning_scores(-1);communication_scores(-1),0,"[2051, 2026, 2132, 1950, 1996]","[0, 0, 0, 0, 0]",696.22
bargaining,72,1,0873799cc753fc1b0a1157f1,True,1.0,5,[],"[-1, -1, -1, -1, -1]",None,None,22323,0,planning_scores(-1);communication_scores(-1),0,"[2061, 1890, 1964, 1990, 1987]","[0, 0, 0, 0, 0]",759.8
coding,26,0,a68f5faacf1e42508f70a4fa,True,1.0,5,[],"[-1, -1, -1, -1, -1]",None,None,21374,0,planning_scores(-1);communication_scores(-1),0,"[2876, 2845, 133, 133, 133]","[2, 2, 2, 2, 2]",189.18
coding,26,1,532404ea8b60915585f23dbd,True,1.0,5,[],"[-1, -1, -1, -1, -1]",None,None,20723,0,planning_scores(-1);communication_scores(-1),0,"[133, 2841, 133, 133, 133]","[2, 2, 2, 2, 2]",181.84
coding,92,0,af7f13ba4b1d63146cf0f9c5,True,1.0,5,[],"[-1, -1, -1, -1, -1]",None,None,23313,0,planning_scores(-1);communication_scores(-1),0,"[3885, 4869, 3932, 133, 133]","[2, 2, 2, 2, 2]",201.81
coding,92,1,469a65414807e02c56fad317,True,1.0,5,[],"[-1, -1, -1, -1, -1]",None,None,22248,0,planning_scores(-1);communication_scores(-1),0,"[3283, 5590, 133, 133, 133]","[2, 2, 2, 2, 2]",193.44
coding,84,0,d3830ffa0235fe40f1168511,True,1.0,5,[],"[-1, -1, -1, -1, -1]",None,None,28708,0,planning_scores(-1);communication_scores(-1),0,"[7491, 7868, 7657, 5192, 133]","[2, 2, 2, 2, 2]",233.1
coding,84,1,04ef17840bda7884dca80852,True,1.0,5,[],"[-1, -1, -1, -1, -1]",None,None,25468,0,planning_scores(-1);communication_scores(-1),0,"[8070, 8141, 133, 133, 133]","[2, 2, 2, 2, 2]",207.01
coding,90,0,58b167b3128a730663cd63c8,True,1.0,5,[],"[-1, -1, -1, -1, -1]",None,None,24977,0,planning_scores(-1);communication_scores(-1),0,"[133, 133, 133, 133, 133]","[3, 3, 3, 3, 3]",179.72
coding,90,1,22c63dda3380f86edff3e711,True,1.0,5,[],"[-1, -1, -1, -1, -1]",None,None,22669,0,planning_scores(-1);communication_scores(-1),0,"[133, 6184, 133, 133, 133]","[3, 2, 2, 2, 2]",188.51
coding,70,0,116cc7cf37c243434c165a01,True,1.0,5,[],"[-1, -1, -1, -1, -1]",None,None,24422,0,planning_scores(-1);communication_scores(-1),0,"[5110, 4723, 4731, 4430, 5267]","[2, 2, 2, 2, 2]",229.38
coding,70,1,fe8288a913c8b7ed4e1ec55b,True,1.0,5,[],"[-1, -1, -1, -1, -1]",None,None,25355,0,planning_scores(-1);communication_scores(-1),0,"[5122, 5121, 3908, 4758, 4378]","[2, 2, 2, 2, 2]",226.48
coding,54,0,1dd22513685e9973a4bc8c08,True,1.0,5,[],"[-1, -1, -1, -1, -1]",None,None,21920,0,planning_scores(-1);communication_scores(-1),0,"[2685, 133, 133, 133, 2968]","[2, 2, 2, 2, 2]",185.83
coding,54,1,89b9a2750af8e3ff6238ea12,True,1.0,5,[],"[-1, -1, -1, -1, -1]",None,None,24256,0,planning_scores(-1);communication_scores(-1),0,"[3178, 4085, 133, 3889, 133]","[2, 2, 2, 2, 2]",198.0
coding,29,0,ecfc89d9d3723d98f0383a4d,True,1.0,5,[],"[-1, -1, -1, -1, -1]",None,None,25021,0,planning_scores(-1);communication_scores(-1),0,"[2613, 1184, 3624, 2517, 2517]","[2, 2, 2, 2, 2]",197.93
coding,29,1,77e4e95f0e4777c9ea418f6d,True,1.0,5,[],"[-1, -1, -1, -1, -1]",None,None,23010,0,planning_scores(-1);communication_scores(-1),0,"[1390, 1011, 1011, 956, 943]","[3, 2, 2, 2, 2]",182.33
coding,58,0,adbcbda6644b60099615b1f9,True,1.0,5,[],"[-1, -1, -1, -1, -1]",None,None,23326,0,planning_scores(-1);communication_scores(-1),0,"[3974, 3729, 4336, 4012, 4013]","[2, 2, 2, 2, 2]",213.53
coding,58,1,95d76aa83533671500edc27c,True,1.0,5,[],"[-1, -1, -1, -1, -1]",None,None,23109,0,planning_scores(-1);communication_scores(-1),0,"[5814, 4283, 133, 4141, 133]","[2, 2, 2, 2, 2]",203.8
coding,76,0,fe76d630fea2e398de4709a3,True,1.0,5,[],"[-1, -1, -1, -1, -1]",None,None,28181,0,planning_scores(-1);communication_scores(-1),0,"[8273, 4445, 4624, 7491, 7491]","[2, 2, 2, 2, 2]",242.11
coding,76,1,83c0a5525fb005f91eddb5aa,True,1.0,5,[],"[-1, -1, -1, -1, -1]",None,None,27725,0,planning_scores(-1);communication_scores(-1),0,"[4574, 4091, 4244, 5889, 5379]","[2, 2, 2, 2, 2]",238.25
coding,36,0,726588b7a976fdc1055c173f,True,1.0,5,[],"[-1, -1, -1, -1, -1]",None,None,21930,0,planning_scores(-1);communication_scores(-1),0,"[2387, 3058, 2581, 3060, 2506]","[2, 2, 2, 2, 2]",202.91
coding,36,1,961610f700fec3cdd1804920,True,1.0,5,[],"[-1, -1, -1, -1, -1]",None,None,23148,0,planning_scores(-1);communication_scores(-1),0,"[3193, 2862, 2628, 2553, 2577]","[2, 2, 2, 2, 2]",202.8
coding,1,0,b282d0bbcdf5c92807903cab,True,1.0,5,[],"[-1, -1, -1, -1, -1]",None,None,25478,0,planning_scores(-1);communication_scores(-1),0,"[4401, 4344, 3808, 3436, 5079]","[2, 2, 2, 2, 2]",216.54
coding,1,1,2e34d93a32c357a320d9cffe,True,1.0,5,[],"[-1, -1, -1, -1, -1]",None,None,26929,0,planning_scores(-1);communication_scores(-1),0,"[7125, 4776, 6552, 4777, 4345]","[2, 2, 2, 2, 2]",235.09
coding,98,0,8023cd5deedafb3d214412d5,True,1.0,5,[],"[-1, -1, -1, -1, -1]",None,None,22694,0,planning_scores(-1);communication_scores(-1),0,"[5156, 5823, 133, 133, 133]","[2, 2, 2, 2, 2]",195.86
coding,98,1,0a680b5bb6fed2fc6b4ee11f,True,1.0,5,[],"[-1, -1, -1, -1, -1]",None,None,19006,0,planning_scores(-1);communication_scores(-1),0,"[133, 133, 133, 133, 133]","[2, 2, 2, 2, 2]",173.75
coding,21,0,790017803c0e9f94dcb854ae,True,1.0,5,[],"[-1, -1, -1, -1, -1]",None,None,23361,0,planning_scores(-1);communication_scores(-1),0,"[3803, 4483, 133, 4185, 4206]","[2, 2, 1, 2, 2]",210.45
coding,21,1,63b4082e3144625f7a6c14c7,True,1.0,5,[],"[-1, -1, -1, -1, -1]",None,None,25713,0,planning_scores(-1);communication_scores(-1),0,"[4773, 4402, 4200, 4337, 3054]","[3, 2, 2, 2, 2]",218.28
coding,55,0,4d59fb1d8e064e9fa0bbfcbd,True,1.0,5,[],"[-1, -1, -1, -1, -1]",None,None,24109,0,planning_scores(-1);communication_scores(-1),0,"[4129, 4041, 3261, 3942, 4284]","[2, 2, 2, 2, 2]",220.4
coding,55,1,211f48a1e855c8ae4cc88371,True,1.0,5,[],"[-1, -1, -1, -1, -1]",None,None,21381,0,planning_scores(-1);communication_scores(-1),0,"[3310, 3240, 133, 133, 133]","[2, 2, 2, 2, 2]",187.37
coding,44,0,c0e620b99bb35834bf15641a,True,1.0,5,[],"[-1, -1, -1, -1, -1]",None,None,24453,0,planning_scores(-1);communication_scores(-1),0,"[3576, 3324, 3960, 3284, 3849]","[2, 2, 2, 2, 2]",215.31
coding,44,1,21b00c0bb80dcf85559970d1,True,1.0,5,[],"[-1, -1, -1, -1, -1]",None,None,23920,0,planning_scores(-1);communication_scores(-1),0,"[5244, 4053, 3674, 4308, 3365]","[2, 2, 2, 2, 2]",216.34
coding,20,0,20d026aa7a951614a235b90a,True,1.0,5,[],"[-1, -1, -1, -1, -1]",None,None,21860,0,planning_scores(-1);communication_scores(-1),0,"[133, 133, 133, 5788, 4773]","[2, 2, 2, 2, 2]",196.32
coding,20,1,0736cebe13bbe994ba79a11a,True,1.0,5,[],"[-1, -1, -1, -1, -1]",None,None,22553,0,planning_scores(-1);communication_scores(-1),0,"[3059, 6068, 133, 145, 133]","[2, 2, 2, 2, 1]",194.53
coding,28,0,40f63c70eb557331a4d3c900,True,1.0,5,[],"[-1, -1, -1, -1, -1]",None,None,29498,0,planning_scores(-1);communication_scores(-1),0,"[6148, 8564, 7696, 5743, 5743]","[3, 2, 2, 2, 2]",242.88
coding,28,1,75e11d5b95d3849145607ee6,True,1.0,5,[],"[-1, -1, -1, -1, -1]",None,None,26097,0,planning_scores(-1);communication_scores(-1),0,"[7721, 133, 7776, 8757, 5724]","[2, 2, 2, 2, 2]",237.41
coding,14,0,26683519844bd7bb9d3c759d,True,1.0,5,[],"[-1, -1, -1, -1, -1]",None,None,27177,0,planning_scores(-1);communication_scores(-1),0,"[4503, 133, 3407, 4136, 4537]","[2, 1, 1, 2, 2]",209.81
coding,14,1,3bd0de6a8aa2f8919c6dc962,True,1.0,5,[],"[-1, -1, -1, -1, -1]",None,None,27926,0,planning_scores(-1);communication_scores(-1),0,"[4656, 4235, 3800, 3966, 4424]","[2, 2, 1, 2, 2]",213.57
coding,12,0,b583a02da8c940b004d2ade7,True,1.0,5,[],"[-1, -1, -1, -1, -1]",None,None,24789,0,planning_scores(-1);communication_scores(-1),0,"[5884, 8009, 133, 133, 133]","[2, 2, 2, 2, 2]",203.29
coding,12,1,00277b540950d5189eb1534b,True,1.0,5,[],"[-1, -1, -1, -1, -1]",None,None,24199,0,planning_scores(-1);communication_scores(-1),0,"[5575, 5575, 133, 133, 133]","[2, 2, 2, 2, 2]",196.43
coding,49,0,0deb6567dc1d6b7a143cc308,True,1.0,5,[],"[-1, -1, -1, -1, -1]",None,None,27894,0,planning_scores(-1);communication_scores(-1),0,"[7941, 4039, 133, 5383, 4390]","[2, 2, 2, 1, 2]",226.56
coding,49,1,08f507ac3e82f402c4167528,True,1.0,5,[],"[-1, -1, -1, -1, -1]",None,None,18676,0,planning_scores(-1);communication_scores(-1),0,"[133, 133, 133, 133, 133]","[2, 2, 2, 2, 2]",173.74
database,13,0,70b02e2436b7ed36b715dd12,True,1.0,5,[],"[-1, -1, -1, -1, -1]",None,None,27063,0,planning_scores(-1);communication_scores(-1),0,"[1243, 1255, 1255, 1271, 567]","[5, 5, 5, 5, 5]",196.95
database,13,1,56cec34c6e255da0ff688659,True,1.0,5,[],"[-1, -1, -1, -1, -1]",None,None,29237,0,planning_scores(-1);communication_scores(-1),0,"[832, 1367, 1143, 1328, 950]","[5, 5, 5, 5, 5]",200.76
database,46,0,95828ab1496f0336d027d253,True,1.0,5,[],"[-1, -1, -1, -1, -1]",None,None,26559,0,planning_scores(-1);communication_scores(-1),0,"[920, 938, 921, 921, 852]","[5, 5, 5, 5, 5]",194.15
database,46,1,6d594780c7fd0a5bcf4de471,True,1.0,5,[],"[-1, -1, -1, -1, -1]",None,None,26473,0,planning_scores(-1);communication_scores(-1),0,"[893, 812, 920, 1529, 1529]","[5, 5, 5, 5, 5]",195.14
database,45,0,522eb61619386805654bf351,True,1.0,5,[],"[-1, -1, -1, -1, -1]",None,None,27668,0,planning_scores(-1);communication_scores(-1),0,"[1522, 1642, 1371, 1106, 1568]","[5, 5, 5, 5, 5]",202.27
database,45,1,1e1c6b0e4b4616e0b9c18179,True,1.0,5,[],"[-1, -1, -1, -1, -1]",None,None,28429,0,planning_scores(-1);communication_scores(-1),0,"[1312, 1389, 1773, 1773, 1738]","[5, 5, 5, 5, 5]",203.34
database,78,0,1a8f283c34e88bef9ddf0954,True,1.0,5,[],"[-1, -1, -1, -1, -1]",None,None,28310,0,planning_scores(-1);communication_scores(-1),0,"[1747, 1709, 2436, 2436, 1747]","[5, 5, 5, 5, 5]",206.46
database,78,1,76a7a975772f82e5c33c17f6,True,1.0,5,[],"[-1, -1, -1, -1, -1]",None,None,27968,0,planning_scores(-1);communication_scores(-1),0,"[2086, 2086, 1774, 1796, 1072]","[5, 5, 5, 5, 5]",203.56
database,34,0,d675fd00d94dff97503db9b9,True,1.0,5,[],"[-1, -1, -1, -1, -1]",None,None,30799,0,planning_scores(-1);communication_scores(-1),0,"[1008, 1000, 794, 984, 1605]","[5, 5, 5, 4, 5]",202.95
database,34,1,fab21402f98b36b53e8b9a71,True,1.0,5,[],"[-1, -1, -1, -1, -1]",None,None,28255,0,planning_scores(-1);communication_scores(-1),0,"[794, 856, 1659, 1643, 1820]","[5, 5, 5, 5, 5]",204.29
database,6,0,d0dd0f25af5d761b628f60ce,True,1.0,5,[],"[-1, -1, -1, -1, -1]",None,None,27248,0,planning_scores(-1);communication_scores(-1),0,"[843, 1047, 895, 1590, 1700]","[5, 5, 5, 5, 5]",199.89
database,6,1,28ff3c5768ccb643e465bb0d,True,1.0,5,[],"[-1, -1, -1, -1, -1]",None,None,26954,0,planning_scores(-1);communication_scores(-1),0,"[1207, 1145, 1176, 686, 1636]","[5, 5, 5, 5, 5]",199.14
database,94,0,c472b453579dbc80078d3f27,True,1.0,5,[],"[-1, -1, -1, -1, -1]",None,None,26887,0,planning_scores(-1);communication_scores(-1),0,"[1372, 941, 1683, 1653, 1681]","[5, 5, 5, 5, 5]",199.26
database,94,1,985d7dc958386b5030766af7,True,1.0,5,[],"[-1, -1, -1, -1]",None,None,35933,0,planning_scores(-1);communication_scores(-1),0,"[1134, 1326, 1323, 1500, 1748]","[5, 5, 5, 5, 5]",206.68
database,59,0,30f97726f90ed40cf350b5dd,True,1.0,5,[],"[-1, -1, -1, -1, -1]",None,None,27975,0,planning_scores(-1);communication_scores(-1),0,"[2038, 1728, 2046, 1974, 1874]","[4, 5, 5, 5, 5]",208.15
database,59,1,ac16ea87d2daad0b988b09f2,True,1.0,5,[],"[-1, -1, -1, -1, -1]",None,None,27882,0,planning_scores(-1);communication_scores(-1),0,"[1709, 1709, 1150, 1841, 1937]","[5, 5, 5, 5, 5]",202.65
database,69,0,8358077572d1723753d0f1f4,True,1.0,5,[],"[-1, -1, -1, -1, -1]",None,None,28058,0,planning_scores(-1);communication_scores(-1),0,"[1293, 2127, 1542, 1542, 1696]","[5, 5, 5, 5, 5]",202.65
database,69,1,9aa2e34c4d8bf4e041fd597e,True,1.0,5,[],"[-1, -1, -1, -1, -1]",None,None,28686,0,planning_scores(-1);communication_scores(-1),0,"[1593, 1843, 1616, 1765, 2089]","[5, 5, 5, 5, 5]",204.37
database,16,0,f590bb26c2274bbffacb6c91,True,1.0,5,[],"[-1, -1, -1, -1]",None,None,32141,0,planning_scores(-1);communication_scores(-1),0,"[888, 620, 2135, 1090, 731]","[5, 5, 5, 2, 5]",202.72
database,16,1,0bf05745760c9f7ddd338244,True,1.0,5,[],"[-1, -1, -1, -1, -1]",None,None,26990,0,planning_scores(-1);communication_scores(-1),0,"[1430, 1463, 901, 1201, 1549]","[5, 5, 5, 5, 5]",199.03
database,49,0,8c85a1265f1bb85147214f10,True,1.0,5,[],"[-1, -1, -1, -1]",None,None,35545,0,planning_scores(-1);communication_scores(-1),0,"[1288, 583, 473, 843, 843]","[5, 5, 4, 5, 5]",202.82
database,49,1,b976d250fe9aeb81e6c27ba6,True,1.0,5,[],"[-1, -1, -1, -1]",None,None,35063,0,planning_scores(-1);communication_scores(-1),0,"[839, 803, 806, 815, 806]","[5, 5, 5, 5, 5]",200.2
database,11,0,9b5ef5394158f52d95ce6638,True,1.0,5,[],"[-1, -1, -1, -1]",None,None,44995,0,planning_scores(-1);communication_scores(-1),0,"[1036, 1247, 1247, 1048, 803]","[5, 5, 5, 5, 5]",217.81
database,11,1,c5326361a1dce03bd9e84546,True,1.0,5,[],"[-1, -1, -1, -1, -1]",None,None,26917,0,planning_scores(-1);communication_scores(-1),0,"[1146, 1764, 980, 1185, 1182]","[5, 5, 5, 5, 5]",197.55
database,71,0,1dcafbd1f75d52e50f48ad2f,True,1.0,5,[],"[-1, -1, -1, -1, -1]",None,None,28072,0,planning_scores(-1);communication_scores(-1),0,"[1638, 1339, 1471, 1420, 1380]","[5, 5, 5, 5, 5]",201.91
database,71,1,92ab2f62870c3c1e40d8ccb0,True,1.0,5,[],"[-1, -1, -1, -1]",None,None,37465,0,planning_scores(-1);communication_scores(-1),0,"[1071, 1328, 830, 831, 1639]","[5, 5, 5, 5, 5]",214.66
database,38,0,cc90e8e2de8fbed2362f0c28,True,1.0,5,[],"[-1, -1, -1, -1, -1]",None,None,26719,0,planning_scores(-1);communication_scores(-1),0,"[1116, 1322, 853, 1025, 1461]","[5, 5, 5, 5, 5]",196.78
database,38,1,35913a4c29a88feff35e72aa,True,1.0,5,[],"[-1, -1, -1, -1, -1]",None,None,26628,0,planning_scores(-1);communication_scores(-1),0,"[850, 850, 892, 1327, 1327]","[5, 5, 5, 5, 5]",196.6
database,81,0,325270253d0cbc5287effc9c,True,1.0,5,[],"[-1, -1, -1, -1, -1]",None,None,27715,0,planning_scores(-1);communication_scores(-1),0,"[1637, 1539, 1239, 1257, 1319]","[5, 5, 5, 5, 5]",204.23
database,81,1,deab31a95a6b2dfe0c64b963,True,1.0,5,[],"[-1, -1, -1, -1, -1]",None,None,26717,0,planning_scores(-1);communication_scores(-1),0,"[671, 911, 1420, 824, 1025]","[5, 5, 5, 5, 5]",196.47
database,80,0,d883dd8450dfae604aed0fe2,True,1.0,5,[],"[-1, -1, -1, -1, -1]",None,None,28197,0,planning_scores(-1);communication_scores(-1),0,"[900, 900, 1208, 1006, 2121]","[5, 5, 5, 5, 5]",199.99
database,80,1,11cf0a1d2ee2113046ef3aec,True,1.0,5,[],"[-1, -1, -1, -1, -1]",None,None,28430,0,planning_scores(-1);communication_scores(-1),0,"[1518, 2200, 1044, 2153, 2054]","[5, 5, 5, 5, 5]",203.94
database,47,0,79ea115cbc67cdce6de96ec6,True,1.0,5,[],"[-1, -1, -1, -1, -1]",None,None,27232,0,planning_scores(-1);communication_scores(-1),0,"[847, 1011, 1520, 881, 1466]","[5, 5, 5, 5, 5]",198.49
database,47,1,7c6687d77a57c85b0a30e1a6,True,1.0,5,[],"[-1, -1, -1, -1, -1]",None,None,27130,0,planning_scores(-1);communication_scores(-1),0,"[1209, 1534, 688, 1432, 1534]","[5, 5, 5, 5, 5]",198.91
database,74,0,5c3a510bf09803f46ab4f2b5,True,1.0,5,[],"[-1, -1, -1, -1, -1]",None,None,27293,0,planning_scores(-1);communication_scores(-1),0,"[1660, 1474, 819, 1664, 1016]","[5, 5, 5, 5, 5]",198.89
database,74,1,641f87a31225a4416e6c2b88,True,1.0,5,[],"[-1, -1, -1, -1, -1]",None,None,28016,0,planning_scores(-1);communication_scores(-1),0,"[1699, 1635, 1670, 1670, 1668]","[5, 5, 5, 5, 5]",202.94
database,25,0,5c089f90071a9abb4a9b2c5e,True,1.0,5,[],"[-1, -1, -1, -1, -1]",None,None,27973,0,planning_scores(-1);communication_scores(-1),0,"[1316, 872, 952, 860, 989]","[5, 5, 5, 5, 5]",197.26
database,25,1,2d38afb274bd30c8c71256e8,True,1.0,5,[],"[-1, -1, -1, -1]",None,None,36589,0,planning_scores(-1);communication_scores(-1),0,"[891, 1560, 931, 914, 643]","[5, 5, 5, 5, 5]",203.47
database,91,0,d7012c98331a4ccd63a4ba0e,True,1.0,5,[],"[-1, -1, -1, -1]",None,None,39722,0,planning_scores(-1);communication_scores(-1),0,"[1072, 1449, 1628, 1235, 1024]","[5, 5, 5, 5, 2]",213.6
database,91,1,ce8df6e7de358c7e6c3a00c8,True,1.0,5,[],"[-1, -1, -1, -1, -1]",None,None,27618,0,planning_scores(-1);communication_scores(-1),0,"[1183, 1302, 1113, 1106, 1106]","[5, 5, 5, 5, 5]",196.97
minecraft,9,0,e08c02f586f2d1d33933564c,True,1.0,20,"[-1, -1, -1, -1, -1, -1, -1, -1, -1, -1, -1, -1, -1, -1, -1, -1, -1, -1, -1, -1]","[-1, -1, -1, -1, -1, -1, -1, -1, -1, -1, -1, -1, -1, -1, -1, -1, -1, -1, -1, -1]",None,None,418050,0,task_evaluation;planning_scores(-1);communication_scores(-1),0,"[1506, 760, 1102, 1193, 1098, 1412, 1098, 1193, 1412, 1412, 1075, 1098, 1098, 1098, 1412, 1278, 1098, 1098, 1296, 1098]","[1, 1, 0, 0, 0, 0, 0, 0, 0, 0, 0, 0, 0, 0, 0, 0, 0, 0, 0, 0]",353.81
minecraft,9,1,b8cc47018d6364bd9e96ce62,True,1.0,20,"[-1, -1, -1, -1, -1, -1, -1, -1, -1, -1, -1, -1, -1, -1, -1, -1, -1, -1, -1, -1]","[-1, -1, -1, -1, -1, -1, -1, -1, -1, -1, -1, -1, -1, -1, -1, -1, -1, -1, -1, -1]",None,None,438260,0,task_evaluation;planning_scores(-1);communication_scores(-1),0,"[1946, 1077, 1098, 1098, 1098, 1098, 1098, 1309, 1098, 1205, 1098, 1098, 1215, 1037, 1098, 1313, 1098, 1176, 1170, 1058]","[1, 1, 0, 0, 0, 0, 0, 0, 0, 0, 0, 0, 0, 0, 0, 0, 0, 0, 0, 0]",409.52
minecraft,6,0,1475fc461ac43d9aedc66b93,True,1.0,20,"[-1, -1, -1, -1, -1, -1, -1, -1, -1, -1, -1, -1, -1, -1, -1, -1, -1, -1, -1, -1]","[-1, -1, -1, -1, -1, -1, -1, -1, -1, -1, -1, -1, -1, -1, -1, -1, -1, -1, -1, -1]",None,None,427733,0,task_evaluation;planning_scores(-1);communication_scores(-1),0,"[1121, 1287, 1412, 1412, 1098, 1317, 1412, 1412, 1305, 1098, 1098, 1412, 1098, 1098, 1412, 1412, 1412, 1412, 1263, 1412]","[1, 1, 0, 0, 0, 0, 0, 0, 0, 0, 0, 0, 0, 0, 0, 0, 0, 0, 0, 0]",366.13
minecraft,6,1,cf598a319c8a3686406f46d0,True,1.0,20,"[-1, -1, -1, -1, -1, -1, -1, -1, -1, -1, -1, -1, -1, -1, -1, -1, -1, -1, -1, -1]","[-1, -1, -1, -1, -1, -1, -1, -1, -1, -1, -1, -1, -1, -1, -1, -1, -1, -1, -1, -1]",None,None,460014,0,task_evaluation;planning_scores(-1);communication_scores(-1),0,"[2464, 621, 1198, 992, 1107, 1137, 1347, 1306, 1058, 1058, 1306, 1096, 1058, 1357, 1058, 1058, 1058, 1306, 1366, 1058]","[2, 1, 1, 1, 1, 1, 1, 1, 1, 1, 1, 1, 1, 1, 1, 1, 1, 1, 1, 1]",365.18
minecraft,85,0,0ec05bac96af40a0f80601ce,True,1.0,20,"[-1, -1, -1, -1, -1, -1, -1, -1, -1, -1, -1, -1, -1, -1, -1, -1, -1, -1, -1, -1]","[-1, -1, -1, -1, -1, -1, -1, -1, -1, -1, -1, -1, -1, -1, -1, -1, -1, -1, -1, -1]",None,None,515020,0,task_evaluation;planning_scores(-1);communication_scores(-1),0,"[1830, 1203, 949, 750, 1098, 1263, 1412, 1412, 1412, 1098, 1098, 1098, 1279, 1185, 722, 1412, 1238, 1412, 1175, 1301]","[2, 0, 1, 1, 0, 0, 0, 0, 0, 0, 0, 0, 0, 0, 1, 0, 0, 0, 0, 0]",416.25
minecraft,85,1,b6cf3c324134278d697dc829,True,1.0,20,"[-1, -1, -1, -1, -1, -1, -1, -1, -1, -1, -1, -1, -1, -1, -1, -1, -1, -1, -1, -1]","[-1, -1, -1, -1, -1, -1, -1, -1, -1, -1, -1, -1, -1, -1, -1, -1, -1, -1, -1, -1]",None,None,516214,0,task_evaluation;planning_scores(-1);communication_scores(-1),0,"[1324, 955, 578, 873, 1412, 1098, 1098, 1412, 1098, 1007, 1412, 1098, 1412, 1177, 1559, 1098, 1412, 1412, 1098, 1283]","[1, 1, 1, 1, 0, 0, 0, 0, 0, 0, 0, 0, 0, 0, 0, 0, 0, 0, 0, 0]",363.89
minecraft,30,0,7e00f7005deffb31b1dc2493,True,1.0,20,"[-1, -1, -1, -1, -1, -1, -1, -1, -1, -1, -1, -1, -1, -1, -1, -1, -1, -1, -1, -1]","[-1, -1, -1, -1, -1, -1, -1, -1, -1, -1, -1, -1, -1, -1, -1, -1, -1, -1, -1, -1]",None,None,453232,0,task_evaluation;planning_scores(-1);communication_scores(-1),0,"[1851, 1263, 1700, 931, 1098, 1096, 1098, 1367, 1098, 1412, 1098, 1098, 1089, 1585, 1094, 1255, 1307, 1098, 1380, 1087]","[1, 0, 1, 1, 0, 0, 0, 0, 0, 0, 0, 0, 0, 0, 0, 0, 0, 0, 0, 0]",346.4
minecraft,30,1,4792cffc087ea8e8903320f6,True,1.0,20,"[-1, -1, -1, -1, -1, -1, -1, -1, -1, -1, -1, -1, -1, -1, -1, -1, -1, -1, -1, -1]","[-1, -1, -1, -1, -1, -1, -1, -1, -1, -1, -1, -1, -1, -1, -1, -1, -1, -1, -1, -1]",None,None,473053,0,task_evaluation;planning_scores(-1);communication_scores(-1),0,"[1300, 1094, 759, 1101, 1393, 1109, 1227, 1098, 1263, 1075, 1036, 1143, 1374, 1412, 1277, 1412, 1412, 1106, 1098, 1412]","[1, 0, 1, 1, 1, 0, 0, 0, 0, 0, 0, 0, 0, 0, 0, 0, 0, 0, 0, 0]",387.32
minecraft,99,0,024cddc7a81b1dc016ff4b81,True,1.0,20,"[-1, -1, -1, -1, -1, -1, -1, -1, -1, -1, -1, -1, -1, -1, -1, -1, -1, -1, -1, -1]","[-1, -1, -1, -1, -1, -1, -1, -1, -1, -1, -1, -1, -1, -1, -1, -1, -1, -1, -1, -1]",None,None,552946,0,task_evaluation;planning_scores(-1);communication_scores(-1),0,"[1482, 1128, 1083, 975, 1576, 1412, 877, 1620, 1412, 1098, 1479, 1412, 1411, 1098, 1412, 1412, 1412, 1109, 1518, 1097]","[1, 1, 1, 1, 0, 0, 1, 0, 0, 0, 0, 0, 0, 0, 0, 0, 0, 0, 0, 1]",410.48
minecraft,99,1,851a57c11afad7af179d4409,True,1.0,20,"[-1, -1, -1, -1, -1, -1, -1, -1, -1, -1, -1, -1, -1, -1, -1, -1, -1, -1, -1, -1]","[-1, -1, -1, -1, -1, -1, -1, -1, -1, -1, -1, -1, -1, -1, -1, -1, -1, -1, -1, -1]",None,None,531513,0,task_evaluation;planning_scores(-1);communication_scores(-1),0,"[1585, 1412, 1083, 1065, 988, 764, 1412, 1367, 1412, 1395, 1231, 1412, 1098, 1058, 1263, 1412, 1077, 1098, 1412, 1098]","[1, 0, 1, 1, 1, 1, 0, 0, 0, 0, 0, 0, 0, 0, 0, 0, 0, 0, 0, 0]",345.83
minecraft,38,0,9fdd0242f9f8806dcaa5feed,True,1.0,20,"[-1, -1, -1, -1, -1, -1, -1, -1, -1, -1, -1, -1, -1, -1, -1, -1, -1, -1, -1, -1]","[-1, -1, -1, -1, -1, -1, -1, -1, -1, -1, -1, -1, -1, -1, -1, -1, -1, -1, -1, -1]",None,None,600859,0,task_evaluation;planning_scores(-1);communication_scores(-1),0,"[2439, 1548, 893, 1692, 805, 1123, 1098, 953, 1027, 1412, 1263, 1281, 1098, 1098, 1412, 1098, 1301, 1415, 1094, 1269]","[2, 2, 1, 1, 1, 1, 0, 1, 1, 0, 0, 0, 0, 0, 0, 0, 0, 0, 0, 0]",405.21
minecraft,38,1,4edee52bf3c7649700f63e0e,True,1.0,20,"[-1, -1, -1, -1, -1, -1, -1, -1, -1, -1, -1, -1, -1, -1, -1, -1, -1, -1, -1, -1]","[-1, -1, -1, -1, -1, -1, -1, -1, -1, -1, -1, -1, -1, -1, -1, -1, -1, -1, -1, -1]",None,None,422964,0,task_evaluation;planning_scores(-1);communication_scores(-1),0,"[889, 1421, 2083, 1412, 1412, 1232, 1412, 1412, 1281, 1048, 1407, 1412, 1098, 1412, 1468, 1412, 1098, 1412, 1412, 1412]","[1, 0, 1, 0, 0, 0, 0, 0, 0, 0, 0, 0, 0, 0, 0, 0, 0, 0, 0, 0]",387.54
minecraft,11,0,719f5a51e6387df7da267f62,True,1.0,20,"[-1, -1, -1, -1, -1, -1, -1, -1, -1, -1, -1, -1, -1, -1, -1, -1, -1, -1, -1, -1]","[-1, -1, -1, -1, -1, -1, -1, -1, -1, -1, -1, -1, -1, -1, -1, -1, -1, -1, -1, -1]",None,None,556780,0,task_evaluation;planning_scores(-1);communication_scores(-1),0,"[984, 1326, 1092, 1098, 1311, 593, 966, 660, 660, 660, 917, 917, 656, 917, 759, 656, 656, 917, 660, 917]","[2, 1, 1, 0, 1, 1, 1, 1, 1, 1, 1, 1, 1, 1, 1, 1, 1, 1, 1, 1]",367.63
minecraft,11,1,1ca75705ec221fdcd3a07573,True,1.0,20,"[-1, -1, -1, -1, -1, -1, -1, -1, -1, -1, -1, -1, -1, -1, -1, -1, -1, -1, -1, -1]","[-1, -1, -1, -1, -1, -1, -1, -1, -1, -1, -1, -1, -1, -1, -1, -1, -1, -1, -1, -1]",None,None,499731,0,task_evaluation;planning_scores(-1);communication_scores(-1),0,"[2193, 1051, 1412, 1636, 1412, 1412, 1168, 1417, 1412, 1379, 1227, 1528, 1407, 1263, 1263, 1241, 1318, 1412, 1063, 1412]","[2, 1, 0, 0, 0, 0, 0, 0, 0, 0, 0, 0, 0, 0, 0, 0, 0, 0, 0, 0]",419.07
minecraft,13,0,c9da1357a0b7a787f061ceaf,True,1.0,20,"[-1, -1, -1, -1, -1, -1, -1, -1, -1, -1, -1, -1, -1, -1, -1, -1, -1, -1, -1, -1]","[-1, -1, -1, -1, -1, -1, -1, -1, -1, -1, -1, -1, -1, -1, -1, -1, -1, -1, -1, -1]",None,None,540911,0,task_evaluation;planning_scores(-1);communication_scores(-1),0,"[2654, 1472, 1313, 1314, 1098, 1227, 1412, 1227, 1412, 1075, 1412, 1098, 1098, 1476, 1412, 1412, 1076, 1098, 1172, 1412]","[2, 2, 0, 0, 0, 0, 0, 0, 0, 0, 0, 0, 0, 0, 0, 0, 0, 0, 0, 0]",426.89
minecraft,13,1,e38f48a62dbb77100bdbbdb5,True,1.0,20,"[-1, -1, -1, -1, -1, -1, -1, -1, -1, -1, -1, -1, -1, -1, -1, -1, -1, -1, -1, -1]","[-1, -1, -1, -1, -1, -1, -1, -1, -1, -1, -1, -1, -1, -1, -1, -1, -1, -1, -1, -1]",None,None,1435277,0,task_evaluation;planning_scores(-1);communication_scores(-1),0,"[918, 1098, 2573, 980, 800, 857, 793, 1223, 2033, 1079, 861, 973, 1239, 913, 724, 1359, 1230, 1280, 1394, 1346]","[1, 0, 1, 1, 1, 1, 1, 2, 2, 2, 2, 2, 2, 2, 1, 2, 2, 2, 2, 2]",573.0
minecraft,49,0,57e583d9aca2680052367110,True,1.0,20,"[-1, -1, -1, -1, -1, -1, -1, -1, -1, -1, -1, -1, -1, -1, -1, -1, -1, -1, -1, -1]","[-1, -1, -1, -1, -1, -1, -1, -1, -1, -1, -1, -1, -1, -1, -1, -1, -1, -1, -1, -1]",None,None,347137,0,task_evaluation;planning_scores(-1);communication_scores(-1),0,"[1886, 1412, 594, 1340, 1098, 1412, 1412, 1412, 1098, 1412, 1175, 1412, 1384, 1034, 1319, 1412, 1316, 1412, 1316, 1412]","[1, 0, 1, 0, 0, 0, 0, 0, 0, 0, 0, 0, 0, 0, 0, 0, 0, 0, 0, 0]",341.31
minecraft,49,1,2b59b947d6784367d79afced,True,1.0,20,"[-1, -1, -1, -1, -1, -1, -1, -1, -1, -1, -1, -1, -1, -1, -1, -1, -1, -1, -1, -1]","[-1, -1, -1, -1, -1, -1, -1, -1, -1, -1, -1, -1, -1, -1, -1, -1, -1, -1, -1, -1]",None,None,506247,0,task_evaluation;planning_scores(-1);communication_scores(-1),0,"[1859, 1098, 1562, 1332, 1426, 1378, 1267, 1454, 1461, 1461, 1651, 1851, 2291, 1461, 1233, 1479, 1644, 1390, 1412, 1606]","[1, 0, 1, 1, 1, 1, 1, 1, 1, 1, 1, 1, 1, 1, 1, 1, 1, 1, 0, 1]",443.35
minecraft,36,0,582ed74ce126382e164908ea,True,1.0,20,"[-1, -1, -1, -1, -1, -1, -1, -1, -1, -1, -1, -1, -1, -1, -1, -1, -1, -1, -1, -1]","[-1, -1, -1, -1, -1, -1, -1, -1, -1, -1, -1, -1, -1, -1, -1, -1, -1, -1, -1, -1]",None,None,518373,0,task_evaluation;planning_scores(-1);communication_scores(-1),0,"[1640, 1155, 1412, 1412, 1412, 1534, 2006, 1412, 1316, 1393, 1210, 1412, 1412, 1412, 1412, 1412, 1314, 1098, 1098, 1098]","[1, 2, 0, 0, 0, 0, 0, 0, 0, 0, 0, 0, 0, 0, 0, 0, 0, 0, 0, 0]",418.14
minecraft,36,1,372e2509e5c601ea59d1c6c9,True,1.0,20,"[-1, -1, -1, -1, -1, -1, -1, -1, -1, -1, -1, -1, -1, -1, -1, -1, -1, -1, -1, -1]","[-1, -1, -1, -1, -1, -1, -1, -1, -1, -1, -1, -1, -1, -1, -1, -1, -1, -1, -1, -1]",None,None,407130,0,task_evaluation;planning_scores(-1);communication_scores(-1),0,"[1787, 1270, 1412, 974, 972, 1412, 972, 1215, 1175, 1098, 1412, 1089, 1412, 1412, 1412, 1412, 1412, 1412, 1412, 1412]","[1, 1, 0, 1, 1, 0, 1, 0, 0, 0, 0, 0, 0, 0, 0, 0, 0, 0, 0, 0]",320.57
minecraft,59,0,08d00fe003fba511688173e3,True,1.0,20,"[-1, -1, -1, -1, -1, -1, -1, -1, -1, -1, -1, -1, -1, -1, -1, -1, -1, -1, -1, -1]","[-1, -1, -1, -1, -1, -1, -1, -1, -1, -1, -1, -1, -1, -1, -1, -1, -1, -1, -1, -1]",None,None,416191,0,task_evaluation;planning_scores(-1);communication_scores(-1),0,"[622, 1089, 903, 1002, 1002, 738, 733, 738, 842, 728, 729, 1002, 1002, 1516, 1013, 681, 842, 1019, 733, 1002]","[1, 2, 2, 1, 1, 1, 1, 1, 1, 1, 1, 1, 1, 1, 1, 1, 1, 1, 1, 1]",310.52
minecraft,59,1,a4cc51b85eeb14f59736fec1,True,1.0,20,"[-1, -1, -1, -1, -1, -1, -1, -1, -1, -1, -1, -1, -1, -1, -1, -1, -1, -1, -1, -1]","[-1, -1, -1, -1, -1, -1, -1, -1, -1, -1, -1, -1, -1, -1, -1, -1, -1, -1, -1, -1]",None,None,566210,0,task_evaluation;planning_scores(-1);communication_scores(-1),0,"[1057, 983, 805, 1055, 1412, 1098, 1412, 1152, 1177, 1369, 1277, 1098, 1512, 1090, 1098, 1382, 1369, 1301, 1098, 1412]","[1, 1, 1, 1, 0, 0, 0, 0, 0, 0, 0, 0, 0, 0, 0, 0, 0, 0, 0, 0]",426.49
minecraft,82,0,aa21c143a54ef17fa38291e8,True,1.0,20,"[-1, -1, -1, -1, -1, -1, -1, -1, -1, -1, -1, -1, -1, -1, -1, -1, -1, -1, -1, -1]","[-1, -1, -1, -1, -1, -1, -1, -1, -1, -1, -1, -1, -1, -1, -1, -1, -1, -1, -1, -1]",None,None,452447,0,task_evaluation;planning_scores(-1);communication_scores(-1),0,"[2423, 575, 1109, 1412, 1279, 1316, 1304, 1410, 1456, 1316, 1412, 1187, 1098, 1312, 1412, 1098, 1316, 1412, 1369, 1074]","[1, 1, 1, 0, 0, 0, 0, 0, 0, 0, 0, 0, 0, 0, 0, 0, 0, 0, 0, 0]",346.27
minecraft,82,1,a8357b6b0f6749b80e5d4e55,True,1.0,20,"[-1, -1, -1, -1, -1, -1, -1, -1, -1, -1, -1, -1, -1, -1, -1, -1, -1, -1, -1, -1]","[-1, -1, -1, -1, -1, -1, -1, -1, -1, -1, -1, -1, -1, -1, -1, -1, -1, -1, -1, -1]",None,None,533447,0,task_evaluation;planning_scores(-1);communication_scores(-1),0,"[2464, 996, 860, 1412, 1412, 1217, 1412, 1217, 1254, 1152, 1384, 1412, 1412, 1126, 1170, 1412, 1098, 987, 1083, 1412]","[2, 1, 1, 0, 0, 0, 0, 0, 0, 0, 0, 0, 0, 0, 0, 0, 0, 0, 0, 0]",412.66
minecraft,47,0,6ac580744fe89fea02817a7c,True,1.0,20,"[-1, -1, -1, -1, -1, -1, -1, -1, -1, -1, -1, -1, -1, -1, -1, -1, -1, -1, -1, -1]","[-1, -1, -1, -1, -1, -1, -1, -1, -1, -1, -1, -1, -1, -1, -1, -1, -1, -1, -1, -1]",None,None,350469,0,task_evaluation;planning_scores(-1);communication_scores(-1),0,"[2666, 1175, 1183, 1264, 1400, 1185, 1369, 1281, 1098, 1175, 1342, 1318, 1316, 1375, 1175, 1320, 1378, 1367, 1346, 1412]","[2, 0, 0, 0, 0, 0, 0, 0, 0, 0, 0, 0, 0, 0, 0, 0, 0, 0, 0, 0]",350.87
minecraft,47,1,3a6bca75de27e49153a819c9,True,1.0,20,"[-1, -1, -1, -1, -1, -1, -1, -1, -1, -1, -1, -1, -1, -1, -1, -1, -1, -1, -1, -1]","[-1, -1, -1, -1, -1, -1, -1, -1, -1, -1, -1, -1, -1, -1, -1, -1, -1, -1, -1, -1]",None,None,402166,0,task_evaluation;planning_scores(-1);communication_scores(-1),0,"[795, 1453, 622, 1099, 1345, 1314, 1098, 1042, 1304, 1080, 1098, 1248, 1422, 1206, 1412, 1098, 1003, 1345, 1193, 856]","[1, 1, 1, 1, 1, 0, 0, 0, 0, 0, 0, 1, 1, 0, 0, 0, 1, 1, 1, 1]",380.76
minecraft,21,0,2ca7b67fc9cf1cdabfa8a7e5,True,1.0,20,"[-1, -1, -1, -1, -1, -1, -1, -1, -1, -1, -1, -1, -1, -1, -1, -1, -1, -1, -1, -1]","[-1, -1, -1, -1, -1, -1, -1, -1, -1, -1, -1, -1, -1, -1, -1, -1, -1, -1, -1, -1]",None,None,374290,0,task_evaluation;planning_scores(-1);communication_scores(-1),0,"[2015, 818, 1324, 1098, 1098, 1098, 1155, 1098, 854, 1200, 1208, 1178, 1098, 1098, 1462, 1172, 1459, 1412, 1175, 1316]","[1, 1, 0, 0, 0, 0, 0, 0, 1, 0, 0, 0, 0, 0, 0, 0, 0, 0, 0, 0]",325.62
minecraft,21,1,ec4909a10788336676938848,True,1.0,20,"[-1, -1, -1, -1, -1, -1, -1, -1, -1, -1, -1, -1, -1, -1, -1, -1, -1, -1, -1, -1]","[-1, -1, -1, -1, -1, -1, -1, -1, -1, -1, -1, -1, -1, -1, -1, -1, -1, -1, -1, -1]",None,None,426012,0,task_evaluation;planning_scores(-1);communication_scores(-1),0,"[1736, 883, 1412, 1328, 1391, 1217, 1227, 1412, 1222, 1412, 1346, 1117, 1098, 1412, 1412, 1171, 1098, 1376, 1175, 1297]","[1, 1, 0, 0, 0, 0, 0, 0, 0, 0, 0, 0, 0, 0, 0, 0, 0, 0, 0, 0]",380.92
minecraft,48,0,10749f62e7a7dc3f0eff3d11,True,1.0,20,"[-1, -1, -1, -1, -1, -1, -1, -1, -1, -1, -1, -1, -1, -1, -1, -1, -1, -1, -1, -1]","[-1, -1, -1, -1, -1, -1, -1, -1, -1, -1, -1, -1, -1, -1, -1, -1, -1, -1, -1, -1]",None,None,269874,0,task_evaluation;planning_scores(-1);communication_scores(-1),0,"[1227, 865, 1412, 1194, 1277, 1412, 1412, 1098, 1316, 1098, 967, 1293, 1004, 1412, 1412, 1412, 1161, 1175, 1412, 1175]","[0, 1, 0, 0, 0, 0, 0, 0, 0, 0, 0, 0, 0, 0, 0, 0, 0, 0, 0, 0]",290.39
minecraft,48,1,e8f39823ea46e59d95e01c0b,True,1.0,20,"[-1, -1, -1, -1, -1, -1, -1, -1, -1, -1, -1, -1, -1, -1, -1, -1, -1, -1, -1, -1]","[-1, -1, -1, -1, -1, -1, -1, -1, -1, -1, -1, -1, -1, -1, -1, -1, -1, -1, -1, -1]",None,None,499496,0,task_evaluation;planning_scores(-1);communication_scores(-1),0,"[1867, 1756, 1066, 664, 1412, 1412, 1217, 1412, 1216, 1098, 1098, 1119, 1412, 1175, 1412, 1277, 1412, 1292, 1205, 1244]","[1, 1, 0, 1, 0, 0, 0, 0, 0, 0, 0, 0, 0, 0, 0, 0, 0, 0, 0, 0]",389.42
minecraft,46,0,0d68782474e6b0353a458796,True,1.0,20,"[-1, -1, -1, -1, -1, -1, -1, -1, -1, -1, -1, -1, -1, -1, -1, -1, -1, -1, -1, -1]","[-1, -1, -1, -1, -1, -1, -1, -1, -1, -1, -1, -1, -1, -1, -1, -1, -1, -1, -1, -1]",None,None,637493,0,task_evaluation;planning_scores(-1);communication_scores(-1),0,"[1992, 1332, 645, 1253, 2126, 958, 1412, 1412, 1412, 1175, 1412, 1412, 1412, 1305, 1117, 1236, 1412, 1260, 1293, 1049]","[1, 0, 1, 1, 1, 1, 0, 0, 0, 0, 0, 0, 0, 0, 0, 0, 0, 0, 0, 0]",451.1
minecraft,46,1,3b5c30d9b65a45b6862f5a65,True,1.0,20,"[-1, -1, -1, -1, -1, -1, -1, -1, -1, -1, -1, -1, -1, -1, -1, -1, -1, -1, -1, -1]","[-1, -1, -1, -1, -1, -1, -1, -1, -1, -1, -1, -1, -1, -1, -1, -1, -1, -1, -1, -1]",None,None,951157,0,task_evaluation;planning_scores(-1);communication_scores(-1),0,"[667, 636, 609, 712, 879, 600, 607, 606, 643, 606, 635, 1042, 755, 968, 1042, 1042, 847, 973, 881, 996]","[1, 1, 1, 1, 1, 1, 1, 1, 1, 1, 1, 1, 1, 1, 1, 1, 1, 1, 1, 1]",452.23
minecraft,27,0,e7333e86b433f0691f15d8f8,True,1.0,20,"[-1, -1, -1, -1, -1, -1, -1, -1, -1, -1, -1, -1, -1, -1, -1, -1, -1, -1, -1, -1]","[-1, -1, -1, -1, -1, -1, -1, -1, -1, -1, -1, -1, -1, -1, -1, -1, -1, -1, -1, -1]",None,None,1464130,0,task_evaluation;planning_scores(-1);communication_scores(-1),0,"[1623, 1125, 919, 595, 508, 557, 840, 805, 1264, 856, 1352, 549, 652, 969, 1190, 673, 508, 959, 660, 996]","[1, 0, 1, 1, 1, 1, 1, 1, 1, 1, 1, 1, 1, 1, 1, 1, 1, 1, 1, 1]",581.73
minecraft,27,1,1bf870b993b68eac70cd754f,True,1.0,20,"[-1, -1, -1, -1, -1, -1, -1, -1, -1, -1, -1, -1, -1, -1, -1, -1, -1, -1, -1, -1]","[-1, -1, -1, -1, -1, -1, -1, -1, -1, -1, -1, -1, -1, -1, -1, -1, -1, -1, -1, -1]",None,None,472326,0,task_evaluation;planning_scores(-1);communication_scores(-1),0,"[1210, 961, 1076, 1277, 1217, 1175, 1287, 1292, 1032, 1486, 1329, 1412, 1137, 1105, 1064, 1098, 1096, 1085, 1412, 1355]","[1, 1, 1, 0, 0, 0, 0, 0, 0, 0, 0, 0, 0, 0, 0, 0, 0, 0, 0, 0]",394.61
minecraft,86,0,e89707aaf88eaf7b2b26bda3,True,1.0,20,"[-1, -1, -1, -1, -1, -1, -1, -1, -1, -1, -1, -1, -1, -1, -1, -1, -1, -1, -1, -1]","[-1, -1, -1, -1, -1, -1, -1, -1, -1, -1, -1, -1, -1, -1, -1, -1, -1, -1, -1, -1]",None,None,527869,0,task_evaluation;planning_scores(-1);communication_scores(-1),0,"[1682, 1412, 987, 1661, 1412, 1412, 1170, 1157, 1412, 1412, 1219, 1378, 1313, 1384, 1391, 1098, 1098, 1020, 1630, 1098]","[1, 0, 1, 1, 0, 0, 0, 0, 0, 0, 0, 0, 0, 0, 0, 0, 0, 0, 0, 0]",437.17
minecraft,86,1,3434e44eface86b92144c066,True,1.0,20,"[-1, -1, -1, -1, -1, -1, -1, -1, -1, -1, -1, -1, -1, -1, -1, -1, -1, -1, -1, -1]","[-1, -1, -1, -1, -1, -1, -1, -1, -1, -1, -1, -1, -1, -1, -1, -1, -1, -1, -1, -1]",None,None,511427,0,task_evaluation;planning_scores(-1);communication_scores(-1),0,"[1206, 1396, 1412, 1462, 1106, 1412, 1412, 1315, 1277, 1152, 1292, 1098, 1227, 1098, 1247, 1551, 1651, 1185, 1227, 1193]","[1, 1, 0, 0, 0, 0, 0, 0, 0, 0, 0, 0, 0, 0, 0, 0, 0, 0, 0, 0]",440.94
minecraft,35,0,460f9ffac01eec5ea8068371,True,1.0,20,"[-1, -1, -1, -1, -1, -1, -1, -1, -1, -1, -1, -1, -1, -1, -1, -1, -1, -1, -1, -1]","[-1, -1, -1, -1, -1, -1, -1, -1, -1, -1, -1, -1, -1, -1, -1, -1, -1, -1, -1, -1]",None,None,389017,0,task_evaluation;planning_scores(-1);communication_scores(-1),0,"[1132, 1003, 1412, 1185, 1217, 1181, 1412, 1412, 1284, 1004, 1316, 1263, 1412, 1201, 1098, 1098, 1263, 1098, 1089, 1297]","[1, 1, 0, 0, 0, 0, 0, 0, 0, 0, 0, 0, 0, 0, 0, 0, 0, 0, 0, 0]",360.58
minecraft,35,1,ed9a352031b010629b365df5,True,1.0,20,"[-1, -1, -1, -1, -1, -1, -1, -1, -1, -1, -1, -1, -1, -1, -1, -1, -1, -1, -1, -1]","[-1, -1, -1, -1, -1, -1, -1, -1, -1, -1, -1, -1, -1, -1, -1, -1, -1, -1, -1, -1]",None,None,473858,0,task_evaluation;planning_scores(-1);communication_scores(-1),0,"[1274, 1202, 1175, 1035, 1172, 1098, 1325, 1412, 1098, 1369, 1412, 1224, 1412, 1412, 1065, 1412, 1227, 1098, 1098, 1412]","[1, 1, 0, 1, 0, 0, 0, 0, 0, 0, 0, 0, 0, 0, 0, 0, 0, 0, 0, 0]",362.0
minecraft,90,0,ec1f1c085050e56f5d80f60e,True,1.0,20,"[-1, -1, -1, -1, -1, -1, -1, -1, -1, -1, -1, -1, -1, -1, -1, -1, -1, -1, -1, -1]","[-1, -1, -1, -1, -1, -1, -1, -1, -1, -1, -1, -1, -1, -1, -1, -1, -1, -1, -1, -1]",None,None,495597,0,task_evaluation;planning_scores(-1);communication_scores(-1),0,"[2047, 1111, 942, 1104, 1141, 1109, 1211, 1412, 1412, 1175, 1418, 1332, 1217, 1336, 1098, 1376, 1226, 1673, 1371, 1149]","[1, 1, 1, 0, 0, 0, 0, 0, 0, 0, 0, 0, 0, 0, 0, 0, 0, 0, 0, 0]",381.26
minecraft,90,1,78798997dc913fe9f5b391bd,True,1.0,20,"[-1, -1, -1, -1, -1, -1, -1, -1, -1, -1, -1, -1, -1, -1, -1, -1, -1, -1, -1, -1]","[-1, -1, -1, -1, -1, -1, -1, -1, -1, -1, -1, -1, -1, -1, -1, -1, -1, -1, -1, -1]",None,None,1245312,0,task_evaluation;planning_scores(-1);communication_scores(-1),0,"[1599, 1046, 1146, 898, 843, 882, 963, 1071, 935, 1125, 1075, 1110, 786, 869, 929, 995, 839, 769, 1016, 959]","[1, 1, 0, 1, 1, 1, 1, 1, 1, 1, 1, 1, 1, 1, 1, 1, 1, 1, 1, 1]",534.79
research,88,0,df633fa5e37919b286662526,True,1.0,5,[],[-1],None,None,194655,0,planning_scores(-1);communication_scores(-1),0,"[2369, 2505, 2639, 2377, 2478]","[2, 2, 2, 2, 2]",284.94
research,88,1,da0d1b38a11ee0f3bbda4f19,True,1.0,5,[],"[-1, -1, -1, -1]",None,None,101198,0,planning_scores(-1);communication_scores(-1),0,"[2632, 2576, 2369, 2482, 2271]","[3, 2, 2, 2, 2]",265.39
research,83,0,e40dd839756ba516289e69eb,False,0.0,0,[],[],None,None,0,0,planning_scores(-1);communication_scores(-1),0,[],[],38.77
research,83,1,95cdcb831f198458e03322c0,False,0.0,0,[],[],None,None,0,0,planning_scores(-1);communication_scores(-1),0,[],[],38.78
research,10,0,7b40516f03ae8a9af017299f,True,1.0,5,[],"[-1, -1]",None,None,260423,0,planning_scores(-1);communication_scores(-1),0,"[2467, 2776, 2405, 2728, 2487]","[8, 8, 2, 2, 2]",402.58
research,10,1,65388620132550ec7e566049,True,1.0,5,[],"[-1, -1]",None,None,151301,0,planning_scores(-1);communication_scores(-1),0,"[2792, 2741, 2483, 2767, 2803]","[8, 2, 2, 2, 2]",284.61
research,78,0,51260f38996fa01da6db04e1,True,1.0,1,[],[],None,None,39386,0,planning_scores(-1);communication_scores(-1),0,[3037],[7],87.2
research,78,1,d41d83ba2a9007b97626b66a,True,1.0,1,[],[],None,None,38428,0,planning_scores(-1);communication_scores(-1),0,[2966],[7],85.3
research,82,0,8384760dcb87f979dc5ec562,True,1.0,5,[],"[-1, -1, -1]",None,None,155119,0,planning_scores(-1);communication_scores(-1),0,"[2568, 2462, 3047, 2807, 3107]","[5, 2, 4, 2, 2]",298.78
research,82,1,12fb91ac46302b1b81a0478a,True,1.0,5,[],"[-1, -1, -1]",None,None,186039,0,planning_scores(-1);communication_scores(-1),0,"[2859, 2971, 3056, 2472, 2999]","[5, 5, 5, 5, 5]",338.58
research,22,0,6efa98583f32924cc6ec046b,True,1.0,5,[],"[-1, -1, -1]",None,None,100817,0,planning_scores(-1);communication_scores(-1),0,"[2461, 2693, 2462, 2664, 3091]","[4, 1, 2, 2, 2]",257.46
research,22,1,06c25ec3f6438a1b4a5f7516,True,1.0,5,[],"[-1, -1, -1, -1]",None,None,112496,0,planning_scores(-1);communication_scores(-1),0,"[2690, 2741, 2585, 2842, 2980]","[4, 2, 2, 2, 2]",268.87
research,69,0,a8ec6bd1edf524834f7e6a6e,True,1.0,2,[],[],None,None,94977,0,planning_scores(-1);communication_scores(-1),0,"[2811, 2575]","[6, 6]",169.72
research,69,1,75c5a711e2cddc19c8692521,True,1.0,5,[],"[-1, -1, -1]",None,None,210759,0,planning_scores(-1);communication_scores(-1),0,"[2645, 3019, 3126, 2373, 2500]","[6, 6, 5, 1, 1]",353.81
research,94,0,5a2d7546e8b8083446374071,True,1.0,5,[],[-1],None,None,254811,0,planning_scores(-1);communication_scores(-1),0,"[2713, 2734, 2906, 2651, 2264]","[6, 6, 6, 2, 1]",348.42
research,94,1,38120411a5f3c8d5c47fb035,True,1.0,5,[],"[-1, -1, -1, -1]",None,None,155285,0,planning_scores(-1);communication_scores(-1),0,"[2779, 2673, 2317, 2203, 2685]","[6, 6, 2, 2, 2]",304.09
research,32,0,8b8419305f69673ab7148e59,True,1.0,5,[],"[-1, -1, -1, -1, -1]",None,None,50853,0,planning_scores(-1);communication_scores(-1),0,"[2821, 2779, 2885, 2989, 2492]","[1, 1, 1, 1, 1]",212.06
research,32,1,b68d472f07babbb3f0b764d4,True,1.0,5,[],"[-1, -1, -1, -1, -1]",None,None,50807,0,planning_scores(-1);communication_scores(-1),0,"[3259, 2729, 2363, 2353, 2740]","[1, 1, 1, 1, 1]",212.09
research,21,0,87ab67445780a21a59cac1ef,True,1.0,5,[],"[-1, -1, -1]",None,None,171728,0,planning_scores(-1);communication_scores(-1),0,"[3097, 2932, 3051, 2561, 2688]","[4, 4, 4, 2, 2]",313.27
research,21,1,45db24e652273714bcd30826,True,1.0,5,[],"[-1, -1]",None,None,141647,0,planning_scores(-1);communication_scores(-1),0,"[2708, 3214, 2715, 3110, 3110]","[4, 2, 2, 2, 2]",280.52
research,60,0,0aa15cc6fa551599b09e5183,True,1.0,5,[],"[-1, -1]",None,None,132297,0,planning_scores(-1);communication_scores(-1),0,"[2651, 2569, 2931, 3003, 2444]","[4, 2, 2, 2, 2]",278.62
research,60,1,fb5e128b7b5bafeb26f020e1,True,1.0,5,[],[],None,None,185763,0,planning_scores(-1);communication_scores(-1),0,"[2872, 3091, 2944, 2716, 2704]","[4, 4, 2, 2, 2]",319.45
research,49,0,2ac3da3e7bf312e305c29379,True,1.0,5,[],"[-1, -1, -1, -1, -1]",None,None,67894,0,planning_scores(-1);communication_scores(-1),0,"[2928, 2779, 2767, 2559, 2681]","[2, 2, 2, 2, 2]",233.7
research,49,1,af135ed63ae92a31097d86c0,True,1.0,5,[],"[-1, -1, -1, -1, -1]",None,None,66137,0,planning_scores(-1);communication_scores(-1),0,"[2510, 2562, 2369, 2618, 2440]","[2, 2, 2, 2, 2]",230.97
research,35,0,d4896fc43302237a1e1cb49e,True,1.0,5,[],"[-1, -1, -1, -1]",None,None,85016,0,planning_scores(-1);communication_scores(-1),0,"[3047, 2554, 3097, 2862, 3099]","[3, 3, 2, 2, 2]",250.25
research,35,1,5ec385047a18511793513c28,True,1.0,5,[],"[-1, -1, -1, -1]",None,None,72389,0,planning_scores(-1);communication_scores(-1),0,"[2530, 2881, 2824, 2422, 3046]","[3, 2, 2, 2, 2]",240.62
research,89,0,44ffcbcd1079526a3757fc53,True,1.0,5,[],[-1],None,None,146627,0,planning_scores(-1);communication_scores(-1),0,"[2875, 2454, 2560, 2500, 2601]","[4, 2, 2, 2, 2]",282.26
research,89,1,949e412c94cfb21ec85237e0,True,1.0,5,[],[-1],None,None,160826,0,planning_scores(-1);communication_scores(-1),0,"[2580, 2742, 2838, 2765, 2687]","[3, 4, 4, 2, 2]",292.17
research,72,0,1fa70733ef16c17883729eed,True,1.0,5,[],"[-1, -1, -1, -1, -1]",None,None,68665,0,planning_scores(-1);communication_scores(-1),0,"[2712, 2673, 2979, 2470, 3091]","[2, 2, 2, 2, 2]",235.11
research,72,1,9bd58d38dceb3908a099227e,True,1.0,5,[],"[-1, -1, -1, -1]",None,None,82106,0,planning_scores(-1);communication_scores(-1),0,"[2483, 2748, 2521, 2429, 2399]","[2, 2, 2, 2, 2]",237.76
research,29,0,002790a79a7102066a0eb537,True,1.0,2,[],[-1],None,None,162614,0,planning_scores(-1);communication_scores(-1),0,"[2753, 3024]","[8, 8]",213.57
research,29,1,c3b6ae568eaf0836419dc780,True,1.0,4,[],"[-1, -1]",None,None,220475,0,planning_scores(-1);communication_scores(-1),0,"[2840, 2911, 2840, 2573]","[8, 8, 8, 7]",342.48
research,42,0,9aa59741b73f849113a863aa,True,1.0,5,[],"[-1, -1, -1, -1]",None,None,85397,0,planning_scores(-1);communication_scores(-1),0,"[2806, 2912, 2787, 2807, 3118]","[3, 2, 2, 2, 2]",251.31
research,42,1,b67dc01d88a61a1575c7f898,True,1.0,5,[],"[-1, -1]",None,None,127242,0,planning_scores(-1);communication_scores(-1),0,"[2948, 2827, 2710, 3059, 2846]","[2, 2, 2, 2, 2]",271.44
research,99,0,4ee086fd9c8cad1707bd2b74,True,1.0,5,[],"[-1, -1, -1, -1]",None,None,90403,0,planning_scores(-1);communication_scores(-1),0,"[2719, 2931, 2645, 2771, 2992]","[2, 2, 2, 2, 2]",250.27
research,99,1,f62e7d271133f7110726d97f,True,1.0,5,[],"[-1, -1, -1, -1]",None,None,111649,0,planning_scores(-1);communication_scores(-1),0,"[3242, 2663, 3163, 2806, 3110]","[2, 2, 2, 2, 2]",270.22
research,100,0,6c1a9c489b2f62afbe1e6127,True,1.0,2,[],[],None,None,247637,0,planning_scores(-1);communication_scores(-1),0,"[2373, 2890]","[10, 8]",287.94
research,100,1,2faeb0efc16f2c9c84ff4567,True,1.0,5,[],"[-1, -1]",None,None,633046,0,planning_scores(-1);communication_scores(-1),0,"[2887, 2819, 3146, 2961, 2882]","[9, 9, 10, 10, 2]",587.87
research,8,0,dfb494ddc00f85d5dca2f0d6,True,1.0,5,[],"[-1, -1, -1, -1]",None,None,93537,0,planning_scores(-1);communication_scores(-1),0,"[2430, 2309, 2575, 2399, 2368]","[2, 2, 2, 2, 2]",239.99
research,8,1,a7e13062346b975a579d7e2c,True,1.0,5,[],"[-1, -1, -1, -1]",None,None,133936,0,planning_scores(-1);communication_scores(-1),0,"[2979, 2491, 2395, 2582, 2471]","[5, 2, 2, 2, 2]",303.6
